{"type": "FeatureCollection", "features": [{"type": "Feature", "properties": {"name": "Cabean", "kecamatan": "Semarang Barat", "osm_id": 8034298}, "geometry": {"type": "Polygon", "coordinates": [[[110.3953738, -6.9815761], [110.3999537, -6.9807308], [110.4008335, -6.9806722], [110.4014611, -6.9809278], [110.4019493, -6.9810609], [110.4021263, -6.9839256], [110.3994709, -6.9840374], [110.3991437, -6.9839948], [110.3975397, -6.9840108], [110.3970623, -6.9840534], [110.3965473, -6.9841731], [110.3956246, -6.9823335], [110.3953738, -6.9815761]]]}}, {"type": "Feature", "properties": {"name": "Bojongsalaman", "kecamatan": "Semarang Barat", "osm_id": 8034429}, "geometry": {"type": "Polygon", "coordinates": [[[110.3965473, -6.9841731], [110.3970623, -6.9840534], [110.3975397, -6.9840108], [110.3991437, -6.9839948], [110.3994709, -6.9840374], [110.4021263, -6.9839256], [110.4023112, -6.9860661], [110.4025266, -6.9908556], [110.4024911, -6.9922958], [110.4013646, -6.9928708], [110.4008925, -6.9928655], [110.3993046, -6.9925088], [110.3990471, -6.9924023], [110.3983605, -6.99179], [110.3972608, -6.9909487], [110.3955013, -6.9898678], [110.3957158, -6.9889147], [110.3961235, -6.9878232], [110.3965419, -6.9869286], [110.3967136, -6.9857998], [110.3966331, -6.9846337], [110.3965473, -6.9841731]]]}}, {"type": "Feature", "properties": {"name": "Jatingaleh", "kecamatan": "Candisari", "osm_id": 8034444}, "geometry": {"type": "Polygon", "coordinates": [[[110.4242277, -7.0202593], [110.425542, -7.0190161], [110.426757, -7.0180817], [110.4271983, -7.0176771], [110.4277615, -7.0180312], [110.4279426, -7.0182468], [110.4279292, -7.018694], [110.4276542, -7.0199905], [110.4276408, -7.020238], [110.4279345, -7.0210553], [110.4282081, -7.0221614], [110.4283556, -7.023555], [110.4282457, -7.0268906], [110.4283838, -7.0279035], [110.4289913, -7.0302887], [110.4289685, -7.0304018], [110.4288532, -7.0304963], [110.4283194, -7.0307239], [110.4282255, -7.0308078], [110.4281665, -7.0309569], [110.4281732, -7.0310979], [110.4261643, -7.0310753], [110.4216796, -7.0314453], [110.4204458, -7.0314986], [110.4181391, -7.0313122], [110.4184502, -7.0281204], [110.4186165, -7.0271701], [110.4189384, -7.0259828], [110.4190738, -7.0256274], [110.4193407, -7.0251522], [110.4195902, -7.0247636], [110.4200362, -7.0242654], [110.421634, -7.0228575], [110.4242277, -7.0202593]]]}}, {"type": "Feature", "properties": {"name": "Karangturi", "kecamatan": "Semarang Timur", "osm_id": 8034542}, "geometry": {"type": "Polygon", "coordinates": [[[110.4316065, -6.9855016], [110.4347876, -6.9852727], [110.4341948, -6.9922066], [110.4339024, -6.9950459], [110.4319927, -6.9942925], [110.4320209, -6.9935084], [110.4319176, -6.9904854], [110.4316065, -6.9855016]]]}}, {"type": "Feature", "properties": {"name": "Karangtempel", "kecamatan": "Semarang Timur", "osm_id": 8037430}, "geometry": {"type": "Polygon", "coordinates": [[[110.4347876, -6.9852727], [110.4389074, -6.9856507], [110.4409379, -6.9858823], [110.4408065, -6.9863177], [110.4405775, -6.987525], [110.4401641, -6.9902312], [110.4398261, -6.9919298], [110.4398167, -6.992799], [110.4392605, -6.9960516], [110.4392199, -6.9962239], [110.4387967, -6.9970773], [110.4339024, -6.9950459], [110.4341948, -6.9922066], [110.4347876, -6.9852727]]]}}, {"type": "Feature", "properties": {"name": "Brumbungan", "kecamatan": "Semarang Tengah", "osm_id": 8037508}, "geometry": {"type": "Polygon", "coordinates": [[[110.4290047, -6.9806536], [110.4289082, -6.9855655], [110.4223099, -6.9859409], [110.4220583, -6.9843438], [110.4217494, -6.9828127], [110.4236966, -6.9823708], [110.4236323, -6.9820087], [110.4237395, -6.9818862], [110.4249734, -6.9815668], [110.4255366, -6.9815774], [110.4266256, -6.9814549], [110.4290047, -6.9806536]]]}}, {"type": "Feature", "properties": {"name": "Gabahan", "kecamatan": "Semarang Tengah", "osm_id": 8037540}, "geometry": {"type": "Polygon", "coordinates": [[[110.4257432, -6.9788219], [110.427162, -6.9780951], [110.4274625, -6.9778874], [110.4279238, -6.977536], [110.4281437, -6.9772485], [110.4287204, -6.9783054], [110.4290262, -6.9793836], [110.4290664, -6.9798043], [110.4290047, -6.9806536], [110.4266256, -6.9814549], [110.4255366, -6.9815774], [110.4249734, -6.9815668], [110.4237395, -6.9818862], [110.4236323, -6.9820087], [110.4236966, -6.9823708], [110.4217494, -6.9828127], [110.4213202, -6.9804672], [110.4225406, -6.9800199], [110.422672, -6.9789683], [110.4228437, -6.9789044], [110.4234302, -6.9791063], [110.4236014, -6.9790828], [110.423809, -6.979146], [110.423907, -6.9794012], [110.4242143, -6.9798362], [110.4243109, -6.9799055], [110.424512, -6.9799268], [110.4247293, -6.9798629], [110.4249144, -6.9796818], [110.4249895, -6.9791973], [110.4251075, -6.9789736], [110.4252765, -6.9789018], [110.4257432, -6.9788219]]]}}, {"type": "Feature", "properties": {"name": "Dadapsari", "kecamatan": "Semarang Utara", "osm_id": 8040073}, "geometry": {"type": "Polygon", "coordinates": [[[110.415414, -6.9678157], [110.4158378, -6.9661357], [110.4171199, -6.9657789], [110.4178333, -6.965502], [110.4203352, -6.9646993], [110.4209796, -6.9645489], [110.4215777, -6.9644424], [110.4216877, -6.9647725], [110.4221919, -6.9645303], [110.4223797, -6.9642347], [110.4226613, -6.9644131], [110.4228893, -6.9648684], [110.4229081, -6.9650787], [110.4228035, -6.9656218], [110.4222697, -6.966796], [110.4222026, -6.9671527], [110.4222684, -6.9674895], [110.4224883, -6.9676812], [110.4228651, -6.9678316], [110.4236323, -6.9679594], [110.4246917, -6.9683535], [110.4250056, -6.9687342], [110.4239729, -6.9698018], [110.4236591, -6.96969], [110.4227525, -6.9698204], [110.4214141, -6.9703556], [110.420769, -6.9706831], [110.4201092, -6.9685478], [110.418587, -6.9687715], [110.4172915, -6.9697805], [110.4161328, -6.9685106], [110.415414, -6.9678157]]]}}, {"type": "Feature", "properties": {"name": "Salaman Mloyo", "kecamatan": "Semarang Barat", "osm_id": 8040128}, "geometry": {"type": "Polygon", "coordinates": [[[110.3900886, -6.9875676], [110.3902924, -6.9866464], [110.3902227, -6.9848148], [110.3901154, -6.9839682], [110.3898793, -6.9831961], [110.3917783, -6.982637], [110.39298, -6.9822004], [110.3941762, -6.9818543], [110.3953738, -6.9815761], [110.3956246, -6.9823335], [110.3965473, -6.9841731], [110.3966331, -6.9846337], [110.3967136, -6.9857998], [110.3965419, -6.9869286], [110.3961235, -6.9878232], [110.3957158, -6.9889147], [110.3955013, -6.9898678], [110.3938168, -6.9889147], [110.3930336, -6.9883876], [110.3923255, -6.9879882], [110.3914082, -6.9876421], [110.3900886, -6.9875676]]]}}, {"type": "Feature", "properties": {"name": "Purwosari", "kecamatan": "Semarang Utara", "osm_id": 8040155}, "geometry": {"type": "Polygon", "coordinates": [[[110.4114457, -6.9669424], [110.4126231, -6.9667361], [110.4139267, -6.9666003], [110.4142968, -6.966595], [110.4144484, -6.9666482], [110.4150707, -6.9674656], [110.4161328, -6.9685106], [110.4172915, -6.9697805], [110.418587, -6.9687715], [110.4201092, -6.9685478], [110.420769, -6.9706831], [110.4197095, -6.9711756], [110.4181565, -6.9720009], [110.4141292, -6.9738779], [110.4138717, -6.9740177], [110.4137148, -6.9741788], [110.4133983, -6.9747938], [110.4131716, -6.9747152], [110.412709, -6.9744064], [110.4125668, -6.9741894], [110.4125105, -6.9739565], [110.4123884, -6.9716242], [110.412021, -6.9687595], [110.4114457, -6.9669424]]]}}, {"type": "Feature", "properties": {"name": "Bulustalan", "kecamatan": "Semarang Selatan", "osm_id": 8040985}, "geometry": {"type": "Polygon", "coordinates": [[[110.4023112, -6.9860661], [110.4019493, -6.9810609], [110.4066217, -6.9832147], [110.4054362, -6.985925], [110.4049078, -6.9870112], [110.4043928, -6.9886884], [110.4041541, -6.9892395], [110.4034781, -6.9906478], [110.4033226, -6.9908156], [110.4031348, -6.9908875], [110.4025266, -6.9908556], [110.4023112, -6.9860661]]]}}, {"type": "Feature", "properties": {"name": "Plombokan", "kecamatan": "Semarang Utara", "osm_id": 8044041}, "geometry": {"type": "Polygon", "coordinates": [[[110.4068081, -6.9687455], [110.4068738, -6.9685698], [110.4074545, -6.9685844], [110.4074042, -6.9678323], [110.4102132, -6.9669763], [110.4106075, -6.9669204], [110.4111888, -6.9670343], [110.4114457, -6.9669424], [110.412021, -6.9687595], [110.4123884, -6.9716242], [110.4124689, -6.973613], [110.4125668, -6.9741894], [110.4118413, -6.9747924], [110.4106071, -6.9757096], [110.4095533, -6.976298], [110.4089941, -6.9765469], [110.4079668, -6.9768571], [110.4068939, -6.9770541], [110.406839, -6.9766947], [110.407246, -6.9766481], [110.4073043, -6.9763905], [110.4075538, -6.9760823], [110.4077569, -6.9753915], [110.4074331, -6.9748297], [110.4072922, -6.9732456], [110.4071367, -6.972606], [110.4072098, -6.972375], [110.4074907, -6.9723124], [110.4074713, -6.9721574], [110.4071836, -6.9714865], [110.4067679, -6.9710485], [110.4065446, -6.9702171], [110.4064701, -6.9693099], [110.4066197, -6.9689059], [110.4068081, -6.9687455]]]}}, {"type": "Feature", "properties": {"name": "Lempongsari", "kecamatan": "Gajahmungkur", "osm_id": 8047954}, "geometry": {"type": "Polygon", "coordinates": [[[110.4101369, -7.0008236], [110.4102906, -7.0003416], [110.4104836, -6.9991398], [110.4107591, -6.9985601], [110.4110993, -6.9983141], [110.4111708, -6.9976631], [110.4112274, -6.9975411], [110.4114273, -6.9973281], [110.4115777, -6.9972423], [110.4120783, -6.997089], [110.4122781, -6.9969433], [110.4129448, -6.9963573], [110.4134126, -6.9960589], [110.4134324, -6.9959312], [110.4140752, -6.9957646], [110.4147973, -6.9962612], [110.4156243, -6.9966737], [110.4159273, -6.9967712], [110.4167382, -6.9969765], [110.4192919, -6.9974182], [110.4192405, -6.9977315], [110.4194459, -6.9982508], [110.4201341, -6.9991734], [110.4202726, -6.9994511], [110.4203321, -6.9997605], [110.4203155, -7.0001623], [110.4202353, -7.0003732], [110.4199811, -7.0007719], [110.4197782, -7.0009854], [110.419475, -7.0011245], [110.4192634, -7.00113], [110.4186993, -7.000948], [110.4184639, -7.0009699], [110.4165685, -7.001488], [110.4162901, -7.0016279], [110.4161035, -7.0019274], [110.4160852, -7.0020851], [110.4161478, -7.0023102], [110.4163375, -7.0026384], [110.4167148, -7.0035462], [110.4170933, -7.0056776], [110.417378, -7.0064287], [110.4174275, -7.0069937], [110.4173696, -7.0073536], [110.4161324, -7.007963], [110.4157003, -7.0074005], [110.4141024, -7.0058595], [110.4136143, -7.0054627], [110.4138205, -7.0047457], [110.4138377, -7.0044868], [110.412957, -7.0042307], [110.411542, -7.0041114], [110.4104161, -7.0036974], [110.4096804, -7.0035691], [110.4098711, -7.003185], [110.4102909, -7.0026871], [110.41031, -7.0025112], [110.4102388, -7.002333], [110.409995, -7.0021349], [110.4101369, -7.0008236]]]}}, {"type": "Feature", "properties": {"name": "Siwalan", "kecamatan": "Gayamsari", "osm_id": 8048045}, "geometry": {"type": "Polygon", "coordinates": [[[110.4480724, -6.9869697], [110.4482077, -6.9853172], [110.4485051, -6.9833965], [110.4488237, -6.9818652], [110.4490129, -6.9812148], [110.4490391, -6.9804258], [110.4489363, -6.9779594], [110.4487109, -6.977023], [110.4488054, -6.9754637], [110.4485848, -6.9747781], [110.4481134, -6.9741911], [110.4480423, -6.9739954], [110.448012, -6.9735306], [110.4484409, -6.9735389], [110.4501855, -6.9740837], [110.4512318, -6.9804682], [110.4524842, -6.9898649], [110.449947, -6.9897389], [110.4488492, -6.9897712], [110.4479449, -6.98968], [110.4481957, -6.987802], [110.4480724, -6.9869697]]]}}, {"type": "Feature", "properties": {"name": "Sambirejo", "kecamatan": "Gayamsari", "osm_id": 8048048}, "geometry": {"type": "Polygon", "coordinates": [[[110.4413107, -6.9876791], [110.4405775, -6.987525], [110.4408065, -6.9863177], [110.4410692, -6.9853415], [110.4412179, -6.9844769], [110.44133, -6.9825322], [110.4418681, -6.9796631], [110.4422612, -6.9767225], [110.4426219, -6.9745575], [110.442668, -6.9741093], [110.4426495, -6.9736479], [110.4427515, -6.9730981], [110.442849, -6.9728331], [110.4443115, -6.9743938], [110.4459249, -6.9755962], [110.4465095, -6.9759666], [110.448877, -6.9776597], [110.4489363, -6.9779594], [110.4490277, -6.9799116], [110.4490129, -6.9812148], [110.4488237, -6.9818652], [110.4485051, -6.9833965], [110.4482077, -6.9853172], [110.4480694, -6.9869875], [110.4481957, -6.987802], [110.4479449, -6.98968], [110.447435, -6.9895803], [110.44677, -6.9893632], [110.4438616, -6.9881095], [110.4423533, -6.9877968], [110.4413107, -6.9876791]]]}}, {"type": "Feature", "properties": {"name": "Sawah Besar", "kecamatan": "Gayamsari", "osm_id": 8048143}, "geometry": {"type": "Polygon", "coordinates": [[[110.4431367, -6.9713333], [110.4434175, -6.9698347], [110.4434088, -6.9692331], [110.4435869, -6.9686505], [110.4438628, -6.9664557], [110.445297, -6.9668533], [110.4463562, -6.9672025], [110.447119, -6.9675724], [110.4472925, -6.9676013], [110.4479286, -6.9675106], [110.4485488, -6.9677413], [110.449296, -6.9677356], [110.4492816, -6.9682684], [110.4493525, -6.9688614], [110.4501855, -6.9740837], [110.4484409, -6.9735389], [110.448012, -6.9735306], [110.4480423, -6.9739954], [110.4481134, -6.9741911], [110.4485848, -6.9747781], [110.4488054, -6.9754637], [110.4487109, -6.977023], [110.448877, -6.9776597], [110.4465095, -6.9759666], [110.4459249, -6.9755962], [110.4443115, -6.9743938], [110.442849, -6.9728331], [110.4430073, -6.9724803], [110.4431367, -6.9713333]]]}}, {"type": "Feature", "properties": {"name": "Bulu Lor", "kecamatan": "Semarang Utara", "osm_id": 8048304}, "geometry": {"type": "Polygon", "coordinates": [[[110.4006001, -6.968673], [110.4031992, -6.9685665], [110.4036994, -6.9684533], [110.4044209, -6.9682363], [110.4058646, -6.9676546], [110.4062408, -6.9684813], [110.406273, -6.968645], [110.4068081, -6.9687455], [110.4066197, -6.9689059], [110.4064701, -6.9693099], [110.4065446, -6.9702171], [110.4067679, -6.9710485], [110.4071836, -6.9714865], [110.4074713, -6.9721574], [110.4074907, -6.9723124], [110.4072098, -6.972375], [110.4071367, -6.972606], [110.4072922, -6.9732456], [110.4074331, -6.9748297], [110.4077569, -6.9753915], [110.4075538, -6.9760823], [110.4073043, -6.9763905], [110.407246, -6.9766481], [110.406839, -6.9766947], [110.4068939, -6.9770541], [110.4014852, -6.9774881], [110.4013002, -6.9751106], [110.4007637, -6.9707523], [110.4006001, -6.968673]]]}}, {"type": "Feature", "properties": {"name": "Kaliwiru", "kecamatan": "Candisari", "osm_id": 8048327}, "geometry": {"type": "Polygon", "coordinates": [[[110.4204891, -7.023846], [110.4199469, -7.0219684], [110.4183054, -7.0156326], [110.4198772, -7.0155527], [110.423246, -7.0157391], [110.4282001, -7.0162901], [110.4289484, -7.0163088], [110.4276448, -7.0172485], [110.426757, -7.0180817], [110.425542, -7.0190161], [110.4242277, -7.0202593], [110.421634, -7.0228575], [110.4204891, -7.023846]]]}}, {"type": "Feature", "properties": {"name": "Petompon", "kecamatan": "Gajahmungkur", "osm_id": 8048370}, "geometry": {"type": "Polygon", "coordinates": [[[110.3983546, -7.0016105], [110.399038, -7.00143], [110.39934, -7.0013969], [110.4007508, -7.0013524], [110.4009871, -7.0011483], [110.4015195, -7.0004422], [110.4016436, -6.9999851], [110.4014864, -6.999586], [110.4011113, -6.9990424], [110.4009795, -6.9982025], [110.4016616, -6.996398], [110.4020316, -6.9955636], [110.4024331, -6.9958596], [110.4029936, -6.9960503], [110.4047297, -6.9959924], [110.4050101, -6.9959466], [110.4052654, -6.9958536], [110.4054577, -6.9956822], [110.4060854, -6.9948384], [110.4063745, -6.9946439], [110.4068505, -6.9944693], [110.40706, -6.99474], [110.4079049, -6.9953888], [110.40812, -6.99574], [110.40817, -6.99611], [110.40746, -6.99664], [110.406847, -6.9969706], [110.40659, -6.99704], [110.4062434, -6.997058], [110.405601, -6.9969893], [110.4053968, -6.9970973], [110.4052162, -6.997397], [110.4052382, -6.9976361], [110.4058481, -6.9984658], [110.4060544, -6.9989431], [110.4061468, -6.9992893], [110.4061822, -6.999761], [110.4066649, -7.0008216], [110.4071066, -7.0022633], [110.4074956, -7.0029598], [110.407872, -7.0041406], [110.4081916, -7.0042736], [110.4078496, -7.0045201], [110.4076791, -7.0045095], [110.407372, -7.0044024], [110.4072309, -7.0042512], [110.4070471, -7.0041494], [110.4068566, -7.0041745], [110.4061573, -7.0043962], [110.4060017, -7.0045735], [110.4059057, -7.0047679], [110.4058454, -7.0050121], [110.4058696, -7.0050931], [110.4063256, -7.0057068], [110.4066887, -7.0060297], [110.4065663, -7.0061289], [110.4062124, -7.006212], [110.4055626, -7.0062433], [110.4048121, -7.0061866], [110.4040213, -7.0058021], [110.4030806, -7.0057971], [110.4023425, -7.005482], [110.400176, -7.0048788], [110.3996288, -7.0048097], [110.3992612, -7.0048473], [110.3990152, -7.0049334], [110.3984931, -7.0052228], [110.3981798, -7.0053427], [110.3965827, -7.0052315], [110.3963413, -7.0050473], [110.3955371, -7.0047998], [110.3957245, -7.0043731], [110.39624, -7.0038159], [110.3973568, -7.002066], [110.3976014, -7.0018923], [110.3983546, -7.0016105]]]}}, {"type": "Feature", "properties": {"name": "Barusari", "kecamatan": "Semarang Selatan", "osm_id": 8055446}, "geometry": {"type": "Polygon", "coordinates": [[[110.4062033, -6.9914465], [110.4066619, -6.9939491], [110.4068505, -6.9944693], [110.4063745, -6.9946439], [110.4060854, -6.9948384], [110.4054577, -6.9956822], [110.4052654, -6.9958536], [110.4047297, -6.9959924], [110.4029936, -6.9960503], [110.4024331, -6.9958596], [110.4020316, -6.9955636], [110.402298, -6.994793], [110.4024428, -6.993957], [110.4025266, -6.9908556], [110.4031348, -6.9908875], [110.4033226, -6.9908156], [110.4034781, -6.9906478], [110.4043928, -6.9886884], [110.4049078, -6.9870112], [110.4054362, -6.985925], [110.4066217, -6.9832147], [110.4095963, -6.9846604], [110.4091644, -6.9856028], [110.4083517, -6.987131], [110.4077402, -6.9886032], [110.4062542, -6.991175], [110.4062033, -6.9914465]]]}}, {"type": "Feature", "properties": {"name": "Gayamsari", "kecamatan": "Gayamsari", "osm_id": 8055489}, "geometry": {"type": "Polygon", "coordinates": [[[110.4525972, -7.0031234], [110.4495626, -7.0061985], [110.4491274, -7.0051755], [110.4489856, -7.0043368], [110.4489868, -7.0040327], [110.4487247, -7.0037531], [110.448166, -7.0033565], [110.447465, -7.0029977], [110.4467283, -7.0027511], [110.4454403, -7.0024166], [110.4450756, -7.0022068], [110.4446756, -7.0020768], [110.4443607, -7.0019153], [110.4446134, -7.0013467], [110.4451529, -6.9994592], [110.4459542, -6.9977083], [110.4462034, -6.9969876], [110.4463537, -6.9964004], [110.4463733, -6.9955458], [110.4464879, -6.9948207], [110.4469346, -6.9933245], [110.4476529, -6.991635], [110.4478206, -6.9910729], [110.4479449, -6.98968], [110.4488492, -6.9897712], [110.449947, -6.9897389], [110.4524842, -6.9898649], [110.4532693, -6.995084], [110.4538403, -6.999647], [110.4536013, -7.0012289], [110.4532902, -7.0020423], [110.4525972, -7.0031234]]]}}, {"type": "Feature", "properties": {"name": "Rejosari", "kecamatan": "Semarang Timur", "osm_id": 8055576}, "geometry": {"type": "Polygon", "coordinates": [[[110.4350075, -6.9760704], [110.4383764, -6.974831], [110.4400313, -6.9742773], [110.4402016, -6.9745901], [110.440439, -6.9757868], [110.4403773, -6.9765909], [110.4422612, -6.9767225], [110.4418681, -6.9796631], [110.44133, -6.9825322], [110.4412179, -6.9844769], [110.4409379, -6.9858823], [110.4389074, -6.9856507], [110.4347876, -6.9852727], [110.4349659, -6.9819781], [110.4352516, -6.9781457], [110.4351443, -6.9769223], [110.4350075, -6.9760704]]]}}, {"type": "Feature", "properties": {"name": "Sarirejo", "kecamatan": "Semarang Timur", "osm_id": 8055624}, "geometry": {"type": "Polygon", "coordinates": [[[110.4312444, -6.9762101], [110.4327169, -6.9760424], [110.4349056, -6.9755632], [110.4351443, -6.9769223], [110.4352516, -6.9781457], [110.4349659, -6.9819781], [110.4347876, -6.9852727], [110.4316065, -6.9855016], [110.4314455, -6.9799534], [110.4312444, -6.9762101]]]}}, {"type": "Feature", "properties": {"name": "Krobokan", "kecamatan": "Semarang Barat", "osm_id": 8055735}, "geometry": {"type": "Polygon", "coordinates": [[[110.3980118, -6.9703343], [110.3985643, -6.9702518], [110.3995353, -6.9702518], [110.4007161, -6.9701501], [110.4013002, -6.9751106], [110.4014852, -6.9774881], [110.4019493, -6.9810609], [110.4014611, -6.9809278], [110.4008335, -6.9806722], [110.4003346, -6.9806829], [110.3953738, -6.9815761], [110.3947342, -6.9781589], [110.3943774, -6.9752464], [110.3942929, -6.9750001], [110.3941789, -6.9748444], [110.3930845, -6.9735078], [110.3930256, -6.9733747], [110.3930112, -6.9731123], [110.3945357, -6.9729993], [110.3944981, -6.972552], [110.3945947, -6.9725467], [110.3945464, -6.9718865], [110.3961879, -6.9716575], [110.3961369, -6.9708987], [110.3965795, -6.9708854], [110.3967458, -6.9706618], [110.3972983, -6.9705499], [110.3980118, -6.9703343]]]}}, {"type": "Feature", "properties": {"name": "Kranggan", "kecamatan": "Semarang Tengah", "osm_id": 8055964}, "geometry": {"type": "Polygon", "coordinates": [[[110.427162, -6.9780951], [110.4257432, -6.9788219], [110.4252765, -6.9789018], [110.4251075, -6.9789736], [110.4249895, -6.9791973], [110.4249144, -6.9796818], [110.4248419, -6.979791], [110.4246247, -6.9799081], [110.4243109, -6.9799055], [110.4242143, -6.9798362], [110.423907, -6.9794012], [110.423809, -6.979146], [110.4236014, -6.9790828], [110.4234302, -6.9791063], [110.4227579, -6.9758481], [110.4242438, -6.9752943], [110.4255527, -6.9747139], [110.4262447, -6.9745861], [110.4282778, -6.9747725], [110.4282993, -6.9745009], [110.4286373, -6.9744849], [110.4293132, -6.9745967], [110.4296404, -6.9747192], [110.429855, -6.9748896], [110.4299515, -6.9751026], [110.4299301, -6.9753529], [110.4295707, -6.9759705], [110.4288089, -6.9765562], [110.4279238, -6.977536], [110.427162, -6.9780951]]]}}, {"type": "Feature", "properties": {"name": "Wonotingal", "kecamatan": "Candisari", "osm_id": 8057927}, "geometry": {"type": "Polygon", "coordinates": [[[110.4161324, -7.007963], [110.4173696, -7.0073536], [110.4178601, -7.0075822], [110.4182464, -7.0078618], [110.4189303, -7.0085593], [110.4193059, -7.0087855], [110.4223368, -7.0090225], [110.4247963, -7.0092701], [110.4253569, -7.0093739], [110.4255179, -7.009483], [110.425711, -7.0096587], [110.4261938, -7.0104228], [110.426352, -7.0105319], [110.4267785, -7.0105532], [110.4271433, -7.011485], [110.4271352, -7.0116247], [110.4268791, -7.0119908], [110.4268576, -7.0121265], [110.4269515, -7.0127681], [110.4266699, -7.013439], [110.4262541, -7.014199], [110.4261482, -7.0148845], [110.4258013, -7.0160126], [110.423246, -7.0157391], [110.4215938, -7.0156379], [110.4198772, -7.0155527], [110.4183054, -7.0156326], [110.4177475, -7.0135242], [110.4175115, -7.0130503], [110.4171789, -7.0127255], [110.4166746, -7.0125072], [110.4163796, -7.0122889], [110.415768, -7.0114104], [110.4156876, -7.0108886], [110.415709, -7.0105372], [110.4160738, -7.009318], [110.4161324, -7.007963]]]}}, {"type": "Feature", "properties": {"name": "Karangrejo", "kecamatan": "Gajahmungkur", "osm_id": 8058099}, "geometry": {"type": "Polygon", "coordinates": [[[110.4117256, -7.0246324], [110.410882, -7.02331], [110.4108533, -7.0228068], [110.4109386, -7.0223124], [110.4111694, -7.0218948], [110.4114264, -7.0207322], [110.4120146, -7.0195653], [110.4123598, -7.0196933], [110.412732, -7.0199193], [110.4142012, -7.0200993], [110.4149921, -7.0202546], [110.4159429, -7.020528], [110.4171806, -7.0206836], [110.417582, -7.0207955], [110.4179751, -7.0207887], [110.4195557, -7.0203576], [110.4199469, -7.0219684], [110.4204891, -7.023846], [110.4200362, -7.0242654], [110.4195902, -7.0247636], [110.4190738, -7.0256274], [110.4189384, -7.0259828], [110.4186165, -7.0271701], [110.4184502, -7.0281204], [110.4181391, -7.0313122], [110.4142306, -7.0309668], [110.4124609, -7.0305607], [110.4117554, -7.0303326], [110.4112165, -7.030094], [110.4097682, -7.0292641], [110.4085576, -7.0283681], [110.4063041, -7.0260548], [110.40532, -7.025], [110.4044491, -7.023971], [110.4054163, -7.023223], [110.4075113, -7.0239665], [110.4083907, -7.0241433], [110.4090029, -7.0241223], [110.4117256, -7.0246324]]]}}, {"type": "Feature", "properties": {"name": "Jagalan", "kecamatan": "Semarang Tengah", "osm_id": 8058140}, "geometry": {"type": "Polygon", "coordinates": [[[110.4290262, -6.9793836], [110.4287204, -6.9783054], [110.4281437, -6.9772485], [110.4288089, -6.9765562], [110.4295707, -6.9759705], [110.4299301, -6.9753529], [110.4299515, -6.9751026], [110.429855, -6.9748896], [110.4296404, -6.9747192], [110.4289913, -6.9745275], [110.4282993, -6.9745009], [110.4283047, -6.9742773], [110.4286614, -6.9743066], [110.4293427, -6.9745036], [110.4311666, -6.9744716], [110.4311907, -6.9755951], [110.4314455, -6.9799534], [110.4316034, -6.9854053], [110.4289082, -6.9855655], [110.4289591, -6.9846391], [110.4290047, -6.9806536], [110.4290664, -6.9798043], [110.4290262, -6.9793836]]]}}, {"type": "Feature", "properties": {"name": "Panggung Kidul", "kecamatan": "Semarang Utara", "osm_id": 8058498}, "geometry": {"type": "Polygon", "coordinates": [[[110.4037182, -6.9655792], [110.4058613, -6.9650175], [110.4056762, -6.9639445], [110.4054576, -6.9637635], [110.4053932, -6.9635012], [110.4081532, -6.9630526], [110.4105712, -6.9627957], [110.410708, -6.9628303], [110.4110916, -6.9659533], [110.4112431, -6.9659853], [110.4114457, -6.9669424], [110.4111888, -6.9670343], [110.4106075, -6.9669204], [110.4102132, -6.9669763], [110.4074042, -6.9678323], [110.4074545, -6.9685844], [110.4068738, -6.9685698], [110.4068081, -6.9687455], [110.406273, -6.968645], [110.4062408, -6.9684813], [110.4058646, -6.9676546], [110.4044209, -6.9682363], [110.4033843, -6.9685345], [110.4027875, -6.9686104], [110.4006001, -6.968673], [110.4003319, -6.9669877], [110.4002166, -6.9658282], [110.4037182, -6.9655792]]]}}, {"type": "Feature", "properties": {"name": "Randusari", "kecamatan": "Semarang Selatan", "osm_id": 8060850}, "geometry": {"type": "Polygon", "coordinates": [[[110.4062542, -6.991175], [110.4077402, -6.9886032], [110.4083517, -6.987131], [110.4091644, -6.9856028], [110.4095963, -6.9846604], [110.4137886, -6.986492], [110.4142123, -6.9896921], [110.4142499, -6.9902618], [110.4137778, -6.9928762], [110.4137993, -6.9942872], [110.4140752, -6.9957646], [110.4137373, -6.9958712], [110.412426, -6.9960975], [110.4112619, -6.9962146], [110.4106101, -6.9961667], [110.4097706, -6.9957727], [110.4091457, -6.9960336], [110.4087272, -6.9961001], [110.40817, -6.99611], [110.40812, -6.99574], [110.4079049, -6.9953888], [110.40706, -6.99474], [110.4068505, -6.9944693], [110.4066619, -6.9939491], [110.4062033, -6.9914465], [110.4062542, -6.991175]]]}}, {"type": "Feature", "properties": {"name": "Kebonagung", "kecamatan": "Semarang Timur", "osm_id": 8061047}, "geometry": {"type": "Polygon", "coordinates": [[[110.4310083, -6.9697725], [110.4326686, -6.9696873], [110.4339132, -6.969698], [110.434058, -6.9718811], [110.4341814, -6.9726053], [110.4349056, -6.9755632], [110.4327169, -6.9760424], [110.4312444, -6.9762101], [110.4311907, -6.9755951], [110.4311666, -6.9729008], [110.4310083, -6.9697725]]]}}, {"type": "Feature", "properties": {"name": "Bugangan", "kecamatan": "Semarang Timur", "osm_id": 8062777}, "geometry": {"type": "Polygon", "coordinates": [[[110.4402673, -6.9708827], [110.4409969, -6.971157], [110.4415172, -6.971535], [110.442849, -6.9728331], [110.4427515, -6.9730981], [110.4426495, -6.9736479], [110.442668, -6.9741093], [110.4426219, -6.9745575], [110.4422612, -6.9767225], [110.4403773, -6.9765909], [110.440439, -6.9757868], [110.4402016, -6.9745901], [110.4400313, -6.9742773], [110.4383764, -6.974831], [110.4370956, -6.9753369], [110.4350075, -6.9760704], [110.4341814, -6.9726053], [110.434007, -6.9714791], [110.4339132, -6.969698], [110.4351255, -6.9697406], [110.4367375, -6.9699429], [110.4378077, -6.9701799], [110.4402673, -6.9708827]]]}}, {"type": "Feature", "properties": {"name": "Bendungan", "kecamatan": "Gajahmungkur", "osm_id": 8063152}, "geometry": {"type": "Polygon", "coordinates": [[[110.4110446, -6.996217], [110.412426, -6.9960975], [110.4134324, -6.9959312], [110.4134126, -6.9960589], [110.4129448, -6.9963573], [110.4122781, -6.9969433], [110.4120783, -6.997089], [110.4115777, -6.9972423], [110.4114273, -6.9973281], [110.4112274, -6.9975411], [110.4111708, -6.9976631], [110.4110993, -6.9983141], [110.4107591, -6.9985601], [110.4104836, -6.9991398], [110.4102906, -7.0003416], [110.4101369, -7.0008236], [110.409995, -7.0021349], [110.4102388, -7.002333], [110.41031, -7.0025112], [110.4102909, -7.0026871], [110.4098711, -7.003185], [110.4096804, -7.0035691], [110.4104161, -7.0036974], [110.411542, -7.0041114], [110.412957, -7.0042307], [110.4138377, -7.0044868], [110.4138205, -7.0047457], [110.4136143, -7.0054627], [110.4133, -7.00546], [110.40963, -7.0046394], [110.4089527, -7.0044513], [110.4083906, -7.004357], [110.407872, -7.0041406], [110.4074956, -7.0029598], [110.4071066, -7.0022633], [110.4066649, -7.0008216], [110.4061822, -6.999761], [110.4061468, -6.9992893], [110.4060544, -6.9989431], [110.4058481, -6.9984658], [110.4052382, -6.9976361], [110.4052162, -6.997397], [110.4053968, -6.9970973], [110.40551, -6.9970313], [110.4057493, -6.9969787], [110.4062434, -6.997058], [110.40659, -6.99704], [110.406847, -6.9969706], [110.40746, -6.99664], [110.40817, -6.99611], [110.4087272, -6.9961001], [110.4091457, -6.9960336], [110.4097706, -6.9957727], [110.4106101, -6.9961667], [110.4110446, -6.996217]]]}}, {"type": "Feature", "properties": {"name": "Gajah Mungkur", "kecamatan": "Gajahmungkur", "osm_id": 8063396}, "geometry": {"type": "Polygon", "coordinates": [[[110.3995803, -7.0156391], [110.3997107, -7.0155167], [110.399956, -7.0154788], [110.4005919, -7.0155255], [110.4008507, -7.0153153], [110.4008614, -7.015096], [110.400776, -7.014799], [110.4008319, -7.0146066], [110.4010892, -7.0144772], [110.4022652, -7.0142488], [110.4024992, -7.0139724], [110.402513, -7.0134557], [110.4023805, -7.0131161], [110.4022275, -7.0129245], [110.4016722, -7.0126826], [110.4015304, -7.0125393], [110.401742, -7.0120013], [110.4014127, -7.0118478], [110.4016038, -7.0112321], [110.400598, -7.0108093], [110.4000927, -7.0104565], [110.3998248, -7.0102112], [110.3997423, -7.009996], [110.3997717, -7.0098404], [110.3998486, -7.0097692], [110.4000267, -7.0097872], [110.4012197, -7.0101981], [110.401558, -7.0103677], [110.4017814, -7.0098162], [110.4017907, -7.009478], [110.4017198, -7.0092198], [110.4015776, -7.0089705], [110.4011728, -7.0085917], [110.4010126, -7.0085114], [110.4009116, -7.0075601], [110.4007437, -7.0067891], [110.4011028, -7.0067475], [110.4015721, -7.0071895], [110.4019008, -7.0070364], [110.4021501, -7.0071415], [110.4021738, -7.0066583], [110.4023425, -7.005482], [110.4030806, -7.0057971], [110.4040213, -7.0058021], [110.4048121, -7.0061866], [110.4055626, -7.0062433], [110.4064398, -7.0061694], [110.4066887, -7.0060297], [110.4063256, -7.0057068], [110.4059209, -7.0051904], [110.4058454, -7.0050121], [110.4059057, -7.0047679], [110.4061573, -7.0043962], [110.4070471, -7.0041494], [110.4075283, -7.0044868], [110.4078496, -7.0045201], [110.4081916, -7.0042736], [110.4083906, -7.004357], [110.4089527, -7.0044513], [110.40963, -7.0046394], [110.4133, -7.00546], [110.4136143, -7.0054627], [110.4141024, -7.0058595], [110.4157003, -7.0074005], [110.4161324, -7.007963], [110.4160738, -7.009318], [110.415709, -7.0105372], [110.4156876, -7.0108886], [110.415768, -7.0114104], [110.4163796, -7.0122889], [110.4166746, -7.0125072], [110.4171789, -7.0127255], [110.4175115, -7.0130503], [110.4177475, -7.0135242], [110.4195557, -7.0203576], [110.4179751, -7.0207887], [110.417582, -7.0207955], [110.4171806, -7.0206836], [110.4159429, -7.020528], [110.4149921, -7.0202546], [110.4142012, -7.0200993], [110.412732, -7.0199193], [110.4123598, -7.0196933], [110.4120146, -7.0195653], [110.4114264, -7.0207322], [110.4111694, -7.0218948], [110.4109386, -7.0223124], [110.4108533, -7.0228068], [110.410882, -7.02331], [110.4117256, -7.0246324], [110.4090029, -7.0241223], [110.4083907, -7.0241433], [110.4075113, -7.0239665], [110.4054163, -7.023223], [110.4044491, -7.023971], [110.40329, -7.02272], [110.4032131, -7.0224536], [110.4015687, -7.0204431], [110.4027522, -7.0193943], [110.4022066, -7.0187784], [110.4012859, -7.0182464], [110.4010403, -7.018154], [110.400783, -7.0173794], [110.4003027, -7.0168181], [110.4002586, -7.0165066], [110.3998168, -7.0160614], [110.3995799, -7.0158994], [110.3995803, -7.0156391]]]}}, {"type": "Feature", "properties": {"name": "Kaligawe", "kecamatan": "Gayamsari", "osm_id": 8080046}, "geometry": {"type": "Polygon", "coordinates": [[[110.4456449, -6.9586779], [110.4498667, -6.9572894], [110.4510925, -6.9571164], [110.4516063, -6.9570994], [110.4514837, -6.9611365], [110.4512485, -6.9625882], [110.4494283, -6.9669631], [110.449296, -6.9677356], [110.4485488, -6.9677413], [110.4479286, -6.9675106], [110.4472925, -6.9676013], [110.447119, -6.9675724], [110.4463562, -6.9672025], [110.445297, -6.9668533], [110.4438628, -6.9664557], [110.4441164, -6.9648891], [110.4440224, -6.9642294], [110.4438914, -6.9638205], [110.4431908, -6.9622337], [110.442717, -6.9613886], [110.4424363, -6.9604025], [110.4424309, -6.959883], [110.4456449, -6.9586779]]]}}, {"type": "Feature", "properties": {"name": "Mugassari", "kecamatan": "Semarang Selatan", "osm_id": 8080090}, "geometry": {"type": "Polygon", "coordinates": [[[110.4137886, -6.986492], [110.4174891, -6.9875659], [110.4187453, -6.9880894], [110.4223931, -6.9898252], [110.4218137, -6.9910285], [110.4224923, -6.9914426], [110.4199523, -6.9958046], [110.4192919, -6.9974182], [110.4167382, -6.9969765], [110.4159273, -6.9967712], [110.4156243, -6.9966737], [110.4147973, -6.9962612], [110.4140752, -6.9957646], [110.4137993, -6.9942872], [110.4137778, -6.9928762], [110.4142499, -6.9902618], [110.4142123, -6.9896921], [110.4137886, -6.986492]]]}}, {"type": "Feature", "properties": {"name": "Tawangmas", "kecamatan": "Semarang Barat", "osm_id": 8080300}, "geometry": {"type": "Polygon", "coordinates": [[[110.3937927, -6.9743784], [110.3937578, -6.9747405], [110.3936344, -6.9748949], [110.3921699, -6.97506], [110.3887528, -6.975241], [110.3882432, -6.9753156], [110.3880715, -6.9754487], [110.387637, -6.9754966], [110.3876799, -6.9747565], [110.3879696, -6.9736649], [110.3885095, -6.9727932], [110.388726, -6.9725361], [110.3893804, -6.971977], [110.390573, -6.9710879], [110.3926903, -6.9691815], [110.393039, -6.9688087], [110.3935379, -6.9676533], [110.3937578, -6.9670835], [110.3939938, -6.9660398], [110.3948253, -6.9583135], [110.3948951, -6.9578555], [110.3951847, -6.957158], [110.3954798, -6.956732], [110.3959787, -6.9562367], [110.3965688, -6.9558587], [110.3970355, -6.9556563], [110.3983873, -6.9553155], [110.3991705, -6.9576692], [110.3999805, -6.9610824], [110.4002166, -6.9658282], [110.4003319, -6.9669877], [110.4005787, -6.968452], [110.4007161, -6.9701501], [110.3995353, -6.9702518], [110.3985643, -6.9702518], [110.3980118, -6.9703343], [110.3972983, -6.9705499], [110.3967458, -6.9706618], [110.3965795, -6.9708854], [110.3961369, -6.9708987], [110.3961879, -6.9716575], [110.3945464, -6.9718865], [110.3945947, -6.9725467], [110.3944981, -6.972552], [110.3945357, -6.9729993], [110.3930112, -6.9731123], [110.3930256, -6.9733747], [110.3930845, -6.9735078], [110.3937927, -6.9743784]]]}}, {"type": "Feature", "properties": {"name": "Karang Ayu", "kecamatan": "Semarang Barat", "osm_id": 8080307}, "geometry": {"type": "Polygon", "coordinates": [[[110.3925221, -6.9750219], [110.3936344, -6.9748949], [110.3937578, -6.9747405], [110.3937927, -6.9743784], [110.3942929, -6.9750001], [110.394431, -6.9755978], [110.3947342, -6.9781589], [110.3953738, -6.9815761], [110.3941762, -6.9818543], [110.39298, -6.9822004], [110.3917783, -6.982637], [110.3898793, -6.9831961], [110.3891176, -6.9799001], [110.3882432, -6.9753156], [110.3887528, -6.975241], [110.3925221, -6.9750219]]]}}, {"type": "Feature", "properties": {"name": "Kuningan", "kecamatan": "Semarang Utara", "osm_id": 8080486}, "geometry": {"type": "Polygon", "coordinates": [[[110.4144484, -6.9666482], [110.4142968, -6.966595], [110.4139267, -6.9666003], [110.4126231, -6.9667361], [110.4114457, -6.9669424], [110.4112431, -6.9659853], [110.4110916, -6.9659533], [110.4101917, -6.9582523], [110.4099423, -6.9556111], [110.4099476, -6.9551052], [110.4107013, -6.9560664], [110.4113236, -6.9562793], [110.4123884, -6.9564444], [110.4126593, -6.9565722], [110.4129007, -6.9568278], [110.4135552, -6.9578768], [110.4144216, -6.9590164], [110.4151565, -6.9594344], [110.4154435, -6.9594823], [110.4161999, -6.9593279], [110.4164413, -6.9593784], [110.4166505, -6.9594903], [110.4170018, -6.9597778], [110.4173505, -6.9606697], [110.4177958, -6.9611969], [110.4182383, -6.9616122], [110.4187104, -6.9619743], [110.419566, -6.9623897], [110.4205906, -6.9630073], [110.4215187, -6.9638913], [110.4218566, -6.9641176], [110.4223797, -6.9642347], [110.4221919, -6.9645303], [110.4216877, -6.9647725], [110.4215777, -6.9644424], [110.4209796, -6.9645489], [110.4203352, -6.9646993], [110.4178333, -6.965502], [110.4171199, -6.9657789], [110.4158378, -6.9661357], [110.415414, -6.9678157], [110.4150707, -6.9674656], [110.4144484, -6.9666482]]]}}, {"type": "Feature", "properties": {"name": "Mlatiharjo", "kecamatan": "Semarang Timur", "osm_id": 8085201}, "geometry": {"type": "Polygon", "coordinates": [[[110.4424309, -6.959883], [110.4424363, -6.9604025], [110.442717, -6.9613886], [110.4431908, -6.9622337], [110.4438914, -6.9638205], [110.4440224, -6.9642294], [110.4441164, -6.9648891], [110.4437274, -6.9672965], [110.4435869, -6.9686505], [110.4434088, -6.9692331], [110.4434175, -6.9698347], [110.443188, -6.9709806], [110.4430073, -6.9724803], [110.442849, -6.9728331], [110.4417184, -6.9717081], [110.4409969, -6.971157], [110.4402673, -6.9708827], [110.4387196, -6.9704595], [110.4387572, -6.9701905], [110.4394412, -6.9677118], [110.4396585, -6.9673497], [110.4399508, -6.9666069], [110.4407126, -6.964035], [110.4410666, -6.9615137], [110.4410478, -6.9607203], [110.4409835, -6.9603476], [110.4424309, -6.959883]]]}}, {"type": "Feature", "properties": {"name": "Mlatibaru", "kecamatan": "Semarang Timur", "osm_id": 8085293}, "geometry": {"type": "Polygon", "coordinates": [[[110.4395109, -6.9619424], [110.4396853, -6.9617507], [110.4397657, -6.9614179], [110.4397577, -6.9609999], [110.4399025, -6.9607434], [110.4409835, -6.9603476], [110.4410478, -6.9607203], [110.4410666, -6.9615137], [110.4407126, -6.964035], [110.4399508, -6.9666069], [110.4396585, -6.9673497], [110.4394412, -6.9677118], [110.4387572, -6.9701905], [110.4387196, -6.9704595], [110.4378077, -6.9701799], [110.4367375, -6.9699429], [110.4351255, -6.9697406], [110.4339132, -6.969698], [110.4339641, -6.9693891], [110.4339454, -6.9687369], [110.433881, -6.9684972], [110.4337603, -6.9681218], [110.4328376, -6.9660159], [110.4346561, -6.9649882], [110.4369666, -6.9634786], [110.4388618, -6.9623737], [110.4395109, -6.9619424]]]}}, {"type": "Feature", "properties": {"name": "Pleburan", "kecamatan": "Semarang Selatan", "osm_id": 8087523}, "geometry": {"type": "Polygon", "coordinates": [[[110.4199523, -6.9958046], [110.4224923, -6.9914426], [110.4218137, -6.9910285], [110.4227203, -6.9891383], [110.4237503, -6.9896535], [110.4239904, -6.9898206], [110.4237268, -6.9905143], [110.4288357, -6.9929986], [110.4275912, -6.9954639], [110.4283047, -6.9958259], [110.4280794, -6.9970665], [110.4279506, -6.9985308], [110.427956, -7.0001707], [110.4270977, -7.0001867], [110.4261696, -7.0003517], [110.4257318, -7.0005001], [110.4245764, -7.0010758], [110.4242653, -7.001555], [110.4233962, -7.0004103], [110.4224306, -6.9995477], [110.4217118, -6.9985308], [110.4213685, -6.9982592], [110.4209769, -6.9980462], [110.4192919, -6.9974182], [110.4199523, -6.9958046]]]}}, {"type": "Feature", "properties": {"name": "Pandean Lamper", "kecamatan": "Gayamsari", "osm_id": 8087641}, "geometry": {"type": "Polygon", "coordinates": [[[110.4385835, -6.9974246], [110.4392199, -6.9962239], [110.4392605, -6.9960516], [110.4398167, -6.992799], [110.4398261, -6.9919298], [110.4401641, -6.9902312], [110.4405775, -6.987525], [110.4413964, -6.9876937], [110.4423533, -6.9877968], [110.4438616, -6.9881095], [110.44677, -6.9893632], [110.447435, -6.9895803], [110.4479449, -6.98968], [110.4478206, -6.9910729], [110.4476529, -6.991635], [110.4469346, -6.9933245], [110.4464879, -6.9948207], [110.4463733, -6.9955458], [110.4463537, -6.9964004], [110.4462034, -6.9969876], [110.4459542, -6.9977083], [110.4451529, -6.9994592], [110.4446134, -7.0013467], [110.4443607, -7.0019153], [110.4431061, -7.0011606], [110.4419599, -7.0007801], [110.4407171, -7.0002883], [110.4391453, -6.9990746], [110.4386413, -6.9986103], [110.4384605, -6.9983179], [110.4384863, -6.9978815], [110.4385835, -6.9974246]]]}}, {"type": "Feature", "properties": {"name": "Tegalsari", "kecamatan": "Candisari", "osm_id": 8091233}, "geometry": {"type": "Polygon", "coordinates": [[[110.4202726, -6.9994511], [110.4199444, -6.9988883], [110.4194459, -6.9982508], [110.4192405, -6.9977315], [110.4192919, -6.9974182], [110.4209769, -6.9980462], [110.4213685, -6.9982592], [110.4217118, -6.9985308], [110.4224306, -6.9995477], [110.4233962, -7.0004103], [110.4242653, -7.001555], [110.4263198, -7.003754], [110.4266202, -7.0041374], [110.4267383, -7.0042465], [110.4269984, -7.004361], [110.4280713, -7.0045873], [110.4277065, -7.0061553], [110.4267356, -7.0080135], [110.4266953, -7.0083143], [110.4267088, -7.0100474], [110.4267785, -7.0105532], [110.426352, -7.0105319], [110.4261938, -7.0104228], [110.425711, -7.0096587], [110.4253569, -7.0093739], [110.4247963, -7.0092701], [110.4223368, -7.0090225], [110.4193059, -7.0087855], [110.4189303, -7.0085593], [110.4182464, -7.0078618], [110.4178601, -7.0075822], [110.4173696, -7.0073536], [110.4174275, -7.0069937], [110.417378, -7.0064287], [110.4170933, -7.0056776], [110.4167148, -7.0035462], [110.4163375, -7.0026384], [110.4161478, -7.0023102], [110.4160852, -7.0020851], [110.4161035, -7.0019274], [110.4162901, -7.0016279], [110.4165685, -7.001488], [110.4184639, -7.0009699], [110.4186993, -7.000948], [110.4192634, -7.00113], [110.419475, -7.0011245], [110.4197782, -7.0009854], [110.4199811, -7.0007719], [110.4202353, -7.0003732], [110.4203155, -7.0001623], [110.4203321, -6.9997605], [110.4202726, -6.9994511]]]}}, {"type": "Feature", "properties": {"name": "Panggung Lor", "kecamatan": "Semarang Utara", "osm_id": 8092049}, "geometry": {"type": "Polygon", "coordinates": [[[110.3937846, -6.9455229], [110.3947234, -6.9448146], [110.395571, -6.9447507], [110.4002649, -6.9446229], [110.4018581, -6.9447135], [110.4019278, -6.9451022], [110.402019, -6.947163], [110.402196, -6.9481375], [110.4024643, -6.948883], [110.4030114, -6.9490587], [110.4032421, -6.9490267], [110.4034835, -6.9488031], [110.4038376, -6.9486433], [110.4053396, -6.94867], [110.4060852, -6.9487711], [110.4068416, -6.9490747], [110.4073405, -6.9493409], [110.4077321, -6.9512313], [110.4084402, -6.9530578], [110.4088318, -6.953766], [110.4099476, -6.9551052], [110.4099423, -6.9556111], [110.4101917, -6.9582523], [110.410708, -6.9628303], [110.4105712, -6.9627957], [110.4100254, -6.9628356], [110.4081532, -6.9630526], [110.4053932, -6.9635012], [110.4054576, -6.9637635], [110.4056762, -6.9639445], [110.4058613, -6.9650175], [110.4037182, -6.9655792], [110.4002166, -6.9658282], [110.3999805, -6.9610824], [110.3991705, -6.9576692], [110.3983873, -6.9553155], [110.397867, -6.9540535], [110.3937846, -6.9455229]]]}}, {"type": "Feature", "properties": {"name": "Bangunharjo", "kecamatan": "Semarang Tengah", "osm_id": 8094529}, "geometry": {"type": "Polygon", "coordinates": [[[110.4227579, -6.9709812], [110.422892, -6.9712262], [110.4231334, -6.9722645], [110.4230905, -6.9726958], [110.4225326, -6.9728502], [110.4226291, -6.9746021], [110.4227954, -6.976085], [110.4234302, -6.9791063], [110.4228437, -6.9789044], [110.4227176, -6.9789337], [110.4226372, -6.9790322], [110.4226184, -6.9795594], [110.4225406, -6.9800199], [110.4213202, -6.9804672], [110.4206335, -6.9769396], [110.4208898, -6.9766477], [110.420387, -6.9756595], [110.4200649, -6.9738726], [110.4227579, -6.9709812]]]}}, {"type": "Feature", "properties": {"name": "Kauman", "kecamatan": "Semarang Tengah", "osm_id": 8094535}, "geometry": {"type": "Polygon", "coordinates": [[[110.4227579, -6.9709812], [110.4250056, -6.9687342], [110.4253703, -6.96924], [110.425542, -6.9696554], [110.4255742, -6.9700121], [110.4255152, -6.9713753], [110.4255474, -6.9716255], [110.4256707, -6.9719504], [110.4264861, -6.9725041], [110.4266792, -6.9727331], [110.427103, -6.9739684], [110.4273498, -6.9742932], [110.4276931, -6.9744796], [110.4280257, -6.9745382], [110.4282993, -6.9745009], [110.4282778, -6.9747725], [110.4266578, -6.9746021], [110.4262447, -6.9745861], [110.4259121, -6.9746393], [110.4255527, -6.9747139], [110.4242438, -6.9752943], [110.4227579, -6.9758481], [110.4226291, -6.9746021], [110.4225326, -6.9728502], [110.4230905, -6.9726958], [110.4231334, -6.9722645], [110.422892, -6.9712262], [110.4227579, -6.9709812]]]}}, {"type": "Feature", "properties": {"name": "Purwodinatan", "kecamatan": "Semarang Tengah", "osm_id": 8094542}, "geometry": {"type": "Polygon", "coordinates": [[[110.4250056, -6.9687342], [110.4270279, -6.968468], [110.4277682, -6.9684307], [110.4288572, -6.968223], [110.4295868, -6.9679301], [110.4303431, -6.9675574], [110.4309869, -6.9671155], [110.4310083, -6.9697725], [110.4311666, -6.9729008], [110.4311666, -6.9744716], [110.4293427, -6.9745036], [110.4286614, -6.9743066], [110.4283047, -6.9742773], [110.4282993, -6.9745009], [110.4280257, -6.9745382], [110.4276931, -6.9744796], [110.4273498, -6.9742932], [110.427103, -6.9739684], [110.4266792, -6.9727331], [110.4264861, -6.9725041], [110.4256707, -6.9719504], [110.4255474, -6.9716255], [110.4255152, -6.9713753], [110.4255742, -6.9700121], [110.425542, -6.9696554], [110.4253703, -6.96924], [110.4250056, -6.9687342]]]}}, {"type": "Feature", "properties": {"name": "Tambakrejo", "kecamatan": "Gayamsari", "osm_id": 8094896}, "geometry": {"type": "Polygon", "coordinates": [[[110.4405902, -6.9543639], [110.4403122, -6.9531721], [110.4402371, -6.9523139], [110.4404083, -6.9514899], [110.4406375, -6.9508798], [110.4410881, -6.9499639], [110.4429677, -6.949234], [110.4433648, -6.9491254], [110.4441652, -6.9491492], [110.4447597, -6.9492413], [110.4453312, -6.9494705], [110.4464511, -6.9500888], [110.4492567, -6.9515051], [110.450331, -6.952229], [110.4508155, -6.9528285], [110.4514155, -6.953749], [110.4516588, -6.9545189], [110.451698, -6.9553882], [110.4516063, -6.9570994], [110.4510925, -6.9571164], [110.4498667, -6.9572894], [110.4492337, -6.9574652], [110.4456449, -6.9586779], [110.4424309, -6.959883], [110.4417627, -6.9580792], [110.4405902, -6.9543639]]]}}, {"type": "Feature", "properties": {"name": "Rejomulyo", "kecamatan": "Semarang Timur", "osm_id": 8103357}, "geometry": {"type": "Polygon", "coordinates": [[[110.4385775, -6.9601213], [110.4388787, -6.9601331], [110.4391217, -6.9602963], [110.439329, -6.9605091], [110.4396185, -6.9606688], [110.4399025, -6.9607434], [110.4397577, -6.9609999], [110.4397657, -6.9614179], [110.4396853, -6.9617507], [110.4395109, -6.9619424], [110.4388618, -6.9623737], [110.4369666, -6.9634786], [110.4346561, -6.9649882], [110.4328376, -6.9660159], [110.4337603, -6.9681218], [110.433881, -6.9684972], [110.4339454, -6.9687369], [110.4339641, -6.9693891], [110.4339132, -6.969698], [110.4326686, -6.9696873], [110.4310083, -6.9697725], [110.4310291, -6.9688141], [110.43093, -6.9643123], [110.4323846, -6.9635495], [110.4359694, -6.9615096], [110.4385775, -6.9601213]]]}}, {"type": "Feature", "properties": {"name": "Bandarharjo", "kecamatan": "Semarang Utara", "osm_id": 8103503}, "geometry": {"type": "Polygon", "coordinates": [[[110.4252469, -6.9658268], [110.4251504, -6.9668892], [110.4251718, -6.9681005], [110.425137, -6.9684759], [110.4250056, -6.9687342], [110.4246917, -6.9683535], [110.4236323, -6.9679594], [110.4228651, -6.9678316], [110.4223622, -6.9676053], [110.4222684, -6.9674895], [110.4222026, -6.9672579], [110.4222697, -6.966796], [110.4228035, -6.9656218], [110.4229081, -6.9650787], [110.4228893, -6.9648684], [110.4226613, -6.9644131], [110.4224735, -6.9642614], [110.4218566, -6.9641176], [110.4215187, -6.9638913], [110.4205906, -6.9630073], [110.419566, -6.9623897], [110.4187104, -6.9619743], [110.4182383, -6.9616122], [110.4177958, -6.9611969], [110.4173505, -6.9606697], [110.4170018, -6.9597778], [110.4166505, -6.9594903], [110.4164413, -6.9593784], [110.4161999, -6.9593279], [110.4154435, -6.9594823], [110.4151565, -6.9594344], [110.4144216, -6.9590164], [110.4135552, -6.9578768], [110.4129007, -6.9568278], [110.4126593, -6.9565722], [110.4123884, -6.9564444], [110.4113236, -6.9562793], [110.4107013, -6.9560664], [110.4088318, -6.953766], [110.4084402, -6.9530578], [110.4077321, -6.9512313], [110.4073405, -6.9493409], [110.4075712, -6.9486753], [110.4076463, -6.9477541], [110.4091376, -6.9470405], [110.4124743, -6.946279], [110.4144001, -6.9460128], [110.4163957, -6.9458424], [110.4163259, -6.9427858], [110.4189813, -6.9427964], [110.4188445, -6.948441], [110.4188365, -6.9515242], [110.4189008, -6.9521126], [110.4197672, -6.9549162], [110.4204297, -6.9568757], [110.4213309, -6.9570914], [110.4217896, -6.9571127], [110.4234445, -6.9568278], [110.4243162, -6.9566175], [110.4243752, -6.9577384], [110.424976, -6.9628955], [110.4252067, -6.9650388], [110.4252469, -6.9658268]]]}}, {"type": "Feature", "properties": {"name": "Wonodri", "kecamatan": "Semarang Selatan", "osm_id": 8107518}, "geometry": {"type": "Polygon", "coordinates": [[[110.4319927, -6.9942925], [110.43199, -6.9975617], [110.4320544, -6.998403], [110.4322368, -6.9990206], [110.4326123, -6.9997607], [110.4331309, -7.0009788], [110.4331593, -7.0011873], [110.4331434, -7.0018798], [110.4329395, -7.0027424], [110.4325157, -7.0038392], [110.4320571, -7.0047284], [110.4317299, -7.0047204], [110.4307455, -7.0049733], [110.4302734, -7.004952], [110.4272962, -7.0044382], [110.4267383, -7.0042465], [110.4242653, -7.001555], [110.4245764, -7.0010758], [110.4257318, -7.0005001], [110.4261696, -7.0003517], [110.4270977, -7.0001867], [110.427956, -7.0001707], [110.4279506, -6.9985308], [110.4280794, -6.9970665], [110.4283047, -6.9958259], [110.4275912, -6.9954639], [110.4288357, -6.9929986], [110.4311344, -6.9941035], [110.4319927, -6.9942925]]]}}, {"type": "Feature", "properties": {"name": "Kembangsari", "kecamatan": "Semarang Tengah", "osm_id": 8107542}, "geometry": {"type": "Polygon", "coordinates": [[[110.4206335, -6.9769396], [110.4213331, -6.9805502], [110.4205048, -6.9807947], [110.4188633, -6.9817105], [110.4175544, -6.9820886], [110.4172486, -6.9804646], [110.4168194, -6.9786222], [110.4165029, -6.977536], [110.4200649, -6.9738726], [110.420387, -6.9756595], [110.4208898, -6.9766477], [110.4206335, -6.9769396]]]}}, {"type": "Feature", "properties": {"name": "Peterongan", "kecamatan": "Semarang Selatan", "osm_id": 8107612}, "geometry": {"type": "Polygon", "coordinates": [[[110.4329395, -7.0027424], [110.4331434, -7.0018798], [110.4331309, -7.0009788], [110.4326123, -6.9997607], [110.4322368, -6.9990206], [110.4320544, -6.998403], [110.43199, -6.9975617], [110.4319927, -6.9942925], [110.4327384, -6.994556], [110.4387967, -6.9970773], [110.4385835, -6.9974246], [110.4384647, -6.9980775], [110.438499, -6.9984269], [110.4379284, -6.9998193], [110.4375905, -7.0004316], [110.4372364, -7.0007777], [110.4357398, -7.001784], [110.4359114, -7.0019597], [110.4364318, -7.0021035], [110.43648, -7.0026625], [110.4366088, -7.0032535], [110.4366356, -7.0038019], [110.4370433, -7.0042811], [110.4371023, -7.005165], [110.4370782, -7.0054498], [110.4369307, -7.0059104], [110.4337281, -7.0050638], [110.4320571, -7.0047284], [110.4325157, -7.0038392], [110.4329395, -7.0027424]]]}}, {"type": "Feature", "properties": {"name": "Tawangsari", "kecamatan": "Semarang Barat", "osm_id": 8107631}, "geometry": {"type": "Polygon", "coordinates": [[[110.3801268, -6.9799587], [110.3843164, -6.9794316], [110.3842199, -6.9777596], [110.3839087, -6.9762794], [110.3837263, -6.9719876], [110.383898, -6.966993], [110.3838766, -6.9656405], [110.383662, -6.9645649], [110.3834367, -6.9618172], [110.3831577, -6.9602943], [110.3836727, -6.9579407], [110.3837049, -6.9574402], [110.3834903, -6.9559918], [110.3827286, -6.953734], [110.3813338, -6.948409], [110.3813553, -6.947525], [110.3822243, -6.9475464], [110.3831148, -6.9473866], [110.3863978, -6.9464707], [110.3865909, -6.9470032], [110.3871059, -6.9476848], [110.386827, -6.9480043], [110.3861832, -6.9478552], [110.3855824, -6.9481108], [110.385561, -6.9490693], [110.3863549, -6.9514762], [110.3871059, -6.9517105], [110.3905177, -6.9509437], [110.3889513, -6.9486859], [110.3908396, -6.9470884], [110.3925562, -6.9461086], [110.3937846, -6.9455229], [110.3963811, -6.9508798], [110.397867, -6.9540535], [110.3983873, -6.9553155], [110.3970355, -6.9556563], [110.3965688, -6.9558587], [110.3959787, -6.9562367], [110.3954798, -6.956732], [110.3951847, -6.957158], [110.3950185, -6.9574988], [110.3948951, -6.9578555], [110.3946429, -6.9597725], [110.3939938, -6.9660398], [110.3937578, -6.9670835], [110.3935379, -6.9676533], [110.393039, -6.9688087], [110.3926903, -6.9691815], [110.390573, -6.9710879], [110.3893804, -6.971977], [110.388726, -6.9725361], [110.3882325, -6.9731857], [110.3879696, -6.9736649], [110.3876799, -6.9747565], [110.387637, -6.976093], [110.3877819, -6.9783933], [110.3877014, -6.9794529], [110.387342, -6.980603], [110.3867894, -6.9814603], [110.3841502, -6.9844527], [110.3839677, -6.9843675], [110.3838014, -6.9843781], [110.3836244, -6.984506], [110.3831845, -6.9839788], [110.3823638, -6.9828127], [110.3801268, -6.9799587]]]}}, {"type": "Feature", "properties": {"name": "Bendan Duwur", "kecamatan": "Gajahmungkur", "osm_id": 8110707}, "geometry": {"type": "Polygon", "coordinates": [[[110.3995803, -7.0156391], [110.3995799, -7.0158994], [110.3998168, -7.0160614], [110.4002586, -7.0165066], [110.4003027, -7.0168181], [110.400783, -7.0173794], [110.4010403, -7.018154], [110.4012859, -7.0182464], [110.4022066, -7.0187784], [110.4027522, -7.0193943], [110.4015687, -7.0204431], [110.4032131, -7.0224536], [110.40329, -7.02272], [110.40355, -7.02303], [110.4044491, -7.023971], [110.40532, -7.025], [110.4063041, -7.0260548], [110.4055357, -7.0266508], [110.4041229, -7.0250461], [110.4030866, -7.0244129], [110.402927, -7.0243854], [110.4028262, -7.0251154], [110.4028597, -7.0257482], [110.4024833, -7.0274625], [110.4024128, -7.0277341], [110.4019863, -7.028065], [110.4017678, -7.0277612], [110.4010273, -7.0269469], [110.4006543, -7.0266977], [110.4001777, -7.0262826], [110.3994316, -7.0258362], [110.3992556, -7.0256391], [110.3991521, -7.0254213], [110.3991524, -7.0251934], [110.3994958, -7.0242924], [110.3995606, -7.0240413], [110.3995606, -7.0237974], [110.3994343, -7.0237846], [110.3986076, -7.0232639], [110.3983565, -7.0231823], [110.3980558, -7.0231405], [110.3972987, -7.0231809], [110.3970914, -7.0230874], [110.3967288, -7.0227865], [110.3963455, -7.0223526], [110.3961614, -7.0220897], [110.3959835, -7.0217079], [110.3956729, -7.0213138], [110.3949374, -7.020629], [110.3940364, -7.0196953], [110.3937877, -7.0195396], [110.3936218, -7.019529], [110.3933417, -7.0196012], [110.3930924, -7.0198703], [110.3928741, -7.0202741], [110.3926041, -7.0205742], [110.392023, -7.0208221], [110.3915458, -7.0209562], [110.3911724, -7.0209557], [110.3909341, -7.0208414], [110.3907684, -7.020634], [110.3906964, -7.0201469], [110.3905078, -7.0199171], [110.3899192, -7.0197004], [110.3894941, -7.0196584], [110.3885416, -7.0193691], [110.3877887, -7.0187812], [110.3874094, -7.018002], [110.3873557, -7.0177611], [110.387431, -7.0172873], [110.3876922, -7.016795], [110.3877538, -7.016322], [110.387454, -7.0150763], [110.3876564, -7.0150938], [110.3888365, -7.0160074], [110.3896723, -7.0164128], [110.3906502, -7.01662], [110.3937028, -7.0169248], [110.3957238, -7.0172305], [110.3965374, -7.0175308], [110.3971977, -7.017886], [110.3981149, -7.016388], [110.3973835, -7.0157542], [110.3978448, -7.0152644], [110.3981058, -7.0151012], [110.3983365, -7.0150394], [110.3986889, -7.01525], [110.3991057, -7.0153484], [110.399349, -7.0155988], [110.3995803, -7.0156391]]]}}, {"type": "Feature", "properties": {"name": "Tanjung Mas", "kecamatan": "Semarang Utara", "osm_id": 8111416}, "geometry": {"type": "Polygon", "coordinates": [[[110.4188365, -6.9515242], [110.4190457, -6.9510076], [110.4194212, -6.9510502], [110.4200864, -6.9524134], [110.4210198, -6.9523282], [110.421567, -6.9535849], [110.4220819, -6.9542452], [110.4239273, -6.9550972], [110.424689, -6.9538086], [110.4234767, -6.9532015], [110.420655, -6.9514975], [110.4196894, -6.9505816], [110.419389, -6.9492717], [110.419389, -6.9483558], [110.4195177, -6.9476742], [110.4201615, -6.9474505], [110.4215991, -6.9483132], [110.4231763, -6.9495805], [110.424217, -6.9502515], [110.4260838, -6.9513058], [110.4265129, -6.950571], [110.4232192, -6.9470139], [110.4230475, -6.9425302], [110.423305, -6.9389517], [110.4232836, -6.935533], [110.4263949, -6.9356182], [110.4263091, -6.9409326], [110.4266631, -6.9418379], [110.4278219, -6.941593], [110.4285192, -6.9438508], [110.4292703, -6.9435845], [110.4307186, -6.9431798], [110.4323441, -6.9428231], [110.4337817, -6.9468382], [110.4340124, -6.9476902], [110.4340392, -6.9483558], [110.4353482, -6.9501743], [110.436303, -6.9513165], [110.4364237, -6.9512766], [110.4364666, -6.9509997], [110.4365954, -6.9507041], [110.4369333, -6.9502675], [110.4370406, -6.949924], [110.436928, -6.9495859], [110.4367322, -6.9492637], [110.4365042, -6.9490507], [110.4353937, -6.9482093], [110.4350772, -6.9479138], [110.4342887, -6.9474186], [110.434168, -6.9472881], [110.4340607, -6.9469207], [110.4342377, -6.9468568], [110.4345837, -6.9468595], [110.4347527, -6.9468808], [110.4349324, -6.9470192], [110.4350772, -6.9470192], [110.4351309, -6.9468222], [110.435273, -6.9466385], [110.4350102, -6.9464068], [110.4351604, -6.946098], [110.4355574, -6.9457119], [110.4355466, -6.9453924], [110.4356217, -6.944977], [110.4355144, -6.9448013], [110.4356539, -6.9446096], [110.4356298, -6.9444925], [110.4354903, -6.9443886], [110.4357398, -6.9436378], [110.4364559, -6.9432757], [110.4368287, -6.9430201], [110.4372579, -6.9422], [110.4381645, -6.9419551], [110.4387492, -6.9444579], [110.4393285, -6.9461565], [110.4397309, -6.9457891], [110.4400045, -6.9457678], [110.4405194, -6.9460234], [110.4413134, -6.9460234], [110.4418123, -6.94433], [110.4424989, -6.9422639], [110.4429603, -6.9400806], [110.443089, -6.9398144], [110.4431212, -6.9394949], [110.442971, -6.939431], [110.4416299, -6.9396014], [110.4416942, -6.939218], [110.4421556, -6.9383872], [110.4427242, -6.9378121], [110.4433143, -6.937482], [110.4448485, -6.9373755], [110.4449236, -6.9379825], [110.4444945, -6.9407409], [110.444237, -6.9417314], [110.443486, -6.943936], [110.4424238, -6.9466411], [110.4416299, -6.9483984], [110.4410881, -6.9499639], [110.4382718, -6.9512047], [110.4370607, -6.9516666], [110.4365605, -6.9519155], [110.4362279, -6.9521898], [110.4349628, -6.95284], [110.4307848, -6.9543737], [110.4307547, -6.955669], [110.4308226, -6.9575879], [110.4307616, -6.9580685], [110.4309869, -6.9671155], [110.4303431, -6.9675574], [110.4295868, -6.9679301], [110.4288572, -6.968223], [110.428412, -6.9683295], [110.4250056, -6.9687342], [110.425137, -6.9684759], [110.4251718, -6.9681005], [110.4251504, -6.9668892], [110.425247, -6.9656192], [110.424976, -6.9628955], [110.4243752, -6.9577384], [110.4243162, -6.9566175], [110.4234445, -6.9568278], [110.4217896, -6.9571127], [110.4213309, -6.9570914], [110.4204297, -6.9568757], [110.4192683, -6.9533586], [110.4189008, -6.9521126], [110.4188365, -6.9515242]]]}}, {"type": "Feature", "properties": {"name": "Kemijen", "kecamatan": "Semarang Timur", "osm_id": 8114714}, "geometry": {"type": "Polygon", "coordinates": [[[110.4410881, -6.9499639], [110.4406375, -6.9508798], [110.4404083, -6.9514899], [110.4402371, -6.9523139], [110.4402807, -6.9529726], [110.4406627, -6.9546746], [110.4417627, -6.9580792], [110.4424309, -6.959883], [110.4406321, -6.9604567], [110.4399025, -6.9607434], [110.4396185, -6.9606688], [110.439329, -6.9605091], [110.4391217, -6.9602963], [110.4388787, -6.9601331], [110.4385775, -6.9601213], [110.4384605, -6.9601615], [110.4347792, -6.962173], [110.4323846, -6.9635495], [110.43093, -6.9643123], [110.4307616, -6.9580685], [110.4308226, -6.9575879], [110.4307547, -6.955669], [110.4307848, -6.9543737], [110.4349628, -6.95284], [110.4362279, -6.9521898], [110.4365605, -6.9519155], [110.4370607, -6.9516666], [110.4382718, -6.9512047], [110.4410881, -6.9499639]]]}}, {"type": "Feature", "properties": {"name": "Bendan Ngisor", "kecamatan": "Gajahmungkur", "osm_id": 8115163}, "geometry": {"type": "Polygon", "coordinates": [[[110.4015304, -7.0125393], [110.4016722, -7.0126826], [110.4022275, -7.0129245], [110.4023805, -7.0131161], [110.402513, -7.0134557], [110.4024992, -7.0139724], [110.4022652, -7.0142488], [110.4010892, -7.0144772], [110.4008319, -7.0146066], [110.400776, -7.014799], [110.4008614, -7.015096], [110.4008507, -7.0153153], [110.4005919, -7.0155255], [110.399956, -7.0154788], [110.3997107, -7.0155167], [110.3995803, -7.0156391], [110.399349, -7.0155988], [110.3991057, -7.0153484], [110.3986889, -7.01525], [110.3983365, -7.0150394], [110.3981058, -7.0151012], [110.3978448, -7.0152644], [110.3973835, -7.0157542], [110.3981149, -7.016388], [110.3971977, -7.017886], [110.3965374, -7.0175308], [110.3957238, -7.0172305], [110.3937028, -7.0169248], [110.3944519, -7.0146563], [110.3949776, -7.0133319], [110.3952149, -7.0125455], [110.396138, -7.0102334], [110.3962711, -7.0095813], [110.3963728, -7.0093094], [110.3964405, -7.0089476], [110.3962008, -7.008595], [110.39607, -7.0076347], [110.3960808, -7.0073444], [110.3961874, -7.0069652], [110.3962394, -7.0062772], [110.3964101, -7.0055595], [110.3965827, -7.0052315], [110.3981798, -7.0053427], [110.3984931, -7.0052228], [110.3990152, -7.0049334], [110.3992612, -7.0048473], [110.3996288, -7.0048097], [110.400176, -7.0048788], [110.4023425, -7.005482], [110.4021738, -7.0066583], [110.4021501, -7.0071415], [110.4019008, -7.0070364], [110.4015721, -7.0071895], [110.4011028, -7.0067475], [110.4007437, -7.0067891], [110.4009116, -7.0075601], [110.4010126, -7.0085114], [110.4011728, -7.0085917], [110.4015776, -7.0089705], [110.4017198, -7.0092198], [110.4017907, -7.009478], [110.4017814, -7.0098162], [110.401558, -7.0103677], [110.4012197, -7.0101981], [110.4000267, -7.0097872], [110.3998486, -7.0097692], [110.3997717, -7.0098404], [110.3997423, -7.009996], [110.3998248, -7.0102112], [110.4000927, -7.0104565], [110.400598, -7.0108093], [110.4016038, -7.0112321], [110.4014127, -7.0118478], [110.401742, -7.0120013], [110.4015304, -7.0125393]]]}}, {"type": "Feature", "properties": {"name": "Lamper Lor", "kecamatan": "Semarang Selatan", "osm_id": 8118282}, "geometry": {"type": "Polygon", "coordinates": [[[110.438499, -6.9984269], [110.4391453, -6.9990746], [110.4407171, -7.0002883], [110.4410022, -7.00336], [110.4411203, -7.0037008], [110.4412919, -7.0060382], [110.4414314, -7.0064535], [110.4414368, -7.006709], [110.4403263, -7.0067889], [110.4369307, -7.0059104], [110.4370782, -7.0054498], [110.4371023, -7.005165], [110.4370433, -7.0042811], [110.4366356, -7.0038019], [110.4366088, -7.0032535], [110.43648, -7.0026625], [110.4364318, -7.0021035], [110.4359114, -7.0019597], [110.4357398, -7.001784], [110.4372364, -7.0007777], [110.4375905, -7.0004316], [110.4379284, -6.9998193], [110.438499, -6.9984269]]]}}, {"type": "Feature", "properties": {"name": "Sampangan", "kecamatan": "Gajahmungkur", "osm_id": 8118796}, "geometry": {"type": "Polygon", "coordinates": [[[110.3886853, -7.0076072], [110.3891724, -7.0062447], [110.3894029, -7.0059587], [110.3895531, -7.0058807], [110.3906258, -7.0057854], [110.3914448, -7.0058344], [110.3929836, -7.0061671], [110.3936909, -7.0062027], [110.394258, -7.0060094], [110.3949241, -7.0056666], [110.3955371, -7.0047998], [110.3963413, -7.0050473], [110.3965827, -7.0052315], [110.3964101, -7.0055595], [110.3962394, -7.0062772], [110.3961874, -7.0069652], [110.3960808, -7.0073444], [110.39607, -7.0076347], [110.3962008, -7.008595], [110.3964405, -7.0089476], [110.3963728, -7.0093094], [110.3962711, -7.0095813], [110.396138, -7.0102334], [110.3952149, -7.0125455], [110.3949776, -7.0133319], [110.3944519, -7.0146563], [110.3937028, -7.0169248], [110.3906502, -7.01662], [110.3896723, -7.0164128], [110.3888365, -7.0160074], [110.3876564, -7.0150938], [110.387454, -7.0150763], [110.387522, -7.0149403], [110.3875243, -7.0142441], [110.387585, -7.0136312], [110.387451, -7.0130628], [110.3871676, -7.0123897], [110.3866964, -7.0115119], [110.3866638, -7.0112078], [110.386748, -7.0109134], [110.3881154, -7.0085185], [110.3886853, -7.0076072]]]}}, {"type": "Feature", "properties": {"name": "Lamper Kidul", "kecamatan": "Semarang Selatan", "osm_id": 8126571}, "geometry": {"type": "Polygon", "coordinates": [[[110.4320571, -7.0047284], [110.4337281, -7.0050638], [110.4403263, -7.0067889], [110.4414368, -7.006709], [110.441477, -7.0078618], [110.4417211, -7.0089506], [110.4417425, -7.0093952], [110.441536, -7.0103855], [110.441418, -7.0106597], [110.4381457, -7.0096694], [110.4360589, -7.0091849], [110.4356566, -7.0091369], [110.4340795, -7.0092488], [110.4337388, -7.009129], [110.4327437, -7.0086338], [110.4325077, -7.0085939], [110.4319096, -7.0063017], [110.4319203, -7.0055616], [110.4320571, -7.0047284]]]}}, {"type": "Feature", "properties": {"name": "Lamper Tengah", "kecamatan": "Semarang Selatan", "osm_id": 8132901}, "geometry": {"type": "Polygon", "coordinates": [[[110.4495626, -7.0061985], [110.4478365, -7.0077899], [110.4462433, -7.009483], [110.4451811, -7.0107396], [110.4448271, -7.0114743], [110.4440117, -7.0111602], [110.4431856, -7.0110936], [110.441418, -7.0106597], [110.4416621, -7.0098877], [110.4417425, -7.0093952], [110.4417211, -7.0089506], [110.441477, -7.0078618], [110.4414314, -7.0064535], [110.4412919, -7.0060382], [110.4411203, -7.0037008], [110.4410022, -7.00336], [110.4407171, -7.0002883], [110.4419599, -7.0007801], [110.4431061, -7.0011606], [110.4433706, -7.0012918], [110.4439181, -7.0016797], [110.4454403, -7.0024166], [110.4467283, -7.0027511], [110.447465, -7.0029977], [110.4483761, -7.0034841], [110.4487247, -7.0037531], [110.4489868, -7.0040327], [110.4489856, -7.0043368], [110.4491274, -7.0051755], [110.4495626, -7.0061985]]]}}, {"type": "Feature", "properties": {"name": "Sekayu", "kecamatan": "Semarang Tengah", "osm_id": 8135074}, "geometry": {"type": "Polygon", "coordinates": [[[110.4095178, -6.9833771], [110.4135941, -6.9743824], [110.4138717, -6.9740177], [110.4150818, -6.9734476], [110.4153952, -6.9742932], [110.4157841, -6.9747751], [110.4158539, -6.9750014], [110.4165577, -6.9777797], [110.4168194, -6.9786222], [110.4172486, -6.9804646], [110.4175544, -6.9820886], [110.4169267, -6.9821418], [110.415988, -6.982408], [110.4153389, -6.9827861], [110.414663, -6.9832919], [110.4142928, -6.9837019], [110.4139548, -6.9839948], [110.4132199, -6.9845113], [110.4128873, -6.9846018], [110.4124528, -6.9845911], [110.4117823, -6.9844634], [110.4111707, -6.9844314], [110.4100388, -6.9845592], [110.4095963, -6.9846604], [110.4091395, -6.9844384], [110.4090464, -6.9840054], [110.4090679, -6.9838563], [110.4091698, -6.9837286], [110.4093844, -6.9835901], [110.4095178, -6.9833771]]]}}, {"type": "Feature", "properties": {"name": "Miroto", "kecamatan": "Semarang Tengah", "osm_id": 8135084}, "geometry": {"type": "Polygon", "coordinates": [[[110.4188633, -6.9817105], [110.4205048, -6.9807947], [110.4213331, -6.9805502], [110.4220583, -6.9843438], [110.4223099, -6.9859409], [110.4189438, -6.9856667], [110.4172754, -6.9855868], [110.4158592, -6.9854058], [110.4141802, -6.9849053], [110.4143998, -6.9839343], [110.414663, -6.9832919], [110.4153389, -6.9827861], [110.415988, -6.982408], [110.4169267, -6.9821418], [110.4175544, -6.9820886], [110.4188633, -6.9817105]]]}}, {"type": "Feature", "properties": {"name": "Pandansari", "kecamatan": "Semarang Tengah", "osm_id": 8147808}, "geometry": {"type": "Polygon", "coordinates": [[[110.4197095, -6.9711756], [110.4214141, -6.9703556], [110.4227525, -6.9698204], [110.4236591, -6.96969], [110.4239729, -6.9698018], [110.4227579, -6.9709812], [110.4200649, -6.9738726], [110.4165029, -6.977536], [110.4157841, -6.9747751], [110.4153952, -6.9742932], [110.4150818, -6.9734476], [110.4181565, -6.9720009], [110.4197095, -6.9711756]]]}}, {"type": "Feature", "properties": {"name": "Candi", "kecamatan": "Candisari", "osm_id": 8148216}, "geometry": {"type": "Polygon", "coordinates": [[[110.4320571, -7.0047284], [110.4319203, -7.0055616], [110.4319096, -7.0063017], [110.4325077, -7.0085939], [110.432505, -7.0088814], [110.4324782, -7.0091103], [110.4323709, -7.0093313], [110.4318237, -7.0099356], [110.4316843, -7.0104121], [110.4318103, -7.0125072], [110.4317728, -7.0127309], [110.4312176, -7.0139368], [110.43107, -7.0143867], [110.4309386, -7.0149058], [110.430901, -7.0155474], [110.4308286, -7.0158695], [110.4306731, -7.0160079], [110.4303324, -7.0161011], [110.4289484, -7.0163088], [110.4282001, -7.0162901], [110.4258013, -7.0160126], [110.4261482, -7.0148845], [110.4262541, -7.014199], [110.4266699, -7.013439], [110.4269515, -7.0127681], [110.4268576, -7.0121265], [110.4268791, -7.0119908], [110.4271352, -7.0116247], [110.4271433, -7.011485], [110.4267785, -7.0105532], [110.4267088, -7.0100474], [110.4266953, -7.0083143], [110.4267356, -7.0080135], [110.4277065, -7.0061553], [110.4280713, -7.0045873], [110.430611, -7.0049732], [110.4317299, -7.0047204], [110.4320571, -7.0047284]]]}}, {"type": "Feature", "properties": {"name": "Sukorejo", "kecamatan": "Gunungpati", "osm_id": 8154786}, "geometry": {"type": "Polygon", "coordinates": [[[110.3995606, -7.0237974], [110.3995606, -7.0240413], [110.3994958, -7.0242924], [110.3991524, -7.0251934], [110.3991521, -7.0254213], [110.3992556, -7.0256391], [110.3994316, -7.0258362], [110.4001777, -7.0262826], [110.4006543, -7.0266977], [110.4010273, -7.0269469], [110.4025339, -7.0286835], [110.4031748, -7.0289368], [110.403387, -7.0291942], [110.4035728, -7.0302196], [110.4037808, -7.0307586], [110.4038535, -7.0313402], [110.4037385, -7.0322996], [110.4037536, -7.0326475], [110.4039081, -7.0328996], [110.4039958, -7.0331677], [110.4040149, -7.033844], [110.4041192, -7.0341969], [110.4045335, -7.0349398], [110.4040541, -7.0357036], [110.4030446, -7.0364461], [110.4016988, -7.0363373], [110.4004994, -7.0359016], [110.4003905, -7.0347288], [110.4006739, -7.0339994], [110.4005715, -7.033506], [110.3992568, -7.0342067], [110.3984845, -7.0347545], [110.3965759, -7.035788], [110.3959527, -7.0356454], [110.3946937, -7.0354958], [110.3941844, -7.0355722], [110.3936408, -7.0359292], [110.3931405, -7.0361567], [110.3927949, -7.0361624], [110.3924697, -7.0360854], [110.3912063, -7.0355043], [110.3895783, -7.0349158], [110.3886734, -7.0347469], [110.3879819, -7.0348776], [110.3865232, -7.0352867], [110.3857658, -7.0355554], [110.3850414, -7.035686], [110.3840534, -7.0360662], [110.3828497, -7.0364439], [110.3826078, -7.0367373], [110.3824462, -7.0367283], [110.3822423, -7.0366294], [110.3817812, -7.0367932], [110.3815311, -7.0371088], [110.3815415, -7.037162], [110.3816742, -7.0371674], [110.381649, -7.0372412], [110.381384, -7.0375062], [110.3813054, -7.0374677], [110.381225, -7.0371008], [110.3811389, -7.0371337], [110.3810622, -7.0373476], [110.3808916, -7.0371561], [110.3806693, -7.0370873], [110.3805314, -7.0372361], [110.3802992, -7.037312], [110.3802469, -7.037465], [110.3801284, -7.0375626], [110.3798385, -7.0375434], [110.3797876, -7.0374887], [110.3797363, -7.037178], [110.3796598, -7.0371275], [110.3790806, -7.0370665], [110.3788947, -7.036946], [110.3788873, -7.0367376], [110.378749, -7.0363522], [110.3790719, -7.0359823], [110.3791213, -7.0356901], [110.3789773, -7.0352579], [110.3787311, -7.0348727], [110.3782086, -7.0346171], [110.3776835, -7.0345945], [110.3767473, -7.035035], [110.3765819, -7.0350613], [110.3764012, -7.0350064], [110.3762309, -7.0348525], [110.3760794, -7.0345519], [110.3759924, -7.03412], [110.3763932, -7.0336189], [110.3767972, -7.0333024], [110.377555, -7.0325174], [110.3784779, -7.0314396], [110.3782824, -7.0311595], [110.3781517, -7.0308711], [110.3780109, -7.0301828], [110.3773458, -7.0292378], [110.3771339, -7.0287012], [110.377258, -7.0280594], [110.3782825, -7.0269545], [110.3791135, -7.0261725], [110.3792674, -7.0258591], [110.3793978, -7.0253029], [110.3794352, -7.0249074], [110.3793095, -7.0245577], [110.3787743, -7.0238572], [110.378448, -7.0229227], [110.3786839, -7.0212156], [110.3789087, -7.0203255], [110.3788898, -7.0195118], [110.3790414, -7.0184748], [110.3792425, -7.0177948], [110.3795383, -7.0176575], [110.3796834, -7.0176219], [110.3801006, -7.0176653], [110.380286, -7.0178199], [110.3811958, -7.01923], [110.3817161, -7.0201316], [110.381957, -7.0204802], [110.3820949, -7.02055], [110.3825115, -7.0204999], [110.3827557, -7.0203304], [110.3831497, -7.0189171], [110.3832977, -7.0181036], [110.3835418, -7.0177604], [110.3837756, -7.017654], [110.3846101, -7.0175817], [110.3855036, -7.017409], [110.3869568, -7.0174881], [110.3873826, -7.0174629], [110.3873557, -7.0177611], [110.3874094, -7.018002], [110.3877887, -7.0187812], [110.3885416, -7.0193691], [110.3894941, -7.0196584], [110.3899192, -7.0197004], [110.3905078, -7.0199171], [110.3906964, -7.0201469], [110.3907684, -7.020634], [110.3909341, -7.0208414], [110.3911724, -7.0209557], [110.3915458, -7.0209562], [110.392023, -7.0208221], [110.3926041, -7.0205742], [110.3928741, -7.0202741], [110.3930924, -7.0198703], [110.3933417, -7.0196012], [110.3936218, -7.019529], [110.3937877, -7.0195396], [110.3940364, -7.0196953], [110.3949374, -7.020629], [110.3956729, -7.0213138], [110.3959835, -7.0217079], [110.3961614, -7.0220897], [110.3963455, -7.0223526], [110.3967288, -7.0227865], [110.3970914, -7.0230874], [110.3972987, -7.0231809], [110.3980558, -7.0231405], [110.3983565, -7.0231823], [110.3986076, -7.0232639], [110.3994343, -7.0237846], [110.3995606, -7.0237974]]]}}, {"type": "Feature", "properties": {"name": "Bongsari", "kecamatan": "Semarang Barat", "osm_id": 8155054}, "geometry": {"type": "Polygon", "coordinates": [[[110.3900886, -6.9875676], [110.3914082, -6.9876421], [110.3923255, -6.9879882], [110.3972608, -6.9909487], [110.3983605, -6.99179], [110.3990471, -6.9924023], [110.3985912, -6.9939091], [110.3985321, -6.9942925], [110.3986019, -6.9944895], [110.3988594, -6.9947184], [110.39931, -6.9948409], [110.399192, -6.9963105], [110.39909, -6.9966033], [110.3989613, -6.9967843], [110.3987575, -6.9968642], [110.3979903, -6.9967524], [110.3978509, -6.9968642], [110.3972554, -6.9983657], [110.3942138, -6.9971996], [110.394026, -6.9977694], [110.3937525, -6.998158], [110.3934252, -6.9990366], [110.3916067, -6.9984189], [110.390979, -6.9983444], [110.3906411, -6.9970612], [110.3907376, -6.9970293], [110.3912902, -6.995778], [110.3918803, -6.9946705], [110.3919446, -6.9940742], [110.3929424, -6.9938825], [110.3925133, -6.9924768], [110.392127, -6.9926259], [110.391258, -6.9925247], [110.3906196, -6.992184], [110.3905097, -6.9920455], [110.389477, -6.9912415], [110.3888065, -6.9908528], [110.3896648, -6.9887709], [110.3898847, -6.9879084], [110.3900886, -6.9875676]]]}}, {"type": "Feature", "properties": {"name": "Jomblang", "kecamatan": "Candisari", "osm_id": 8158904}, "geometry": {"type": "Polygon", "coordinates": [[[110.4420805, -7.0108354], [110.4431856, -7.0110936], [110.4440117, -7.0111602], [110.4448271, -7.0114743], [110.4435933, -7.0146582], [110.4430515, -7.0162608], [110.4424131, -7.0178421], [110.4399052, -7.0201608], [110.4390858, -7.0205642], [110.4374725, -7.0209355], [110.4377058, -7.0204243], [110.4381725, -7.0196231], [110.4380786, -7.0192105], [110.4378936, -7.019293], [110.4377944, -7.019269], [110.4376093, -7.0190507], [110.4373786, -7.0191412], [110.4363674, -7.0193169], [110.4360456, -7.0195139], [110.43589, -7.0194101], [110.4358229, -7.0192078], [110.436193, -7.0190241], [110.4374429, -7.0188058], [110.4376991, -7.0184877], [110.4379418, -7.0182774], [110.437848, -7.0181469], [110.4375852, -7.0180444], [110.4375167, -7.0181203], [110.4370648, -7.0180418], [110.4369253, -7.0181029], [110.436413, -7.0180418], [110.4361233, -7.0180844], [110.4358685, -7.0182175], [110.4356834, -7.0182148], [110.435611, -7.018135], [110.435662, -7.0180524], [110.4359302, -7.0178688], [110.4359221, -7.0177436], [110.4360026, -7.0176744], [110.4368636, -7.017701], [110.4371452, -7.0176451], [110.4374966, -7.0173444], [110.4377058, -7.0170834], [110.4376803, -7.0169344], [110.4376066, -7.0168359], [110.4376387, -7.0167134], [110.4379888, -7.0161903], [110.4379673, -7.0154276], [110.4378882, -7.0151853], [110.4372136, -7.015578], [110.4370822, -7.0156925], [110.4370138, -7.0158389], [110.4357894, -7.0162954], [110.4349887, -7.0167081], [110.4346937, -7.0168066], [110.4337469, -7.0168785], [110.4336396, -7.0168252], [110.4335859, -7.0166016], [110.4337147, -7.0160239], [110.4331005, -7.0153717], [110.4327008, -7.0151561], [110.4318505, -7.0148366], [110.43107, -7.0143867], [110.4312176, -7.0139368], [110.4317728, -7.0127309], [110.4318103, -7.0125072], [110.4316843, -7.0104121], [110.4318237, -7.0099356], [110.4323709, -7.0093313], [110.4324782, -7.0091103], [110.4325077, -7.0085939], [110.4327437, -7.0086338], [110.4337388, -7.009129], [110.4340795, -7.0092488], [110.4356566, -7.0091369], [110.4360589, -7.0091849], [110.4381457, -7.0096694], [110.4420805, -7.0108354]]]}}, {"type": "Feature", "properties": {"name": "Muktiharjo Lor", "kecamatan": "Genuk", "osm_id": 8169554}, "geometry": {"type": "Polygon", "coordinates": [[[110.4514837, -6.9611365], [110.4516063, -6.9570994], [110.458053, -6.9566654], [110.4621193, -6.9562474], [110.4620576, -6.9579727], [110.4620482, -6.9620688], [110.462236, -6.9683628], [110.4623245, -6.9694224], [110.4625444, -6.969449], [110.4624331, -6.9699216], [110.4629051, -6.9701346], [110.4624733, -6.9714964], [110.4622588, -6.9719583], [110.4620321, -6.9722525], [110.4582328, -6.9688154], [110.4572974, -6.9678719], [110.4512485, -6.9625882], [110.4514837, -6.9611365]]]}}, {"type": "Feature", "properties": {"name": "Pekunden", "kecamatan": "Semarang Tengah", "osm_id": 8174678}, "geometry": {"type": "Polygon", "coordinates": [[[110.4100388, -6.9845592], [110.4111707, -6.9844314], [110.4117823, -6.9844634], [110.4124528, -6.9845911], [110.4128873, -6.9846018], [110.4132199, -6.9845113], [110.4139548, -6.9839948], [110.4142928, -6.9837019], [110.414663, -6.9832919], [110.4143998, -6.9839343], [110.4141802, -6.9849053], [110.4158592, -6.9854058], [110.4172754, -6.9855868], [110.4189438, -6.9856667], [110.4223099, -6.9859409], [110.4284712, -6.9855865], [110.4284763, -6.985917], [110.4283905, -6.9861193], [110.4275215, -6.9873652], [110.4268885, -6.9881213], [110.4257619, -6.9890478], [110.4248178, -6.989559], [110.4239904, -6.9898206], [110.4237503, -6.9896535], [110.4227203, -6.9891383], [110.4223931, -6.9898252], [110.4187453, -6.9880894], [110.4174891, -6.9875659], [110.4137886, -6.986492], [110.4095963, -6.9846604], [110.4100388, -6.9845592]]]}}, {"type": "Feature", "properties": {"name": "Kalicari", "kecamatan": "Pedurungan", "osm_id": 8174733}, "geometry": {"type": "Polygon", "coordinates": [[[110.4577808, -7.006757], [110.4553172, -7.0060648], [110.453783, -7.0054858], [110.4531553, -7.0051996], [110.452778, -7.0048675], [110.4525545, -7.0047736], [110.4519698, -7.0044009], [110.4518303, -7.0042918], [110.4516815, -7.0040679], [110.4525972, -7.0031234], [110.4532902, -7.0020423], [110.4536013, -7.0012289], [110.4538403, -6.999647], [110.4532693, -6.995084], [110.4527259, -6.9916034], [110.4516268, -6.9835832], [110.4541719, -6.9843502], [110.4548424, -6.9857905], [110.4552448, -6.9865173], [110.4554741, -6.9871603], [110.4561017, -6.9884661], [110.456543, -6.9891636], [110.458969, -6.9922159], [110.4597187, -6.9930212], [110.4593271, -6.9934499], [110.4593794, -6.9935683], [110.4593432, -6.9937015], [110.4590522, -6.9938133], [110.4590173, -6.9940143], [110.4590656, -6.9942592], [110.4590388, -6.9943897], [110.4587571, -6.9945294], [110.4586981, -6.9946386], [110.4586244, -6.9952669], [110.458336, -6.9959258], [110.458388, -6.9961554], [110.4585613, -6.9963544], [110.4587679, -6.9964476], [110.4591333, -6.9968922], [110.4591159, -6.9970386], [110.4590186, -6.9971983], [110.45913, -6.9976096], [110.4598555, -6.998005], [110.4598555, -6.9983657], [110.4596959, -6.9987517], [110.4597133, -6.9988928], [110.459834, -6.9990672], [110.4598957, -6.9994093], [110.4601599, -6.9996209], [110.4604241, -6.9996702], [110.4612583, -6.9996848], [110.4613508, -6.9999697], [110.4612342, -7.0002492], [110.4613535, -7.0004609], [110.4613321, -7.0006419], [110.4612784, -7.0007417], [110.4608747, -7.0006912], [110.460805, -7.0009188], [110.4608332, -7.0011264], [110.4606427, -7.0014951], [110.4606226, -7.0016389], [110.4606722, -7.0017853], [110.4606011, -7.0020396], [110.4604147, -7.0020795], [110.4600942, -7.0025813], [110.460007, -7.0033014], [110.459763, -7.0033134], [110.4595309, -7.0036276], [110.4592641, -7.0038059], [110.4591018, -7.0041201], [110.4588617, -7.004369], [110.4587142, -7.0047603], [110.4585533, -7.0047603], [110.4584742, -7.0048362], [110.4583146, -7.0050878], [110.4582985, -7.0055031], [110.4581442, -7.0059091], [110.4580624, -7.005937], [110.4579672, -7.0062192], [110.4579444, -7.0064708], [110.4577808, -7.006757]]]}}, {"type": "Feature", "properties": {"name": "Gisikdrono", "kecamatan": "Semarang Barat", "osm_id": 8174793}, "geometry": {"type": "Polygon", "coordinates": [[[110.387637, -6.9754966], [110.3880715, -6.9754487], [110.3882432, -6.9753156], [110.3891176, -6.9799001], [110.3898793, -6.9831961], [110.3901154, -6.9839682], [110.3902227, -6.9848148], [110.3902924, -6.9866464], [110.3901261, -6.9874345], [110.3898847, -6.9879084], [110.3896648, -6.9887709], [110.3888065, -6.9908528], [110.389477, -6.9912415], [110.3905097, -6.9920455], [110.3906196, -6.992184], [110.391258, -6.9925247], [110.392127, -6.9926259], [110.3925133, -6.9924768], [110.3929424, -6.9938825], [110.3919446, -6.9940742], [110.3918803, -6.9946705], [110.3912902, -6.995778], [110.3907376, -6.9970293], [110.3900027, -6.997173], [110.3900778, -6.9975777], [110.3900242, -6.9979717], [110.389756, -6.9986319], [110.3894663, -6.9990898], [110.387814, -6.9990366], [110.3831363, -6.9977268], [110.3832918, -6.9970506], [110.3832006, -6.9966193], [110.3825891, -6.9954532], [110.3825676, -6.9953308], [110.3826588, -6.9948515], [110.3834259, -6.9936163], [110.3839624, -6.9929028], [110.3841662, -6.9926898], [110.3844666, -6.9924981], [110.3853679, -6.991742], [110.3853357, -6.9890052], [110.3853947, -6.986737], [110.3852928, -6.9866571], [110.3840455, -6.9850171], [110.3838792, -6.9850331], [110.3836834, -6.9849745], [110.3835627, -6.9847802], [110.3835681, -6.9845858], [110.3836995, -6.9844261], [110.3838014, -6.9843781], [110.3839677, -6.9843675], [110.3841502, -6.9844527], [110.3867894, -6.9814603], [110.387342, -6.980603], [110.3877014, -6.9794529], [110.3877819, -6.9783933], [110.387637, -6.9754966]]]}}, {"type": "Feature", "properties": {"name": "Kalibanteng Kidul", "kecamatan": "Semarang Barat", "osm_id": 8174829}, "geometry": {"type": "Polygon", "coordinates": [[[110.3831363, -6.9977268], [110.382573, -6.9974978], [110.3812158, -6.9970665], [110.3799498, -6.9970133], [110.3799498, -6.9963105], [110.3797996, -6.9953307], [110.3798211, -6.9949261], [110.3800034, -6.9942233], [110.3800464, -6.992988], [110.3800893, -6.9928069], [110.3803038, -6.9924129], [110.3810549, -6.9914439], [110.3816235, -6.9909966], [110.3823209, -6.989921], [110.3825462, -6.9879084], [110.3827393, -6.9872268], [110.3830612, -6.9865559], [110.3836834, -6.9849745], [110.3838792, -6.9850331], [110.3840455, -6.9850171], [110.3852928, -6.9866571], [110.3853947, -6.986737], [110.3853357, -6.9890052], [110.3853679, -6.991742], [110.3844666, -6.9924981], [110.3841662, -6.9926898], [110.3839624, -6.9929028], [110.3834259, -6.9936163], [110.3826588, -6.9948515], [110.3825676, -6.9953308], [110.3825891, -6.9954532], [110.3831577, -6.9965128], [110.3832918, -6.9970506], [110.3831363, -6.9977268]]]}}, {"type": "Feature", "properties": {"name": "Kalibanteng Kulon", "kecamatan": "Semarang Barat", "osm_id": 8174875}, "geometry": {"type": "Polygon", "coordinates": [[[110.3801268, -6.9799587], [110.3823638, -6.9828127], [110.3831845, -6.9839788], [110.3836244, -6.984506], [110.3835681, -6.9845858], [110.3835627, -6.9847802], [110.3836834, -6.9849745], [110.3830612, -6.9865559], [110.3827393, -6.9872268], [110.3825462, -6.9879084], [110.3823209, -6.989921], [110.3816235, -6.9909966], [110.3810549, -6.9914439], [110.3803038, -6.9924129], [110.3800893, -6.9928069], [110.3800464, -6.992988], [110.3800034, -6.9942233], [110.3798211, -6.9949261], [110.3797996, -6.9953307], [110.3792471, -6.9952562], [110.3789198, -6.9948409], [110.3777504, -6.9930625], [110.3770959, -6.9917101], [110.3768438, -6.9911563], [110.37642, -6.9888561], [110.3763664, -6.986918], [110.3762805, -6.986279], [110.3754973, -6.9864388], [110.3755188, -6.9862524], [110.3758943, -6.9854591], [110.375905, -6.9851396], [110.375728, -6.9838617], [110.375728, -6.9824187], [110.3758031, -6.9815242], [110.3761089, -6.9809065], [110.376125, -6.9802622], [110.3798441, -6.9798664], [110.3799713, -6.9799853], [110.3801268, -6.9799587]]]}}, {"type": "Feature", "properties": {"name": "Karanganyar Gunung", "kecamatan": "Candisari", "osm_id": 8178483}, "geometry": {"type": "Polygon", "coordinates": [[[110.4289484, -7.0163088], [110.4303324, -7.0161011], [110.4306731, -7.0160079], [110.4308286, -7.0158695], [110.430901, -7.0155474], [110.4309386, -7.0149058], [110.43107, -7.0143867], [110.4318505, -7.0148366], [110.4327008, -7.0151561], [110.4331005, -7.0153717], [110.4337147, -7.0160239], [110.4335859, -7.0166016], [110.4336396, -7.0168252], [110.4337469, -7.0168785], [110.4346937, -7.0168066], [110.4349887, -7.0167081], [110.4357894, -7.0162954], [110.4370138, -7.0158389], [110.4370822, -7.0156925], [110.4372136, -7.015578], [110.4378882, -7.0151853], [110.4379673, -7.0154276], [110.4379888, -7.0161903], [110.4376387, -7.0167134], [110.4376066, -7.0168359], [110.4376803, -7.0169344], [110.4377058, -7.0170834], [110.4374966, -7.0173444], [110.4371452, -7.0176451], [110.4368636, -7.017701], [110.4360026, -7.0176744], [110.4359221, -7.0177436], [110.4359302, -7.0178688], [110.435662, -7.0180524], [110.435611, -7.018135], [110.4356834, -7.0182148], [110.4358685, -7.0182175], [110.4361233, -7.0180844], [110.436413, -7.0180418], [110.4369253, -7.0181029], [110.4370648, -7.0180418], [110.4375167, -7.0181203], [110.4375852, -7.0180444], [110.437848, -7.0181469], [110.4379418, -7.0182774], [110.4376991, -7.0184877], [110.4374429, -7.0188058], [110.436193, -7.0190241], [110.4358229, -7.0192078], [110.43589, -7.0194101], [110.4360456, -7.0195139], [110.4363674, -7.0193169], [110.4373786, -7.0191412], [110.4376093, -7.0190507], [110.4377944, -7.019269], [110.4378936, -7.019293], [110.4380786, -7.0192105], [110.4381725, -7.0196231], [110.4377058, -7.0204243], [110.4374725, -7.0209355], [110.4369628, -7.0210739], [110.4363513, -7.021436], [110.4357183, -7.0219684], [110.4331434, -7.0247263], [110.4328322, -7.0253918], [110.4325962, -7.0260361], [110.4316252, -7.0294275], [110.4311907, -7.0301729], [110.4305416, -7.0307], [110.4300213, -7.0309183], [110.4281732, -7.0310979], [110.4281665, -7.0309569], [110.4282255, -7.0308078], [110.4284482, -7.0306534], [110.4288532, -7.0304963], [110.4289685, -7.0304018], [110.4289913, -7.0302887], [110.4283838, -7.0279035], [110.4282457, -7.0268906], [110.4283556, -7.023555], [110.4282081, -7.0221614], [110.4279345, -7.0210553], [110.4276408, -7.020238], [110.4276542, -7.0199905], [110.4279292, -7.018694], [110.4279426, -7.0182468], [110.4277615, -7.0180312], [110.4271983, -7.0176771], [110.4276448, -7.0172485], [110.4289484, -7.0163088]]]}}, {"type": "Feature", "properties": {"name": "Terboyo Kulon", "kecamatan": "Genuk", "osm_id": 8181910}, "geometry": {"type": "Polygon", "coordinates": [[[110.4410881, -6.9499639], [110.4416299, -6.9483984], [110.4424238, -6.9466411], [110.443486, -6.943936], [110.444237, -6.9417314], [110.4444945, -6.9407409], [110.4449236, -6.9379825], [110.4448485, -6.9373755], [110.4453957, -6.9367285], [110.4455888, -6.9366672], [110.4460716, -6.9360815], [110.4467288, -6.9357273], [110.447329, -6.9359021], [110.4484293, -6.938334], [110.4503417, -6.942019], [110.4520208, -6.9446496], [110.4536194, -6.9463536], [110.4550677, -6.9481534], [110.4553896, -6.9483292], [110.4566342, -6.9491945], [110.4575247, -6.9485954], [110.4568756, -6.947344], [110.4576856, -6.9469127], [110.4584876, -6.9481028], [110.4585788, -6.9485262], [110.4585546, -6.9489149], [110.4597482, -6.9479697], [110.4598635, -6.9479351], [110.4613897, -6.9492184], [110.4619127, -6.9495699], [110.4613897, -6.9502941], [110.4619852, -6.9529592], [110.4630125, -6.9531163], [110.4627979, -6.9561808], [110.458053, -6.9566654], [110.4516063, -6.9570994], [110.451698, -6.9553882], [110.4516588, -6.9545189], [110.4514155, -6.953749], [110.4508155, -6.9528285], [110.450331, -6.952229], [110.4492567, -6.9515051], [110.4464511, -6.9500888], [110.4453312, -6.9494705], [110.4447597, -6.9492413], [110.4441652, -6.9491492], [110.4433648, -6.9491254], [110.4429677, -6.949234], [110.4410881, -6.9499639]]]}}, {"type": "Feature", "properties": {"name": "Terboyo Wetan", "kecamatan": "Genuk", "osm_id": 8181933}, "geometry": {"type": "Polygon", "coordinates": [[[110.447329, -6.9359021], [110.4507224, -6.9344648], [110.4542471, -6.9330901], [110.4576293, -6.9374234], [110.46018, -6.9408048], [110.461835, -6.9430866], [110.4629937, -6.9445644], [110.4636615, -6.9449983], [110.4648069, -6.9452726], [110.4658851, -6.9456613], [110.4677439, -6.9468887], [110.4704019, -6.9485555], [110.470705, -6.9490827], [110.4706514, -6.9550679], [110.468747, -6.9555152], [110.4649329, -6.9558613], [110.4627979, -6.9561808], [110.4630125, -6.9531163], [110.4619852, -6.9529592], [110.4613897, -6.9502941], [110.4619127, -6.9495699], [110.4613897, -6.9492184], [110.4598635, -6.9479351], [110.4597482, -6.9479697], [110.4585546, -6.9489149], [110.4585788, -6.9485262], [110.4584876, -6.9481028], [110.4576856, -6.9469127], [110.4568756, -6.947344], [110.4575247, -6.9485954], [110.4566342, -6.9491945], [110.4553896, -6.9483292], [110.4550677, -6.9481534], [110.4536194, -6.9463536], [110.4520208, -6.9446496], [110.451149, -6.9433236], [110.4503417, -6.942019], [110.4484293, -6.938334], [110.447329, -6.9359021]]]}}, {"type": "Feature", "properties": {"name": "Ngijo", "kecamatan": "Gunungpati", "osm_id": 8185493}, "geometry": {"type": "Polygon", "coordinates": [[[110.3713216, -7.0798879], [110.3714952, -7.0795376], [110.3714029, -7.0790786], [110.3715198, -7.078879], [110.3716915, -7.0787274], [110.3718751, -7.0787241], [110.3721652, -7.0786008], [110.3725917, -7.078606], [110.3725496, -7.0781625], [110.3721017, -7.0776508], [110.3720026, -7.077175], [110.3720458, -7.0768927], [110.3725099, -7.0765109], [110.3725219, -7.0758122], [110.3726126, -7.075512], [110.372954, -7.0752007], [110.3734912, -7.0751711], [110.3737883, -7.0755506], [110.3740899, -7.0755532], [110.3742272, -7.0754068], [110.3744293, -7.075016], [110.3744043, -7.0743451], [110.3746376, -7.0740328], [110.3745858, -7.0736953], [110.3743316, -7.0733212], [110.3742421, -7.0731062], [110.3744284, -7.0728756], [110.3743977, -7.0725801], [110.3745889, -7.0722859], [110.3747095, -7.07165], [110.3748822, -7.0713537], [110.3748825, -7.0711433], [110.3746577, -7.0709851], [110.3733847, -7.0706391], [110.3733084, -7.0704764], [110.37352, -7.0697593], [110.3734199, -7.0693813], [110.3729801, -7.0689121], [110.3728081, -7.0686631], [110.3728279, -7.0682232], [110.3730007, -7.0678504], [110.3731402, -7.0673867], [110.3731693, -7.0671189], [110.3728635, -7.0666211], [110.3729214, -7.0663438], [110.3727744, -7.0652675], [110.372612, -7.0650378], [110.3725933, -7.0646551], [110.3727661, -7.0643684], [110.3731205, -7.0641967], [110.3736282, -7.0640635], [110.3742458, -7.0640404], [110.3743992, -7.0638971], [110.374476, -7.0637346], [110.374304, -7.0634857], [110.3732992, -7.0630348], [110.3731271, -7.0625418], [110.3732002, -7.0619395], [110.3731816, -7.0615377], [110.3733451, -7.0609449], [110.3739018, -7.0599796], [110.3738114, -7.0595538], [110.3735149, -7.0592761], [110.373161, -7.0590652], [110.3730368, -7.0588067], [110.3730566, -7.0583381], [110.3733541, -7.0578507], [110.3735653, -7.0573918], [110.3733311, -7.0571859], [110.3729003, -7.057147], [110.3721538, -7.0568973], [110.371683, -7.0563501], [110.3716652, -7.0561665], [110.3720783, -7.0555691], [110.3719375, -7.0553916], [110.3721834, -7.0548226], [110.3723465, -7.0546408], [110.3727082, -7.0546639], [110.3728276, -7.0547831], [110.3728824, -7.0550035], [110.3731665, -7.0551286], [110.373319, -7.0551048], [110.3737723, -7.0551893], [110.3741306, -7.0551898], [110.3743769, -7.0552572], [110.3750803, -7.0567682], [110.3752138, -7.057406], [110.3751964, -7.0578255], [110.3754146, -7.0579432], [110.3755656, -7.057916], [110.3758078, -7.0579735], [110.3759518, -7.0581621], [110.3759847, -7.0586319], [110.3760516, -7.0588837], [110.3769072, -7.0595895], [110.3770578, -7.0599756], [110.3769566, -7.0603111], [110.3767883, -7.0605793], [110.3768217, -7.0607472], [110.3773333, -7.0611757], [110.3774002, -7.0614107], [110.3775847, -7.0615955], [110.3776178, -7.0619479], [110.3777855, -7.0621495], [110.3779091, -7.062162], [110.3779765, -7.0622699], [110.3783265, -7.0625299], [110.3783665, -7.0628899], [110.3785365, -7.0629999], [110.3788765, -7.0630899], [110.3793165, -7.0634599], [110.3795165, -7.0637499], [110.3797065, -7.0642099], [110.3799333, -7.0644758], [110.3808917, -7.065231], [110.381074, -7.0654775], [110.3813392, -7.0655665], [110.381658, -7.0657509], [110.3826773, -7.0667365], [110.3832723, -7.066363], [110.3837991, -7.0661119], [110.384235, -7.0660876], [110.3856863, -7.06619], [110.3860237, -7.0661563], [110.3863067, -7.0662071], [110.3862681, -7.0654045], [110.386298, -7.0648031], [110.3864913, -7.0636611], [110.3867688, -7.0630891], [110.387068, -7.062636], [110.3876963, -7.0619015], [110.3878812, -7.0617785], [110.388515, -7.0620354], [110.389153, -7.0621866], [110.3893866, -7.0622906], [110.3897114, -7.0623302], [110.3903775, -7.0625436], [110.3910883, -7.0628355], [110.391301, -7.0628525], [110.3915195, -7.0628025], [110.3917214, -7.0625957], [110.3922907, -7.0627034], [110.3923401, -7.0629693], [110.3925938, -7.0631275], [110.3926846, -7.0632434], [110.3926422, -7.0638531], [110.392538, -7.0639846], [110.392262, -7.0654983], [110.3921039, -7.0670815], [110.3914177, -7.0693777], [110.3913266, -7.0700289], [110.3911037, -7.0707978], [110.3908793, -7.0714166], [110.38986, -7.07115], [110.38958, -7.07187], [110.3889565, -7.0741532], [110.3885194, -7.075203], [110.388458, -7.075239], [110.3852154, -7.0741824], [110.38467, -7.07407], [110.3832219, -7.0739926], [110.3829324, -7.0741723], [110.3826316, -7.0745056], [110.3825243, -7.0749934], [110.3823948, -7.075268], [110.3824505, -7.0756158], [110.3823941, -7.075756], [110.3822029, -7.0760361], [110.3816176, -7.076652], [110.3813966, -7.0767761], [110.38121, -7.07681], [110.3803349, -7.0767921], [110.38004, -7.07684], [110.3792426, -7.0772829], [110.3786974, -7.0777588], [110.3785624, -7.0779606], [110.3779272, -7.0785374], [110.3775782, -7.0792043], [110.3773141, -7.0794058], [110.3769969, -7.0794944], [110.37396, -7.07998], [110.3735737, -7.0800797], [110.3730952, -7.0804912], [110.3727684, -7.0809004], [110.3726372, -7.0810061], [110.372357, -7.0810729], [110.3722562, -7.0802287], [110.3720643, -7.0801439], [110.3714912, -7.0800273], [110.3713216, -7.0798879]]]}}, {"type": "Feature", "properties": {"name": "Kalisegoro", "kecamatan": "Gunungpati", "osm_id": 8185904}, "geometry": {"type": "Polygon", "coordinates": [[[110.3723465, -7.0546408], [110.3723866, -7.0543216], [110.372633, -7.0536422], [110.3726003, -7.0533545], [110.3724629, -7.0532562], [110.3719715, -7.0532109], [110.3718523, -7.05294], [110.3717668, -7.0520861], [110.3719657, -7.0519536], [110.3723099, -7.0507637], [110.3721674, -7.0504299], [110.3718828, -7.0502162], [110.3718117, -7.0496359], [110.3722885, -7.0492598], [110.3726892, -7.0488156], [110.3732351, -7.0479901], [110.3738849, -7.0479612], [110.3741542, -7.0477829], [110.3744173, -7.0473092], [110.3744541, -7.0469256], [110.3743166, -7.0466228], [110.3742289, -7.0461733], [110.3742802, -7.0451462], [110.374379, -7.0449824], [110.3755055, -7.0451208], [110.376241, -7.0449128], [110.3763096, -7.0446686], [110.3765444, -7.0444141], [110.376535, -7.0442078], [110.3763288, -7.0434607], [110.3763097, -7.0429228], [110.377199, -7.0422073], [110.3775416, -7.0421482], [110.3781931, -7.042347], [110.3783886, -7.0422109], [110.3784594, -7.0418542], [110.3780044, -7.0413305], [110.377612, -7.040698], [110.3775494, -7.0401908], [110.3777225, -7.0398005], [110.3779391, -7.0396361], [110.3784506, -7.0394242], [110.3789665, -7.0388065], [110.3790138, -7.0385404], [110.3789044, -7.0382982], [110.3787221, -7.038229], [110.378666, -7.038091], [110.3787021, -7.0377541], [110.3788881, -7.0376267], [110.3790075, -7.0374483], [110.3792308, -7.037523], [110.3794145, -7.0377575], [110.3794833, -7.0379995], [110.3796024, -7.0380591], [110.3803769, -7.0380007], [110.3806747, -7.0380606], [110.3808409, -7.0381854], [110.3808976, -7.0384477], [110.3807923, -7.0392213], [110.3809409, -7.0394447], [110.3811642, -7.0395194], [110.3812022, -7.0396633], [110.3810114, -7.039751], [110.3805827, -7.040084], [110.3802098, -7.0404704], [110.3799859, -7.040857], [110.3799257, -7.0413181], [110.3800294, -7.0417498], [110.3804307, -7.0423306], [110.3804154, -7.0426877], [110.3806006, -7.0433798], [110.3804068, -7.0435432], [110.3799449, -7.0437063], [110.3797508, -7.0440185], [110.3798543, -7.0446287], [110.3799732, -7.0447627], [110.380137, -7.0448522], [110.3807625, -7.0448233], [110.3809759, -7.0449003], [110.3809557, -7.045136], [110.3807615, -7.0456119], [110.3807311, -7.0460731], [110.3810012, -7.0474453], [110.3811696, -7.0476287], [110.381624, -7.0479078], [110.3816236, -7.0482522], [110.3820387, -7.0483514], [110.3823494, -7.0485316], [110.3825397, -7.0488176], [110.3826929, -7.0492003], [110.3829133, -7.0491772], [110.3831693, -7.04932], [110.3833328, -7.0495732], [110.3840617, -7.0502735], [110.3847908, -7.0507654], [110.3852926, -7.0507912], [110.3857021, -7.050939], [110.3859621, -7.050939], [110.3861221, -7.051039], [110.3862121, -7.051349], [110.3863467, -7.0513822], [110.3864579, -7.0515414], [110.3870234, -7.0518992], [110.3874253, -7.0520485], [110.3876634, -7.0522571], [110.387976, -7.0523617], [110.388065, -7.0526297], [110.3883033, -7.0526746], [110.3886603, -7.0529727], [110.3888833, -7.0533152], [110.3894192, -7.0534944], [110.3894486, -7.053792], [110.3893887, -7.0540747], [110.3899079, -7.054239], [110.390753, -7.0548339], [110.3911733, -7.0548287], [110.3910685, -7.0552042], [110.3910682, -7.0554013], [110.3912066, -7.0556457], [110.3912977, -7.0559515], [110.3915345, -7.056306], [110.3916728, -7.0566104], [110.3917209, -7.0570504], [110.3919777, -7.057422], [110.3920349, -7.0574221], [110.3922907, -7.0571926], [110.3924719, -7.0571828], [110.3925527, -7.05724], [110.3926184, -7.0575018], [110.3929043, -7.0578764], [110.3929356, -7.0579945], [110.3928826, -7.0581755], [110.3926748, -7.058473], [110.3924372, -7.0589686], [110.3923216, -7.0593977], [110.392311, -7.0596109], [110.3924162, -7.0600585], [110.3921588, -7.0610761], [110.391955, -7.0611966], [110.391992, -7.0615267], [110.3921421, -7.0618988], [110.3924601, -7.0622358], [110.3924734, -7.0623847], [110.3919341, -7.0626296], [110.3917214, -7.0625957], [110.3915195, -7.0628025], [110.391301, -7.0628525], [110.3910883, -7.0628355], [110.3903775, -7.0625436], [110.3897114, -7.0623302], [110.3893866, -7.0622906], [110.389153, -7.0621866], [110.388515, -7.0620354], [110.3878812, -7.0617785], [110.3876963, -7.0619015], [110.387068, -7.062636], [110.3867688, -7.0630891], [110.3864913, -7.0636611], [110.386298, -7.0648031], [110.3862681, -7.0654045], [110.3863067, -7.0662071], [110.3860237, -7.0661563], [110.3856863, -7.06619], [110.384235, -7.0660876], [110.3837991, -7.0661119], [110.3832723, -7.066363], [110.3826773, -7.0667365], [110.381658, -7.0657509], [110.3813392, -7.0655665], [110.381074, -7.0654775], [110.3808917, -7.065231], [110.3799333, -7.0644758], [110.3797065, -7.0642099], [110.3795165, -7.0637499], [110.3793165, -7.0634599], [110.3788765, -7.0630899], [110.3785365, -7.0629999], [110.3783665, -7.0628899], [110.3783265, -7.0625299], [110.3779765, -7.0622699], [110.3779091, -7.062162], [110.3777855, -7.0621495], [110.3776178, -7.0619479], [110.3775847, -7.0615955], [110.3774002, -7.0614107], [110.3773333, -7.0611757], [110.3768217, -7.0607472], [110.3767883, -7.0605793], [110.3769566, -7.0603111], [110.3770578, -7.0599756], [110.3769072, -7.0595895], [110.3760516, -7.0588837], [110.3759847, -7.0586319], [110.3759518, -7.0581621], [110.3758078, -7.0579735], [110.3755656, -7.057916], [110.3754146, -7.0579432], [110.3751964, -7.0578255], [110.3752138, -7.057406], [110.3750803, -7.0567682], [110.3743769, -7.0552572], [110.3741306, -7.0551898], [110.3737723, -7.0551893], [110.373319, -7.0551048], [110.3731665, -7.0551286], [110.3728824, -7.0550035], [110.3728276, -7.0547831], [110.3727082, -7.0546639], [110.3723465, -7.0546408]]]}}, {"type": "Feature", "properties": {"name": "Trimulyo", "kecamatan": "Genuk", "osm_id": 8192341}, "geometry": {"type": "Polygon", "coordinates": [[[110.4741034, -6.9421168], [110.4783386, -6.9441064], [110.4782528, -6.9445271], [110.4795241, -6.9449744], [110.480817, -6.9453631], [110.4818898, -6.9456001], [110.4832444, -6.9459755], [110.4845425, -6.9464281], [110.4856691, -6.9466891], [110.4858541, -6.9459116], [110.488362, -6.9466438], [110.487957, -6.9487472], [110.4871523, -6.9489868], [110.4831532, -6.9505018], [110.4803851, -6.9514762], [110.4735643, -6.9541627], [110.4719979, -6.9546899], [110.4706514, -6.9550679], [110.470705, -6.9490827], [110.4704019, -6.9485555], [110.4677439, -6.9468887], [110.4658851, -6.9456613], [110.4648069, -6.9452726], [110.4636615, -6.9449983], [110.4629937, -6.9445644], [110.461835, -6.9430866], [110.46018, -6.9408048], [110.4576293, -6.9374234], [110.4542471, -6.9330901], [110.4635865, -6.9281859], [110.4654957, -6.9319879], [110.4668264, -6.9355536], [110.4674274, -6.9365341], [110.469895, -6.9395801], [110.4710913, -6.9407942], [110.4741034, -6.9421168]]]}}, {"type": "Feature", "properties": {"name": "Pedurungan Lor", "kecamatan": "Pedurungan", "osm_id": 8192632}, "geometry": {"type": "Polygon", "coordinates": [[[110.4859279, -7.003593], [110.4861934, -7.0039963], [110.4873025, -7.0045899], [110.4875265, -7.004952], [110.4881836, -7.0054725], [110.4883017, -7.0056508], [110.4881649, -7.0069872], [110.488189, -7.0070658], [110.4883969, -7.0072388], [110.4884103, -7.0073706], [110.4880616, -7.0092581], [110.4878028, -7.0101672], [110.4875989, -7.010468], [110.4875278, -7.010677], [110.4873079, -7.0118444], [110.4870155, -7.0121452], [110.4864804, -7.0128839], [110.4862283, -7.0141325], [110.4858488, -7.0150735], [110.4854706, -7.0162422], [110.4750006, -7.0117352], [110.475006, -7.010862], [110.4753774, -7.0104946], [110.4756537, -7.0096281], [110.4757637, -7.0087776], [110.476272, -7.0076781], [110.476457, -7.0070738], [110.4767641, -7.0063284], [110.4770511, -7.0052355], [110.4786953, -7.0056655], [110.4792613, -7.0036821], [110.480589, -7.003983], [110.4807606, -7.0037966], [110.4811509, -7.0038858], [110.4813333, -7.0036675], [110.48191, -7.0036489], [110.4819824, -7.0034798], [110.482083, -7.0034665], [110.4824665, -7.0036023], [110.4825497, -7.0035916], [110.4826999, -7.0034385], [110.4827683, -7.0031204], [110.4831009, -7.0031364], [110.4833221, -7.0028302], [110.4836797, -7.0013514], [110.4841, -7.0015258], [110.4842649, -7.0016708], [110.4845332, -7.0018053], [110.4853378, -7.0020848], [110.4857737, -7.0024762], [110.485893, -7.0026465], [110.4859051, -7.0034452], [110.4859279, -7.003593]]]}}, {"type": "Feature", "properties": {"name": "Sekaran", "kecamatan": "Gunungpati", "osm_id": 8193119}, "geometry": {"type": "Polygon", "coordinates": [[[110.3865232, -7.0352867], [110.3879819, -7.0348776], [110.3886734, -7.0347469], [110.3895783, -7.0349158], [110.3912063, -7.0355043], [110.3924697, -7.0360854], [110.3927949, -7.0361624], [110.3931405, -7.0361567], [110.3936408, -7.0359292], [110.3941844, -7.0355722], [110.3946937, -7.0354958], [110.3959527, -7.0356454], [110.3965759, -7.035788], [110.3984845, -7.0347545], [110.3992568, -7.0342067], [110.4005715, -7.033506], [110.4006739, -7.0339994], [110.4003905, -7.0347288], [110.4004994, -7.0359016], [110.4016988, -7.0363373], [110.4030446, -7.0364461], [110.4040541, -7.0357036], [110.4045335, -7.0349398], [110.4052414, -7.0355167], [110.4053157, -7.0358821], [110.4052884, -7.0361835], [110.4051487, -7.0364493], [110.4046138, -7.0368834], [110.4043969, -7.0371624], [110.4043012, -7.0375803], [110.4043108, -7.0379146], [110.4045645, -7.0381706], [110.4047503, -7.0384448], [110.4047468, -7.0387659], [110.4049262, -7.0390463], [110.4049132, -7.0394731], [110.4048451, -7.0397056], [110.4045217, -7.0401486], [110.4044498, -7.0403414], [110.4044263, -7.0405998], [110.4047567, -7.0409938], [110.4051455, -7.0413421], [110.4052498, -7.0415304], [110.4052998, -7.0418225], [110.4052064, -7.04228], [110.4048603, -7.0432679], [110.4048606, -7.0435229], [110.4052264, -7.0448964], [110.405266, -7.0452294], [110.4052374, -7.0455173], [110.4049582, -7.0461136], [110.4049464, -7.0463542], [110.4053185, -7.0468561], [110.4058465, -7.0473081], [110.4061282, -7.0477527], [110.4061705, -7.0485514], [110.4060893, -7.048869], [110.4060742, -7.0494366], [110.4059607, -7.049915], [110.405783, -7.0502097], [110.4057977, -7.0504028], [110.4058513, -7.0505644], [110.4061542, -7.0509506], [110.4064448, -7.0515042], [110.4065312, -7.0518735], [110.4066294, -7.0520792], [110.4068309, -7.0522314], [110.406935, -7.0524106], [110.4069253, -7.0525721], [110.4068173, -7.052776], [110.4066025, -7.0528772], [110.4058802, -7.0529391], [110.4057646, -7.053026], [110.4056616, -7.0532174], [110.4056414, -7.0534997], [110.4057288, -7.0537022], [110.4062523, -7.0543147], [110.4063745, -7.0552833], [110.406427, -7.0555489], [110.4065895, -7.0559168], [110.4065976, -7.0561644], [110.4064796, -7.0581056], [110.4057579, -7.0599301], [110.4056507, -7.060064], [110.4052427, -7.0603439], [110.4047562, -7.0602239], [110.4034362, -7.0601539], [110.4030262, -7.0598839], [110.4008244, -7.0593248], [110.4003367, -7.0593178], [110.3996341, -7.0590339], [110.3990428, -7.058705], [110.3978188, -7.0582031], [110.397291, -7.0581084], [110.3972729, -7.0578478], [110.3965378, -7.0575213], [110.3962062, -7.0573239], [110.3952562, -7.0571239], [110.3949537, -7.05698], [110.3946432, -7.0568997], [110.3940941, -7.0569171], [110.3937358, -7.0570154], [110.3932781, -7.057496], [110.3931626, -7.0581512], [110.3929938, -7.0581572], [110.3928941, -7.0580574], [110.3929356, -7.0579945], [110.3929043, -7.0578764], [110.3926184, -7.0575018], [110.3925527, -7.05724], [110.3924719, -7.0571828], [110.3922907, -7.0571926], [110.3920349, -7.0574221], [110.3919777, -7.057422], [110.3917209, -7.0570504], [110.3916728, -7.0566104], [110.3915345, -7.056306], [110.3912977, -7.0559515], [110.3912066, -7.0556457], [110.3910682, -7.0554013], [110.3910685, -7.0552042], [110.3911733, -7.0548287], [110.390753, -7.0548339], [110.3899079, -7.054239], [110.3893887, -7.0540747], [110.3894486, -7.053792], [110.3894192, -7.0534944], [110.3888833, -7.0533152], [110.3886603, -7.0529727], [110.3883033, -7.0526746], [110.388065, -7.0526297], [110.387976, -7.0523617], [110.3876634, -7.0522571], [110.3874253, -7.0520485], [110.3870234, -7.0518992], [110.3864579, -7.0515414], [110.3863467, -7.0513822], [110.3862121, -7.051349], [110.3861221, -7.051039], [110.3859621, -7.050939], [110.3857021, -7.050939], [110.3852926, -7.0507912], [110.3847908, -7.0507654], [110.3844188, -7.0505269], [110.3837047, -7.0499605], [110.3833328, -7.0495732], [110.3831693, -7.04932], [110.3829133, -7.0491772], [110.3826929, -7.0492003], [110.3825397, -7.0488176], [110.3823494, -7.0485316], [110.3820387, -7.0483514], [110.3816236, -7.0482522], [110.381624, -7.0479078], [110.3811696, -7.0476287], [110.3810012, -7.0474453], [110.380938, -7.047234], [110.3807311, -7.0460731], [110.3807615, -7.0456119], [110.3809557, -7.045136], [110.3809759, -7.0449003], [110.3807625, -7.0448233], [110.380137, -7.0448522], [110.3799732, -7.0447627], [110.3798543, -7.0446287], [110.3797655, -7.0442268], [110.3797508, -7.0440185], [110.3799449, -7.0437063], [110.3804068, -7.0435432], [110.3806006, -7.0433798], [110.3804154, -7.0426877], [110.3804307, -7.0423306], [110.3800294, -7.0417498], [110.3799257, -7.0413181], [110.3799859, -7.040857], [110.3802098, -7.0404704], [110.3805827, -7.040084], [110.3810114, -7.039751], [110.3812022, -7.0396633], [110.3811642, -7.0395194], [110.3809409, -7.0394447], [110.3807923, -7.0392213], [110.3808976, -7.0384477], [110.3808409, -7.0381854], [110.3806747, -7.0380606], [110.3803769, -7.0380007], [110.3796024, -7.0380591], [110.3794833, -7.0379995], [110.3794145, -7.0377575], [110.3792308, -7.037523], [110.3790075, -7.0374483], [110.3788881, -7.0376267], [110.3787021, -7.0377541], [110.3786637, -7.0379749], [110.3783362, -7.0380408], [110.3780457, -7.0379144], [110.3778712, -7.0377811], [110.3777593, -7.0375365], [110.3778033, -7.0372194], [110.3780615, -7.0368573], [110.378423, -7.0365299], [110.378749, -7.0363522], [110.3788873, -7.0367376], [110.3788947, -7.036946], [110.3790806, -7.0370665], [110.3796598, -7.0371275], [110.3797363, -7.037178], [110.3797876, -7.0374887], [110.3798385, -7.0375434], [110.3801284, -7.0375626], [110.3802469, -7.037465], [110.3802992, -7.037312], [110.3805314, -7.0372361], [110.3806693, -7.0370873], [110.3808916, -7.0371561], [110.3810622, -7.0373476], [110.3811389, -7.0371337], [110.381225, -7.0371008], [110.3813054, -7.0374677], [110.381384, -7.0375062], [110.381649, -7.0372412], [110.3816742, -7.0371674], [110.3815415, -7.037162], [110.3815311, -7.0371088], [110.3817812, -7.0367932], [110.3822423, -7.0366294], [110.3824462, -7.0367283], [110.3826078, -7.0367373], [110.3828497, -7.0364439], [110.3840534, -7.0360662], [110.3850414, -7.035686], [110.3857658, -7.0355554], [110.3865232, -7.0352867]]]}}, {"type": "Feature", "properties": {"name": "Mangunsari", "kecamatan": "Gunungpati", "osm_id": 8193174}, "geometry": {"type": "Polygon", "coordinates": [[[110.3720807, -7.0811692], [110.3726372, -7.0810061], [110.3727684, -7.0809004], [110.3730952, -7.0804912], [110.3735737, -7.0800797], [110.37396, -7.07998], [110.3769969, -7.0794944], [110.3773141, -7.0794058], [110.3775782, -7.0792043], [110.3779272, -7.0785374], [110.3785624, -7.0779606], [110.3786974, -7.0777588], [110.3792426, -7.0772829], [110.38004, -7.07684], [110.3803349, -7.0767921], [110.38121, -7.07681], [110.3815564, -7.0767027], [110.3822029, -7.0760361], [110.3823941, -7.075756], [110.3824505, -7.0756158], [110.3823948, -7.075268], [110.3825243, -7.0749934], [110.3826316, -7.0745056], [110.3829324, -7.0741723], [110.3832219, -7.0739926], [110.38467, -7.07407], [110.3852154, -7.0741824], [110.388458, -7.075239], [110.3880379, -7.0759769], [110.3875503, -7.0775423], [110.3875487, -7.0780575], [110.3877541, -7.0790955], [110.3878256, -7.080017], [110.3877198, -7.0807233], [110.3872383, -7.0820502], [110.3871822, -7.0823391], [110.3871509, -7.0828152], [110.3872719, -7.0848072], [110.3871942, -7.0857256], [110.3872233, -7.0861309], [110.3879874, -7.087937], [110.3886277, -7.0890084], [110.388676, -7.0892025], [110.3888188, -7.0893901], [110.3889886, -7.0902613], [110.3889622, -7.090667], [110.3890097, -7.0915124], [110.3893083, -7.0938723], [110.389642, -7.0959827], [110.3896723, -7.0966514], [110.3895143, -7.0981848], [110.3895128, -7.098494], [110.389573, -7.0986905], [110.3891682, -7.0986914], [110.3888883, -7.0985286], [110.3887441, -7.0982757], [110.3887354, -7.097996], [110.3886364, -7.0977251], [110.3884469, -7.0975353], [110.3881579, -7.0974718], [110.3878868, -7.0975346], [110.3876156, -7.0976606], [110.3873171, -7.0978948], [110.3868399, -7.0980705], [110.3863682, -7.0981192], [110.3861334, -7.0980286], [110.3859349, -7.0978298], [110.3856825, -7.0973963], [110.3855111, -7.0972426], [110.3852658, -7.0971797], [110.3850817, -7.097231], [110.3848687, -7.0970177], [110.3848467, -7.0966925], [110.3849255, -7.0965356], [110.3846345, -7.0958962], [110.3842754, -7.0958285], [110.3841746, -7.0957386], [110.3841634, -7.0956489], [110.3840289, -7.0955703], [110.3837819, -7.0956484], [110.3836809, -7.0956147], [110.3835353, -7.0954127], [110.3832191, -7.0952687], [110.3831665, -7.0945504], [110.3831151, -7.0944726], [110.3829482, -7.0944839], [110.3823173, -7.094931], [110.3822075, -7.0959102], [110.382079, -7.096509], [110.3814453, -7.0968272], [110.3807999, -7.0964507], [110.3803053, -7.0960646], [110.3795694, -7.0956353], [110.3793857, -7.0954438], [110.3792508, -7.0954898], [110.378737, -7.0951612], [110.378605, -7.0947046], [110.3783741, -7.0946736], [110.3777503, -7.0947166], [110.377261, -7.094829], [110.3771241, -7.0946765], [110.3770731, -7.0942416], [110.3768844, -7.0939895], [110.3765347, -7.0938452], [110.3764311, -7.0936467], [110.3764338, -7.0933768], [110.3762084, -7.093045], [110.3759959, -7.0928388], [110.3755452, -7.0925164], [110.3753161, -7.092282], [110.3750772, -7.0923488], [110.3748465, -7.0922845], [110.3746927, -7.0922971], [110.3744892, -7.0921917], [110.3744232, -7.0919779], [110.3746249, -7.0916309], [110.3746652, -7.0913459], [110.3746224, -7.0909621], [110.3747109, -7.0899876], [110.3742857, -7.0899276], [110.3739972, -7.0898158], [110.3739036, -7.0896992], [110.3738406, -7.0892482], [110.3736848, -7.0890943], [110.3733698, -7.089004], [110.3731729, -7.0893405], [110.3729792, -7.0892216], [110.3728704, -7.0892063], [110.3729016, -7.0888293], [110.3728685, -7.0886466], [110.3727225, -7.0884256], [110.3728045, -7.0881347], [110.3726095, -7.0880118], [110.372608, -7.0877428], [110.3725163, -7.0875304], [110.3724069, -7.0874087], [110.3724329, -7.087229], [110.37284, -7.0866436], [110.3730341, -7.0865455], [110.3737387, -7.0865311], [110.3736093, -7.0858413], [110.3729611, -7.0849306], [110.3726806, -7.0846754], [110.3723123, -7.0847454], [110.3720945, -7.0846299], [110.371941, -7.0843864], [110.3718264, -7.0838484], [110.3717623, -7.0838355], [110.3718139, -7.0835923], [110.3719293, -7.0835797], [110.3718781, -7.0835156], [110.3718655, -7.0833491], [110.3719553, -7.0833108], [110.3719555, -7.0831828], [110.3718402, -7.0830802], [110.3718404, -7.0829521], [110.3716354, -7.0828878], [110.3714818, -7.0827596], [110.3715589, -7.0826316], [110.3721103, -7.0824019], [110.3721874, -7.0822611], [110.3721877, -7.0820562], [110.3721111, -7.0818769], [110.3719061, -7.081787], [110.3718677, -7.0817101], [110.3720088, -7.0816463], [110.3720093, -7.0812877], [110.3720807, -7.0811692]]]}}, {"type": "Feature", "properties": {"name": "Tembalang", "kecamatan": "Tembalang", "osm_id": 8193674}, "geometry": {"type": "Polygon", "coordinates": [[[110.4408019, -7.0559303], [110.4409188, -7.0560943], [110.4409474, -7.0566677], [110.442493, -7.0570441], [110.4429732, -7.0570679], [110.4429376, -7.0574833], [110.4427726, -7.0582905], [110.4426375, -7.058694], [110.4422412, -7.0595214], [110.4418855, -7.0606881], [110.44132, -7.06187], [110.44124, -7.06217], [110.4411589, -7.062862], [110.4397199, -7.0627282], [110.4384777, -7.0625211], [110.4383667, -7.062845], [110.43786, -7.06277], [110.43758, -7.06246], [110.43674, -7.06222], [110.4357734, -7.0620247], [110.43574, -7.0615018], [110.43538, -7.0591], [110.4352024, -7.0585073], [110.4345455, -7.0580919], [110.434003, -7.0575503], [110.4333888, -7.0565621], [110.4331574, -7.0559968], [110.4326135, -7.0551564], [110.432125, -7.0540149], [110.43081, -7.05401], [110.43068, -7.05396], [110.4299829, -7.0533779], [110.43162, -7.05249], [110.432, -7.05222], [110.43259, -7.05168], [110.43306, -7.05105], [110.43314, -7.05088], [110.43359, -7.04988], [110.43467, -7.04713], [110.4348803, -7.0461979], [110.4348964, -7.0454206], [110.433963, -7.0409431], [110.4395634, -7.0410816], [110.4414544, -7.0405039], [110.442023, -7.0404453], [110.4425407, -7.0401392], [110.4431093, -7.040637], [110.4435492, -7.0409405], [110.4438013, -7.0413451], [110.4439676, -7.0414862], [110.4441259, -7.0415501], [110.4447669, -7.0412785], [110.4449734, -7.041007], [110.4449573, -7.040842], [110.4451183, -7.0403202], [110.4450593, -7.0399795], [110.4453114, -7.0397027], [110.4466471, -7.0419707], [110.4472265, -7.0434188], [110.447205, -7.0440257], [110.4477737, -7.0454419], [110.44772, -7.0460594], [110.4474101, -7.0463801], [110.4475409, -7.0466077], [110.4473309, -7.0470281], [110.447326, -7.0472132], [110.4473685, -7.0473794], [110.4475678, -7.0476408], [110.4475269, -7.0480846], [110.4477832, -7.0483176], [110.4479922, -7.048427], [110.4480444, -7.0485315], [110.4480344, -7.0489255], [110.448409, -7.0496049], [110.4483515, -7.0499548], [110.4482, -7.0500736], [110.4481426, -7.0501829], [110.448142, -7.0506671], [110.4476146, -7.0515567], [110.4472496, -7.0517697], [110.4468448, -7.0517946], [110.4469422, -7.0523549], [110.4469046, -7.052669], [110.4466847, -7.0530736], [110.446273, -7.053421], [110.4408019, -7.0559303]]]}}, {"type": "Feature", "properties": {"name": "Gemah", "kecamatan": "Pedurungan", "osm_id": 8196795}, "geometry": {"type": "Polygon", "coordinates": [[[110.4495626, -7.0061985], [110.4516815, -7.0040679], [110.4518303, -7.0042918], [110.4519698, -7.0044009], [110.4525545, -7.0047736], [110.452778, -7.0048675], [110.4531553, -7.0051996], [110.4547191, -7.0058678], [110.4629883, -7.0082877], [110.465295, -7.0089054], [110.4662378, -7.0092168], [110.4726791, -7.0110404], [110.4726242, -7.0114291], [110.472195, -7.0128041], [110.4720542, -7.0134723], [110.4719925, -7.0143707], [110.4720542, -7.0155967], [110.4721722, -7.0161583], [110.4721695, -7.0163673], [110.4717967, -7.0176172], [110.4714601, -7.0181616], [110.4710135, -7.0178368], [110.4705736, -7.0173816], [110.4703832, -7.0171447], [110.47017, -7.0167573], [110.47006, -7.0166642], [110.4693103, -7.0164805], [110.4671551, -7.0157431], [110.4659186, -7.0151947], [110.4650429, -7.0149724], [110.4634859, -7.0142256], [110.4623714, -7.0139421], [110.4617357, -7.0124859], [110.4616955, -7.0119202], [110.4616472, -7.0117605], [110.4615413, -7.0116327], [110.4610088, -7.0113665], [110.4595886, -7.0108993], [110.4587732, -7.0104694], [110.4580195, -7.0103948], [110.4568809, -7.0100567], [110.4567307, -7.009913], [110.4566114, -7.0096587], [110.4560964, -7.009294], [110.4550007, -7.0089293], [110.4543141, -7.0088481], [110.4538085, -7.008699], [110.4532465, -7.0080628], [110.4528992, -7.0078698], [110.4520731, -7.0078325], [110.4516466, -7.0077553], [110.4513261, -7.0074997], [110.4501486, -7.0069446], [110.4499635, -7.0067889], [110.4495626, -7.0061985]]]}}, {"type": "Feature", "properties": {"name": "Jangli", "kecamatan": "Tembalang", "osm_id": 8199139}, "geometry": {"type": "Polygon", "coordinates": [[[110.4316252, -7.0294275], [110.4325962, -7.0260361], [110.4328322, -7.0253918], [110.4331434, -7.0247263], [110.4357183, -7.0219684], [110.4363513, -7.021436], [110.4369628, -7.0210739], [110.4390858, -7.0205642], [110.4399052, -7.0201608], [110.4406187, -7.0195406], [110.4424131, -7.0178421], [110.4430515, -7.0162608], [110.443464, -7.0150381], [110.443625, -7.0150875], [110.4435283, -7.0155911], [110.4436509, -7.016014], [110.4436657, -7.0172013], [110.4433009, -7.0190585], [110.4431672, -7.0192768], [110.4429759, -7.0194435], [110.4427874, -7.0194835], [110.4426299, -7.0194538], [110.4425065, -7.0195149], [110.4423089, -7.0197343], [110.4421463, -7.0201954], [110.4421577, -7.020561], [110.4420269, -7.0208826], [110.4418261, -7.021177], [110.4417453, -7.0214636], [110.4417411, -7.0223205], [110.4417772, -7.0225008], [110.44302, -7.0237899], [110.4428578, -7.0245007], [110.4440094, -7.0248607], [110.4446942, -7.0253925], [110.4453906, -7.0254227], [110.4455909, -7.0257421], [110.4459376, -7.0258646], [110.4461383, -7.0260423], [110.4471579, -7.0265414], [110.4475415, -7.0267918], [110.4473983, -7.0274555], [110.4472426, -7.0278429], [110.4472033, -7.0283273], [110.4476291, -7.0290448], [110.4484622, -7.0299179], [110.4490243, -7.030248], [110.4500717, -7.0303073], [110.450806, -7.0304618], [110.4509155, -7.0305214], [110.4510402, -7.0307846], [110.451412, -7.0311898], [110.4514724, -7.0315628], [110.4512582, -7.0321935], [110.4510057, -7.0326568], [110.450797, -7.0331706], [110.4504978, -7.0335412], [110.4487397, -7.0343971], [110.44811, -7.03447], [110.4477895, -7.0344289], [110.44722, -7.0345376], [110.4469967, -7.0347403], [110.4466776, -7.0352534], [110.446562, -7.035283], [110.4464513, -7.0352549], [110.4461638, -7.0347535], [110.445906, -7.034424], [110.4456363, -7.034325], [110.4453645, -7.0343243], [110.4449242, -7.0344762], [110.4447848, -7.0346792], [110.4447642, -7.0350734], [110.4450964, -7.0354932], [110.4451846, -7.0356865], [110.4452305, -7.035929], [110.4451503, -7.0361841], [110.444938, -7.0364818], [110.4441638, -7.0369587], [110.4438748, -7.0372265], [110.4438594, -7.0376135], [110.4441028, -7.0382818], [110.4453114, -7.0397027], [110.4450593, -7.0399795], [110.4451183, -7.0403202], [110.4449573, -7.040842], [110.4449734, -7.041007], [110.4447669, -7.0412785], [110.4441259, -7.0415501], [110.4439676, -7.0414862], [110.4438013, -7.0413451], [110.4435492, -7.0409405], [110.4431093, -7.040637], [110.4425407, -7.0401392], [110.442023, -7.0404453], [110.4414544, -7.0405039], [110.4395634, -7.0410816], [110.433963, -7.0409431], [110.4332888, -7.0379089], [110.4328, -7.03595], [110.43236, -7.03474], [110.4316502, -7.0332545], [110.43136, -7.03284], [110.43062, -7.03209], [110.42992, -7.03151], [110.4291, -7.03119], [110.4281732, -7.0310979], [110.4300213, -7.0309183], [110.4305416, -7.0307], [110.4311907, -7.0301729], [110.4316252, -7.0294275]]]}}, {"type": "Feature", "properties": {"name": "Bulusan", "kecamatan": "Tembalang", "osm_id": 8199162}, "geometry": {"type": "Polygon", "coordinates": [[[110.4472496, -7.0517697], [110.4474842, -7.0516658], [110.447766, -7.0513382], [110.448142, -7.0506671], [110.448158, -7.0503027], [110.4502161, -7.0497627], [110.4511961, -7.0495727], [110.4520186, -7.0494777], [110.4542183, -7.0494948], [110.4548931, -7.0494401], [110.4560915, -7.0495763], [110.4572556, -7.0495976], [110.4576502, -7.0497324], [110.4577173, -7.0498331], [110.4579187, -7.0499508], [110.4581874, -7.0499847], [110.4583469, -7.0500772], [110.4583467, -7.0502954], [110.4584473, -7.0503878], [110.4597072, -7.0504144], [110.460446, -7.0507341], [110.4605552, -7.0506587], [110.4608577, -7.0505836], [110.460942, -7.0503068], [110.4610513, -7.0502397], [110.4613789, -7.0501646], [110.4616728, -7.0502237], [110.4617567, -7.0503077], [110.4619582, -7.0503751], [110.4621769, -7.0501739], [110.4622278, -7.0497292], [110.4624546, -7.0496708], [110.4626394, -7.0496962], [110.4629919, -7.0498896], [110.4631429, -7.0500324], [110.463378, -7.0501082], [110.4638231, -7.0501422], [110.464117, -7.0502768], [110.4643399, -7.050492], [110.464686, -7.0512436], [110.4648128, -7.0513785], [110.4647809, -7.0515609], [110.4644553, -7.0517112], [110.4645027, -7.051854], [110.4647961, -7.0521001], [110.4649997, -7.0521229], [110.4649837, -7.0523408], [110.4647554, -7.0525403], [110.4646213, -7.0525708], [110.4643147, -7.0529385], [110.4639492, -7.0536371], [110.4639975, -7.0543768], [110.4639449, -7.0547073], [110.4637289, -7.0554332], [110.4637091, -7.0558126], [110.4637066, -7.0563438], [110.4638395, -7.056925], [110.4634089, -7.0571833], [110.463011, -7.0573541], [110.4627571, -7.0582603], [110.4623819, -7.058862], [110.4624728, -7.0595783], [110.4624048, -7.0603229], [110.4618592, -7.0602843], [110.4616824, -7.0608129], [110.4609364, -7.061766], [110.4608739, -7.0618211], [110.4607182, -7.0618439], [110.460552, -7.061695], [110.4602105, -7.0617033], [110.459886, -7.0621665], [110.4593253, -7.0625158], [110.459106, -7.0628129], [110.4590445, -7.063014], [110.4588255, -7.0631799], [110.4562742, -7.0641925], [110.4536709, -7.0650462], [110.4520348, -7.0657223], [110.4512999, -7.0663825], [110.450986, -7.069132], [110.4485506, -7.0685092], [110.4466462, -7.0679555], [110.4462909, -7.0677998], [110.4455733, -7.0676601], [110.4450637, -7.0676228], [110.444605, -7.0674365], [110.4443422, -7.0674445], [110.4440954, -7.0675164], [110.4440203, -7.0674019], [110.4441625, -7.066819], [110.443913, -7.0665022], [110.4438218, -7.0662413], [110.443858, -7.0659658], [110.442006, -7.0652139], [110.4407105, -7.0650635], [110.440626, -7.0652684], [110.4388665, -7.0650448], [110.4381997, -7.0650065], [110.4381355, -7.0644564], [110.438152, -7.0638353], [110.4381149, -7.06376], [110.4378731, -7.0636042], [110.436768, -7.0632907], [110.4361509, -7.0629954], [110.4358995, -7.06267], [110.4357961, -7.0623927], [110.4357734, -7.0620247], [110.43674, -7.06222], [110.43758, -7.06246], [110.43786, -7.06277], [110.4383667, -7.062845], [110.4384777, -7.0625211], [110.4397199, -7.0627282], [110.4411589, -7.062862], [110.44124, -7.06217], [110.44132, -7.06187], [110.4418855, -7.0606881], [110.4422412, -7.0595214], [110.4426375, -7.058694], [110.4427726, -7.0582905], [110.4429376, -7.0574833], [110.4429732, -7.0570679], [110.442493, -7.0570441], [110.4409474, -7.0566677], [110.4409188, -7.0560943], [110.4408019, -7.0559303], [110.446273, -7.053421], [110.4466847, -7.0530736], [110.4469046, -7.052669], [110.4469422, -7.0523549], [110.4468448, -7.0517946], [110.4472496, -7.0517697]]]}}, {"type": "Feature", "properties": {"name": "Krapyak", "kecamatan": "Semarang Barat", "osm_id": 8199731}, "geometry": {"type": "Polygon", "coordinates": [[[110.3699093, -6.9808777], [110.376125, -6.9802622], [110.3761089, -6.9809065], [110.3758031, -6.9815242], [110.375728, -6.9824187], [110.375728, -6.9838617], [110.375905, -6.9851396], [110.3758943, -6.9854591], [110.3755188, -6.9862524], [110.3754973, -6.9864388], [110.372799, -6.9870511], [110.3714794, -6.987296], [110.3667104, -6.9879456], [110.3655168, -6.9877593], [110.3632557, -6.9869819], [110.3641891, -6.9844687], [110.3641409, -6.9844421], [110.3641033, -6.9839841], [110.3641838, -6.9835422], [110.364114, -6.9835049], [110.3641355, -6.9831854], [110.3642374, -6.9827914], [110.3644144, -6.9828713], [110.3649188, -6.9809649], [110.3659773, -6.9811442], [110.3672254, -6.9812686], [110.3696877, -6.9810183], [110.3699093, -6.9808777]]]}}, {"type": "Feature", "properties": {"name": "Pakintelan", "kecamatan": "Gunungpati", "osm_id": 8199810}, "geometry": {"type": "Polygon", "coordinates": [[[110.3992211, -7.1025111], [110.3984258, -7.1024621], [110.3981858, -7.1025914], [110.3976858, -7.1032114], [110.3974858, -7.1032814], [110.3969751, -7.1032605], [110.3966859, -7.1033426], [110.3964617, -7.1031853], [110.3964507, -7.1029498], [110.3965857, -7.1027706], [110.3969303, -7.1027611], [110.3971381, -7.1026986], [110.3971752, -7.1025739], [110.3971272, -7.1023114], [110.3970242, -7.1021546], [110.3965419, -7.1018961], [110.3964996, -7.1016379], [110.3965751, -7.101365], [110.3964753, -7.1010952], [110.3962912, -7.100873], [110.3960858, -7.1007914], [110.3953958, -7.1007114], [110.3953017, -7.1006424], [110.3950957, -7.1006498], [110.39495, -7.1005262], [110.3948955, -7.1002526], [110.3948434, -7.1002363], [110.3947486, -7.1000327], [110.3938853, -7.0992916], [110.3933619, -7.0991102], [110.3928858, -7.0990414], [110.3908767, -7.0985289], [110.3904208, -7.0983519], [110.390291, -7.0981187], [110.3901871, -7.0980655], [110.389919, -7.0979929], [110.38954, -7.0980043], [110.3896723, -7.0966514], [110.389642, -7.0959827], [110.3893083, -7.0938723], [110.3890097, -7.0915124], [110.3889622, -7.090667], [110.3889886, -7.0902613], [110.3888188, -7.0893901], [110.388676, -7.0892025], [110.3886277, -7.0890084], [110.3879874, -7.087937], [110.3872233, -7.0861309], [110.3871995, -7.0853925], [110.3872719, -7.0848072], [110.3871509, -7.0828152], [110.3871822, -7.0823391], [110.3872383, -7.0820502], [110.3877198, -7.0807233], [110.3878256, -7.080017], [110.3878168, -7.0795773], [110.3876379, -7.0785733], [110.3892355, -7.0787344], [110.3899664, -7.0787514], [110.3904498, -7.078897], [110.3919165, -7.0787453], [110.3925717, -7.0788593], [110.3933896, -7.0788892], [110.3947805, -7.0791463], [110.3959584, -7.0791244], [110.3964858, -7.0792014], [110.3968119, -7.079165], [110.3974329, -7.0787011], [110.3983523, -7.0787965], [110.3988577, -7.0789153], [110.3999018, -7.079268], [110.4000533, -7.0792766], [110.4002097, -7.0791006], [110.4010258, -7.0787014], [110.4012752, -7.0787141], [110.4016669, -7.0786494], [110.4029196, -7.0786712], [110.4033452, -7.0788013], [110.4028321, -7.0792298], [110.4025689, -7.0795989], [110.4022868, -7.0798872], [110.4021533, -7.0801618], [110.4021313, -7.080438], [110.402312, -7.0812715], [110.4021827, -7.08188], [110.4022105, -7.0820185], [110.4023639, -7.0821333], [110.4025546, -7.0821319], [110.4032488, -7.0819315], [110.4036694, -7.0819389], [110.4038802, -7.0820361], [110.4040485, -7.0824868], [110.4041614, -7.084164], [110.4040594, -7.0845864], [110.4034841, -7.0850375], [110.4033019, -7.0853224], [110.4031952, -7.0856283], [110.4031707, -7.0859418], [110.4038133, -7.0866449], [110.4040166, -7.0873645], [110.4039794, -7.0877705], [110.4034967, -7.0886144], [110.4030372, -7.0896968], [110.40266, -7.0904387], [110.4027822, -7.090741], [110.402957, -7.0909418], [110.4032573, -7.0916234], [110.4032059, -7.0920483], [110.4029602, -7.0925212], [110.4026498, -7.0928636], [110.4015128, -7.0937143], [110.4011739, -7.0941331], [110.4010937, -7.0944474], [110.4010505, -7.0946801], [110.4012642, -7.0949662], [110.4015723, -7.0951556], [110.4019671, -7.095622], [110.4020133, -7.0958825], [110.4016505, -7.0961387], [110.4009855, -7.096486], [110.40096, -7.0966964], [110.4011077, -7.0971346], [110.4011082, -7.0975838], [110.4008228, -7.0983121], [110.4008305, -7.0986888], [110.401005, -7.0994895], [110.400991, -7.0999924], [110.4006966, -7.1004661], [110.4003034, -7.1008869], [110.399774, -7.1019141], [110.3992211, -7.1025111]]]}}, {"type": "Feature", "properties": {"name": "Tambak Harjo", "kecamatan": "Semarang Barat", "osm_id": 8202589}, "geometry": {"type": "Polygon", "coordinates": [[[110.3667641, -6.9487498], [110.3686631, -6.9472588], [110.377289, -6.9466198], [110.3788769, -6.946311], [110.3800034, -6.9463429], [110.3805399, -6.9466198], [110.3813553, -6.947525], [110.3813338, -6.948409], [110.3827286, -6.953734], [110.3834903, -6.9559918], [110.3837049, -6.9574402], [110.3836727, -6.9579407], [110.3831577, -6.9602943], [110.3834367, -6.9618172], [110.383662, -6.9645649], [110.3838766, -6.9656405], [110.383898, -6.966993], [110.3837263, -6.9719876], [110.3839087, -6.9762794], [110.3842199, -6.9777596], [110.3843164, -6.9794316], [110.3817362, -6.9797351], [110.3800571, -6.979996], [110.3799713, -6.9799853], [110.3798441, -6.9798664], [110.3699093, -6.9808777], [110.3696877, -6.9810183], [110.3672254, -6.9812686], [110.3653099, -6.9810444], [110.3642357, -6.980775], [110.3647524, -6.9790801], [110.3662062, -6.9749695], [110.366528, -6.9736809], [110.3664315, -6.9715723], [110.3666675, -6.9706777], [110.3670859, -6.9694424], [110.3673863, -6.9682603], [110.3642535, -6.9658108], [110.3666138, -6.956929], [110.3669189, -6.9541242], [110.3669143, -6.9526903], [110.3667641, -6.9487498]]]}}, {"type": "Feature", "properties": {"name": "Bangetayu Kulon", "kecamatan": "Genuk", "osm_id": 8202596}, "geometry": {"type": "Polygon", "coordinates": [[[110.4629051, -6.9701346], [110.464139, -6.9704407], [110.4647478, -6.9704594], [110.4655981, -6.9703715], [110.4666201, -6.9703583], [110.4667393, -6.9696088], [110.4680268, -6.9698857], [110.4684694, -6.9699056], [110.4688248, -6.9698577], [110.4691547, -6.9698963], [110.4691842, -6.9695116], [110.4713488, -6.9697818], [110.4726215, -6.9700068], [110.4730198, -6.9700108], [110.4740471, -6.9701519], [110.4748262, -6.9704528], [110.4751977, -6.9708228], [110.4758441, -6.9712661], [110.4762733, -6.9713966], [110.4772952, -6.9718199], [110.4774776, -6.9719663], [110.4781079, -6.9720302], [110.4784271, -6.9724882], [110.4786229, -6.9730207], [110.4786605, -6.9734307], [110.4794892, -6.9736197], [110.4803476, -6.9736755], [110.4816189, -6.9734865], [110.4815653, -6.9741095], [110.4813883, -6.9745116], [110.4813561, -6.9747245], [110.4814312, -6.9750467], [110.4814231, -6.9754354], [110.4808652, -6.9764657], [110.4808813, -6.9772698], [110.4808143, -6.9776531], [110.4803503, -6.9784385], [110.4803556, -6.9787407], [110.4805112, -6.9790935], [110.4805098, -6.979373], [110.4801303, -6.9800266], [110.4799855, -6.9811594], [110.4798165, -6.9816573], [110.4796475, -6.9817611], [110.4792291, -6.9817771], [110.4783708, -6.9825678], [110.4781857, -6.9826769], [110.4779792, -6.9826823], [110.4773971, -6.9825225], [110.4771075, -6.9825438], [110.475643, -6.9829538], [110.4753023, -6.9831961], [110.4748413, -6.9836914], [110.4620321, -6.9722525], [110.4622588, -6.9719583], [110.4624733, -6.9714964], [110.4629051, -6.9701346]]]}}, {"type": "Feature", "properties": {"name": "Patemon", "kecamatan": "Gunungpati", "osm_id": 8202605}, "geometry": {"type": "Polygon", "coordinates": [[[110.405151, -7.0681681], [110.4050291, -7.0690758], [110.4049282, -7.0694473], [110.4046414, -7.0701217], [110.4047072, -7.0703609], [110.4049787, -7.07072], [110.4050586, -7.070905], [110.4047606, -7.0715644], [110.4044933, -7.0719487], [110.4042879, -7.0723527], [110.4043024, -7.0726113], [110.404407, -7.0728044], [110.4055445, -7.0733687], [110.4058014, -7.0736504], [110.4059075, -7.0739945], [110.4058327, -7.0743586], [110.4054549, -7.0745592], [110.4050873, -7.0746698], [110.4045217, -7.0747152], [110.4041507, -7.0745112], [110.4040363, -7.0742783], [110.4038521, -7.0740722], [110.4034487, -7.0740562], [110.4032337, -7.0741836], [110.4030045, -7.0743906], [110.4028677, -7.0746997], [110.4031118, -7.0750122], [110.4036207, -7.0753731], [110.4038295, -7.0755958], [110.4039368, -7.0758859], [110.4039089, -7.0760228], [110.4036015, -7.0761414], [110.4026713, -7.0762737], [110.4022552, -7.0765009], [110.4019935, -7.0768254], [110.401932, -7.0770634], [110.4020653, -7.0775432], [110.402307, -7.0775685], [110.4025733, -7.0775429], [110.4028021, -7.0774366], [110.403005, -7.0772588], [110.4033133, -7.0771242], [110.4037448, -7.0772472], [110.4038572, -7.0774958], [110.4038832, -7.077784], [110.4043297, -7.0783726], [110.4043867, -7.0785651], [110.4042626, -7.0787354], [110.4034734, -7.0786642], [110.4033452, -7.0788013], [110.4029196, -7.0786712], [110.4016669, -7.0786494], [110.4012752, -7.0787141], [110.4010258, -7.0787014], [110.4002097, -7.0791006], [110.4000533, -7.0792766], [110.3999018, -7.079268], [110.3988577, -7.0789153], [110.3983523, -7.0787965], [110.3974329, -7.0787011], [110.3968119, -7.079165], [110.3964858, -7.0792014], [110.3959584, -7.0791244], [110.3947805, -7.0791463], [110.3933896, -7.0788892], [110.3925717, -7.0788593], [110.3919165, -7.0787453], [110.3904498, -7.078897], [110.3899664, -7.0787514], [110.3892355, -7.0787344], [110.3876379, -7.0785733], [110.3875487, -7.0780575], [110.3875503, -7.0775423], [110.3876617, -7.0771614], [110.3880379, -7.0759769], [110.388458, -7.075239], [110.3885194, -7.075203], [110.3889565, -7.0741532], [110.38958, -7.07187], [110.38982, -7.07124], [110.38986, -7.07115], [110.3908793, -7.0714166], [110.3913266, -7.0700289], [110.3914177, -7.0693777], [110.3921039, -7.0670815], [110.392262, -7.0654983], [110.392538, -7.0639846], [110.3926422, -7.0638531], [110.3926773, -7.0635413], [110.3926846, -7.0632434], [110.3925938, -7.0631275], [110.3923401, -7.0629693], [110.3922907, -7.0627034], [110.3919341, -7.0626296], [110.3924734, -7.0623847], [110.3924601, -7.0622358], [110.3921421, -7.0618988], [110.391992, -7.0615267], [110.391955, -7.0611966], [110.3921588, -7.0610761], [110.3923592, -7.060309], [110.3924162, -7.0600585], [110.392311, -7.0596109], [110.3923216, -7.0593977], [110.3925355, -7.0587221], [110.3928826, -7.0581755], [110.3928941, -7.0580574], [110.3929938, -7.0581572], [110.3931626, -7.0581512], [110.3932781, -7.057496], [110.3937358, -7.0570154], [110.3940941, -7.0569171], [110.3946432, -7.0568997], [110.3949537, -7.05698], [110.3952562, -7.0571239], [110.3962062, -7.0573239], [110.3965378, -7.0575213], [110.3972729, -7.0578478], [110.397291, -7.0581084], [110.3978188, -7.0582031], [110.3990428, -7.058705], [110.3996341, -7.0590339], [110.4003367, -7.0593178], [110.4008244, -7.0593248], [110.4030262, -7.0598839], [110.4034362, -7.0601539], [110.4047562, -7.0602239], [110.4052427, -7.0603439], [110.4050267, -7.0605046], [110.4049537, -7.0608878], [110.405014, -7.0610876], [110.4053075, -7.0613993], [110.4058284, -7.0624345], [110.4060895, -7.062822], [110.4063324, -7.0635945], [110.4062958, -7.0639266], [110.4056367, -7.0660849], [110.4056692, -7.0662632], [110.4061264, -7.0670523], [110.4061337, -7.0671724], [110.4056378, -7.0675779], [110.4053434, -7.0678784], [110.405151, -7.0681681]]]}}, {"type": "Feature", "properties": {"name": "Cangkiran", "kecamatan": "Mijen", "osm_id": 8202836}, "geometry": {"type": "Polygon", "coordinates": [[[110.3098744, -7.0854922], [110.3101855, -7.0858488], [110.3108025, -7.0869561], [110.3111941, -7.0872116], [110.3113282, -7.087563], [110.3115427, -7.0876535], [110.3118163, -7.087925], [110.3116286, -7.0881912], [110.311532, -7.0882391], [110.311532, -7.0884307], [110.311355, -7.0890376], [110.3113389, -7.0892452], [110.3114247, -7.0894102], [110.3122026, -7.0894635], [110.3123528, -7.0895433], [110.3124815, -7.0897137], [110.3124762, -7.0899053], [110.3122026, -7.0901981], [110.3121328, -7.0904057], [110.3125995, -7.091119], [110.3128946, -7.0919442], [110.3131896, -7.0920932], [110.3135168, -7.0918643], [110.3137261, -7.0918696], [110.3142518, -7.0921677], [110.3144878, -7.092567], [110.3145575, -7.0929662], [110.3149545, -7.0940469], [110.3152764, -7.0956332], [110.3150403, -7.0962827], [110.3147721, -7.0965808], [110.3146326, -7.0969854], [110.3146756, -7.0972835], [110.3148579, -7.0976348], [110.3155339, -7.0983055], [110.3156519, -7.0988166], [110.3155875, -7.099498], [110.315609, -7.0998599], [110.3159094, -7.10019], [110.3163385, -7.100552], [110.3165209, -7.100882], [110.3168106, -7.1016273], [110.3171968, -7.1021277], [110.3171754, -7.1025642], [110.3170788, -7.102841], [110.3169286, -7.1030539], [110.3168884, -7.1033387], [110.3168106, -7.1034425], [110.316824, -7.1035224], [110.3170627, -7.1037938], [110.3170037, -7.1039003], [110.3166228, -7.1041239], [110.3165102, -7.1044326], [110.3167891, -7.1047307], [110.3168964, -7.105114], [110.3168803, -7.1056251], [110.3161991, -7.1055345], [110.3157565, -7.105303], [110.3148043, -7.1051859], [110.3141927, -7.1054867], [110.3136671, -7.10546], [110.3134847, -7.1049276], [110.3129858, -7.1050501], [110.3126854, -7.1049862], [110.3125781, -7.1048053], [110.3123099, -7.104571], [110.3121436, -7.1044805], [110.3120148, -7.1045178], [110.31187, -7.104422], [110.3116286, -7.1039589], [110.3112853, -7.1039322], [110.3109473, -7.1036182], [110.3107005, -7.103533], [110.3109419, -7.1022634], [110.3098798, -7.1024098], [110.3080291, -7.1021543], [110.3075355, -7.1022514], [110.3073746, -7.1018029], [110.3066522, -7.1009092], [110.3061515, -7.1007569], [110.3059047, -7.1002805], [110.3057277, -7.1003364], [110.305438, -7.1002911], [110.3054461, -7.0996337], [110.3050196, -7.0990615], [110.305025, -7.0988219], [110.3048748, -7.0987367], [110.3042901, -7.0987048], [110.3042042, -7.0986569], [110.3040004, -7.0982204], [110.3039306, -7.0978903], [110.3036195, -7.0976188], [110.3035766, -7.0974858], [110.3037375, -7.0971397], [110.3035659, -7.0967192], [110.3035444, -7.0964051], [110.3041238, -7.0954363], [110.3039414, -7.0944461], [110.3038408, -7.0929356], [110.3040607, -7.0921078], [110.304286, -7.09169], [110.3045703, -7.0914451], [110.3046401, -7.091304], [110.3052784, -7.090801], [110.3054796, -7.0904669], [110.3051792, -7.0897816], [110.3051095, -7.0892093], [110.3050317, -7.0891161], [110.3049566, -7.0888446], [110.3048372, -7.0888193], [110.3047621, -7.0887315], [110.3046092, -7.0883855], [110.3047943, -7.0880794], [110.3049284, -7.0876375], [110.3046334, -7.0866314], [110.3046173, -7.0862321], [110.3044832, -7.0858222], [110.304805, -7.0849918], [110.3047353, -7.0848161], [110.3046012, -7.0847309], [110.3045368, -7.0846032], [110.3045475, -7.0844488], [110.3043383, -7.0841986], [110.3044456, -7.0838738], [110.3044778, -7.0835704], [110.3043652, -7.0833309], [110.303877, -7.0830913], [110.303641, -7.0829156], [110.3033996, -7.0826335], [110.303008, -7.0819042], [110.3029302, -7.0814889], [110.3028068, -7.0811589], [110.304113, -7.0811429], [110.3045958, -7.0811802], [110.3056151, -7.0809779], [110.3061944, -7.0807756], [110.3067711, -7.0804988], [110.3071332, -7.08019], [110.3072914, -7.0801314], [110.308131, -7.0799877], [110.3086889, -7.079977], [110.3092307, -7.0821144], [110.3100032, -7.0834214], [110.3101265, -7.083802], [110.3101265, -7.0842092], [110.3098744, -7.0854922]]]}}, {"type": "Feature", "properties": {"name": "Mangunharjo", "kecamatan": "Tembalang", "osm_id": 8203478}, "geometry": {"type": "Polygon", "coordinates": [[[110.4542506, -7.0402813], [110.4546619, -7.0400191], [110.4548255, -7.0387555], [110.4549303, -7.038355], [110.4553374, -7.0380281], [110.4559881, -7.037687], [110.4565287, -7.0377926], [110.4580057, -7.0371299], [110.4584027, -7.0371246], [110.4583992, -7.0368047], [110.4582675, -7.0366071], [110.4587771, -7.0360481], [110.4591419, -7.0357126], [110.4595067, -7.0354624], [110.4597373, -7.0351802], [110.4597963, -7.0347543], [110.4599358, -7.0342592], [110.4601718, -7.0339557], [110.4602309, -7.0336416], [110.4601665, -7.0333115], [110.4602791, -7.0329228], [110.4603694, -7.0321572], [110.4604776, -7.0320337], [110.4623981, -7.0322786], [110.4630802, -7.032264], [110.4634925, -7.0324138], [110.4634683, -7.0332928], [110.4644469, -7.0333779], [110.4644979, -7.0326059], [110.4650348, -7.0327977], [110.4651153, -7.0326246], [110.4662485, -7.0328376], [110.4663891, -7.0327422], [110.4675113, -7.0328947], [110.4674831, -7.0342349], [110.4676311, -7.0345099], [110.4675823, -7.0358568], [110.4676412, -7.0360577], [110.4683743, -7.0363511], [110.4683019, -7.0374171], [110.4683954, -7.0383624], [110.4683705, -7.0394848], [110.46824, -7.0398391], [110.4673451, -7.0416398], [110.4672497, -7.0423486], [110.4668896, -7.0428004], [110.4671256, -7.0432733], [110.4678754, -7.0442843], [110.4686308, -7.0455375], [110.4710263, -7.0491583], [110.471678, -7.0503741], [110.4717088, -7.0508444], [110.4715994, -7.0520532], [110.4712253, -7.0531088], [110.4712769, -7.0538751], [110.4711003, -7.0538663], [110.4707558, -7.0536593], [110.4704525, -7.0535901], [110.4699427, -7.0532864], [110.4680132, -7.0523337], [110.4674618, -7.0521677], [110.4670162, -7.0520915], [110.4655251, -7.0522253], [110.4647961, -7.0521001], [110.4645027, -7.051854], [110.4644553, -7.0517112], [110.4647809, -7.0515609], [110.4648128, -7.0513785], [110.464686, -7.0512436], [110.4643399, -7.050492], [110.464117, -7.0502768], [110.4638231, -7.0501422], [110.463378, -7.0501082], [110.4631429, -7.0500324], [110.4629919, -7.0498896], [110.4626394, -7.0496962], [110.4624546, -7.0496708], [110.4622278, -7.0497292], [110.4621769, -7.0501739], [110.4619582, -7.0503751], [110.4617567, -7.0503077], [110.4616728, -7.0502237], [110.4613789, -7.0501646], [110.4610513, -7.0502397], [110.460942, -7.0503068], [110.4608577, -7.0505836], [110.4605552, -7.0506587], [110.460446, -7.0507341], [110.4597072, -7.0504144], [110.4584473, -7.0503878], [110.4583467, -7.0502954], [110.4583469, -7.0500772], [110.4581874, -7.0499847], [110.4579187, -7.0499508], [110.4577173, -7.0498331], [110.4576502, -7.0497324], [110.4572556, -7.0495976], [110.4560915, -7.0495763], [110.4548931, -7.0494401], [110.4542183, -7.0494948], [110.4520186, -7.0494777], [110.4511961, -7.0495727], [110.4502161, -7.0497627], [110.448158, -7.0503027], [110.4481426, -7.0501829], [110.4482, -7.0500736], [110.4483515, -7.0499548], [110.448409, -7.0496049], [110.4480344, -7.0489255], [110.4480444, -7.0485315], [110.4479922, -7.048427], [110.4477832, -7.0483176], [110.4475269, -7.0480846], [110.4475678, -7.0476408], [110.4473685, -7.0473794], [110.447326, -7.0472132], [110.4473309, -7.0470281], [110.4475415, -7.0465994], [110.4482343, -7.0466867], [110.448776, -7.0466699], [110.4494745, -7.0464169], [110.4498728, -7.0463526], [110.4502228, -7.0461326], [110.4506528, -7.0460026], [110.4507528, -7.0458026], [110.45082, -7.0451536], [110.4510077, -7.0446817], [110.45151, -7.0437127], [110.4519737, -7.0431176], [110.4520882, -7.0428516], [110.4522533, -7.0426807], [110.4530675, -7.0425141], [110.4541315, -7.0421632], [110.4543628, -7.0413626], [110.4544028, -7.0410226], [110.4543928, -7.0405826], [110.4542506, -7.0402813]]]}}, {"type": "Feature", "properties": {"name": "Polaman", "kecamatan": "Mijen", "osm_id": 8205690}, "geometry": {"type": "Polygon", "coordinates": [[[110.3388342, -7.0951914], [110.337874, -7.0955188], [110.3371927, -7.0956359], [110.3369218, -7.0958036], [110.3365409, -7.0958355], [110.3363317, -7.0957477], [110.3362271, -7.0956066], [110.3361091, -7.0952766], [110.3359053, -7.0950583], [110.3349021, -7.0944648], [110.334304, -7.0940309], [110.3327483, -7.0930674], [110.3320831, -7.0927214], [110.3315949, -7.0926043], [110.3313911, -7.0924339], [110.331257, -7.0922156], [110.3307366, -7.091827], [110.330463, -7.091859], [110.3296637, -7.0920826], [110.3293687, -7.091859], [110.3291702, -7.0916354], [110.3289878, -7.0915928], [110.3287572, -7.0916194], [110.3284085, -7.0917259], [110.3280544, -7.0919548], [110.3274429, -7.0924712], [110.3272176, -7.0925936], [110.3273946, -7.0922582], [110.3274053, -7.0919122], [110.3274805, -7.0917366], [110.327534, -7.0913905], [110.3274589, -7.0911722], [110.3271747, -7.0910072], [110.3268849, -7.090954], [110.3265953, -7.0908156], [110.3264719, -7.0905707], [110.3264558, -7.0899958], [110.3262788, -7.0894422], [110.3259194, -7.0893357], [110.3258309, -7.0892692], [110.3258094, -7.089184], [110.3259516, -7.0890296], [110.3259999, -7.0888779], [110.3260052, -7.088271], [110.3261715, -7.0881353], [110.3266839, -7.0879144], [110.3271318, -7.0878212], [110.3273275, -7.0878504], [110.3274697, -7.0877839], [110.3277138, -7.0874725], [110.3280866, -7.0873474], [110.3285319, -7.0870919], [110.3287706, -7.0871238], [110.3289798, -7.087012], [110.3290629, -7.0869002], [110.3293553, -7.0867938], [110.3298783, -7.0867219], [110.3317183, -7.0868337], [110.332067, -7.0867698], [110.332346, -7.0866474], [110.3327268, -7.0866314], [110.3334081, -7.086312], [110.3338695, -7.0861683], [110.334143, -7.0862375], [110.3345561, -7.0859873], [110.3350443, -7.0858009], [110.3353983, -7.0857264], [110.3361171, -7.0856998], [110.3367126, -7.0857583], [110.3373349, -7.0859606], [110.3379196, -7.08595], [110.3382093, -7.0856625], [110.3383809, -7.085407], [110.3387189, -7.0845712], [110.3402424, -7.0846724], [110.3412616, -7.0845978], [110.3435361, -7.0849226], [110.3433216, -7.0859021], [110.3428173, -7.0868177], [110.3426778, -7.0871424], [110.3426349, -7.0873714], [110.3427851, -7.0877866], [110.3430051, -7.0881273], [110.3430158, -7.0883296], [110.3429031, -7.0885265], [110.3424579, -7.0889843], [110.3421575, -7.0893996], [110.3423023, -7.0897722], [110.3424203, -7.0902779], [110.3425652, -7.0905654], [110.3429246, -7.0908262], [110.3431928, -7.0912521], [110.3435147, -7.0914384], [110.3436059, -7.0918271], [110.3437722, -7.0920772], [110.3440887, -7.0920666], [110.3443462, -7.09237], [110.3443408, -7.0927214], [110.3437507, -7.09344], [110.3436595, -7.0937381], [110.3437078, -7.093983], [110.3435362, -7.0942172], [110.3434825, -7.094377], [110.3435898, -7.094494], [110.344035, -7.0947123], [110.3440646, -7.0947762], [110.343925, -7.0951382], [110.3439358, -7.0952153], [110.3443382, -7.0954575], [110.3446654, -7.0955747], [110.3447646, -7.0957024], [110.3448102, -7.0963812], [110.3446546, -7.0967378], [110.3448987, -7.0971238], [110.3447485, -7.0971451], [110.3445473, -7.0970626], [110.3431016, -7.0948294], [110.3426831, -7.0942917], [110.3423975, -7.094132], [110.3421199, -7.0940948], [110.3419911, -7.0941427], [110.3418853, -7.0943077], [110.3418785, -7.0944075], [110.3420784, -7.0948973], [110.3420824, -7.0951608], [110.3420421, -7.0954123], [110.3419027, -7.0956945], [110.3415325, -7.095966], [110.3411409, -7.0963945], [110.3409907, -7.0964823], [110.3408673, -7.096469], [110.3407493, -7.0963785], [110.3406045, -7.0961523], [110.3404275, -7.0953085], [110.3403363, -7.0951914], [110.3401351, -7.095069], [110.33995, -7.095037], [110.3394404, -7.0950663], [110.3388342, -7.0951914]]]}}, {"type": "Feature", "properties": {"name": "Karangkidul", "kecamatan": "Semarang Tengah", "osm_id": 8211396}, "geometry": {"type": "Polygon", "coordinates": [[[110.4239904, -6.9898206], [110.4248178, -6.989559], [110.4257619, -6.9890478], [110.4268885, -6.9881213], [110.4275215, -6.9873652], [110.4283905, -6.9861193], [110.4284763, -6.985917], [110.4284712, -6.9855865], [110.4316034, -6.9854053], [110.4319176, -6.9904854], [110.4320209, -6.9935084], [110.4319927, -6.9942925], [110.4311344, -6.9941035], [110.4237268, -6.9905143], [110.4239904, -6.9898206]]]}}, {"type": "Feature", "properties": {"name": "Pendrikan Kidul", "kecamatan": "Semarang Tengah", "osm_id": 8222187}, "geometry": {"type": "Polygon", "coordinates": [[[110.4103821, -6.9782175], [110.4116455, -6.978642], [110.409578, -6.9832702], [110.4093844, -6.9835901], [110.4091698, -6.9837286], [110.4090679, -6.9838563], [110.4090464, -6.9840054], [110.4091395, -6.9844384], [110.4042989, -6.9821152], [110.4022653, -6.9812027], [110.4029202, -6.9806882], [110.40483, -6.9793996], [110.4060584, -6.9788565], [110.407185, -6.9785849], [110.409041, -6.9782495], [110.4103821, -6.9782175]]]}}, {"type": "Feature", "properties": {"name": "Pendrikan Lor", "kecamatan": "Semarang Tengah", "osm_id": 8222225}, "geometry": {"type": "Polygon", "coordinates": [[[110.4014852, -6.9774881], [110.4068939, -6.9770541], [110.4079668, -6.9768571], [110.4089941, -6.9765469], [110.4095533, -6.976298], [110.4106071, -6.9757096], [110.4118413, -6.9747924], [110.4125668, -6.9741894], [110.412709, -6.9744064], [110.4129423, -6.9745861], [110.4133983, -6.9747938], [110.4125279, -6.9767852], [110.4116455, -6.978642], [110.4107201, -6.9782974], [110.4103821, -6.9782175], [110.4095936, -6.9782229], [110.409041, -6.9782495], [110.4083938, -6.9783636], [110.407185, -6.9785849], [110.4060584, -6.9788565], [110.40483, -6.9793996], [110.4029202, -6.9806882], [110.4022653, -6.9812027], [110.4019493, -6.9810609], [110.4014852, -6.9774881]]]}}, {"type": "Feature", "properties": {"name": "Kembangarum", "kecamatan": "Semarang Barat", "osm_id": 8222320}, "geometry": {"type": "Polygon", "coordinates": [[[110.3717826, -6.9872397], [110.3762805, -6.986279], [110.3763664, -6.986918], [110.37642, -6.9888561], [110.3768438, -6.9911563], [110.3777504, -6.9930625], [110.3789198, -6.9948409], [110.3792471, -6.9952562], [110.3797996, -6.9953307], [110.3799498, -6.9963105], [110.3799498, -6.9970133], [110.3800317, -6.9970168], [110.3798747, -6.9978652], [110.3797674, -6.9979131], [110.379172, -6.9979504], [110.3789627, -6.9980196], [110.3787214, -6.9983071], [110.3786087, -6.9985254], [110.3786007, -6.9988822], [110.3788072, -6.9993188], [110.3791344, -6.9998086], [110.3795287, -7.0001041], [110.3802127, -7.0003278], [110.3804004, -7.0004822], [110.3804246, -7.000602], [110.380328, -7.0015178], [110.3804648, -7.0021061], [110.3807303, -7.0025214], [110.3809208, -7.0027131], [110.3815028, -7.0029181], [110.3816342, -7.0030219], [110.3816611, -7.0031417], [110.3816342, -7.0032535], [110.3814787, -7.0034133], [110.380792, -7.0038232], [110.3806311, -7.0040415], [110.3802556, -7.0051011], [110.3800517, -7.0055377], [110.3799069, -7.0057187], [110.3785524, -7.0068581], [110.3773427, -7.0057134], [110.3756154, -7.0037753], [110.3751701, -7.0034239], [110.3743762, -7.0030885], [110.3725952, -7.0025613], [110.3722358, -7.0023856], [110.3717637, -7.0020183], [110.3713936, -7.0015337], [110.3712273, -7.0010971], [110.3711092, -7.0006872], [110.3708303, -6.9992123], [110.3705513, -6.9987011], [110.370208, -6.9982432], [110.3695428, -6.9975031], [110.3692853, -6.9970559], [110.368883, -6.9961667], [110.3687489, -6.9956875], [110.3686953, -6.9948995], [110.3691566, -6.9933554], [110.36928, -6.9925407], [110.3693014, -6.9918592], [110.3690547, -6.9906186], [110.3681801, -6.9877314], [110.3717826, -6.9872397]]]}}, {"type": "Feature", "properties": {"name": "Palebon", "kecamatan": "Pedurungan", "osm_id": 8238281}, "geometry": {"type": "Polygon", "coordinates": [[[110.4717753, -7.0108093], [110.4577808, -7.006757], [110.4579444, -7.0064708], [110.4579672, -7.0062192], [110.4580624, -7.005937], [110.4581442, -7.0059091], [110.4582985, -7.0055031], [110.4583441, -7.0050265], [110.4585533, -7.0047603], [110.4587142, -7.0047603], [110.4588617, -7.004369], [110.4591018, -7.0041201], [110.4592641, -7.0038059], [110.4595309, -7.0036276], [110.459763, -7.0033134], [110.460007, -7.0033014], [110.4600942, -7.0025813], [110.4604147, -7.0020795], [110.4606011, -7.0020396], [110.4606722, -7.0017853], [110.4606226, -7.0016389], [110.4606427, -7.0014951], [110.4608332, -7.0011264], [110.460805, -7.0009188], [110.4608747, -7.0006912], [110.4612784, -7.0007417], [110.4613321, -7.0006419], [110.4613535, -7.0004609], [110.4612342, -7.0002492], [110.4613508, -6.9999697], [110.4612583, -6.9996848], [110.4604241, -6.9996702], [110.4601599, -6.9996209], [110.4598957, -6.9994093], [110.459834, -6.9990672], [110.4597133, -6.9988928], [110.4596959, -6.9987517], [110.4598555, -6.9983657], [110.4598555, -6.998005], [110.45913, -6.9976096], [110.4590186, -6.9971983], [110.4591159, -6.9970386], [110.4591333, -6.9968922], [110.4587679, -6.9964476], [110.4585613, -6.9963544], [110.458388, -6.9961554], [110.458336, -6.9959258], [110.4586244, -6.9952669], [110.4586981, -6.9946386], [110.4587571, -6.9945294], [110.4590388, -6.9943897], [110.4590656, -6.9942592], [110.4590173, -6.9940143], [110.4590522, -6.9938133], [110.4593432, -6.9937015], [110.4593794, -6.9935683], [110.4593271, -6.9934499], [110.4597187, -6.9930212], [110.4599223, -6.9933607], [110.4600649, -6.9938131], [110.4602447, -6.9940624], [110.4612679, -6.9951979], [110.4651373, -6.9992231], [110.467754, -7.0024205], [110.4689353, -7.0039653], [110.4723737, -7.0078428], [110.4725164, -7.0080859], [110.4724482, -7.0084551], [110.4719211, -7.0101723], [110.4717753, -7.0108093]]]}}, {"type": "Feature", "properties": {"name": "Sumurejo", "kecamatan": "Gunungpati", "osm_id": 8238592}, "geometry": {"type": "Polygon", "coordinates": [[[110.3823224, -7.1109428], [110.3820498, -7.1108368], [110.3817259, -7.1108193], [110.3813652, -7.1108782], [110.38106, -7.1110413], [110.3807319, -7.1109522], [110.3806051, -7.1109602], [110.3804261, -7.1108099], [110.380129, -7.1108645], [110.3800334, -7.1109677], [110.3797679, -7.110686], [110.3795874, -7.1106391], [110.3793163, -7.1106581], [110.3792649, -7.1105694], [110.3788933, -7.1107359], [110.37826, -7.1106913], [110.3777753, -7.1105952], [110.377838, -7.110449], [110.377818, -7.110279], [110.3774287, -7.1096148], [110.3771234, -7.1094589], [110.3770548, -7.1090269], [110.377118, -7.108839], [110.37702, -7.10829], [110.3770855, -7.1082207], [110.3768089, -7.1079085], [110.3767483, -7.1074522], [110.3769487, -7.1073556], [110.3772505, -7.1073802], [110.3775046, -7.10714], [110.3774078, -7.1069839], [110.3774313, -7.1063057], [110.3775583, -7.1059875], [110.3779032, -7.1058854], [110.3783024, -7.105183], [110.3783024, -7.1050629], [110.3784053, -7.1050449], [110.3783992, -7.1046607], [110.3786594, -7.1045586], [110.3786775, -7.1041803], [110.3786291, -7.1041023], [110.3788582, -7.103457], [110.3791313, -7.1034781], [110.3793421, -7.1034325], [110.3794836, -7.1031121], [110.3797642, -7.1027219], [110.3798048, -7.1025491], [110.3797762, -7.1023879], [110.3798513, -7.1022383], [110.380338, -7.1022391], [110.3805981, -7.1019996], [110.3806403, -7.1018487], [110.380618, -7.1015891], [110.3804687, -7.1014232], [110.3801525, -7.1013843], [110.3802171, -7.1009747], [110.3803329, -7.1006931], [110.3803078, -7.1002705], [110.3801032, -7.0998861], [110.3799751, -7.0998219], [110.3799369, -7.0996682], [110.3800012, -7.0994634], [110.3801296, -7.0992971], [110.3801363, -7.0991115], [110.3799442, -7.0989575], [110.3799059, -7.098855], [110.3799189, -7.0986886], [110.3801498, -7.0985865], [110.3805611, -7.0977803], [110.3804927, -7.0976727], [110.3804697, -7.0977034], [110.3803946, -7.0976264], [110.3803049, -7.0976263], [110.3801069, -7.097854], [110.3798578, -7.0978882], [110.3795419, -7.0977228], [110.3796256, -7.0971914], [110.3795895, -7.0969356], [110.3798577, -7.0965245], [110.3797686, -7.0960762], [110.3795244, -7.0957347], [110.3795694, -7.0956353], [110.3803053, -7.0960646], [110.3807999, -7.0964507], [110.3814453, -7.0968272], [110.382079, -7.096509], [110.3822075, -7.0959102], [110.3823173, -7.094931], [110.3829482, -7.0944839], [110.3831151, -7.0944726], [110.3831665, -7.0945504], [110.3832191, -7.0952687], [110.3835353, -7.0954127], [110.3836809, -7.0956147], [110.3837819, -7.0956484], [110.3840289, -7.0955703], [110.3841634, -7.0956489], [110.3841746, -7.0957386], [110.3842754, -7.0958285], [110.3846345, -7.0958962], [110.3849255, -7.0965356], [110.3848467, -7.0966925], [110.3848687, -7.0970177], [110.3850817, -7.097231], [110.3852658, -7.0971797], [110.3855111, -7.0972426], [110.3856825, -7.0973963], [110.3859349, -7.0978298], [110.3861334, -7.0980286], [110.3863682, -7.0981192], [110.3868399, -7.0980705], [110.3873171, -7.0978948], [110.3876156, -7.0976606], [110.3878868, -7.0975346], [110.3881579, -7.0974718], [110.3884469, -7.0975353], [110.3886364, -7.0977251], [110.3887354, -7.097996], [110.3887441, -7.0982757], [110.3888883, -7.0985286], [110.3891682, -7.0986914], [110.389573, -7.0986905], [110.3895128, -7.098494], [110.38954, -7.0980043], [110.389919, -7.0979929], [110.390291, -7.0981187], [110.3904208, -7.0983519], [110.3908767, -7.0985289], [110.3928858, -7.0990414], [110.3933619, -7.0991102], [110.3938853, -7.0992916], [110.3947486, -7.1000327], [110.3948434, -7.1002363], [110.3948955, -7.1002526], [110.39495, -7.1005262], [110.3950957, -7.1006498], [110.3953017, -7.1006424], [110.3953958, -7.1007114], [110.3960858, -7.1007914], [110.3962912, -7.100873], [110.3964753, -7.1010952], [110.3965751, -7.101365], [110.3964996, -7.1016379], [110.3965419, -7.1018961], [110.3970242, -7.1021546], [110.3971272, -7.1023114], [110.3971752, -7.1025739], [110.3971381, -7.1026986], [110.3969303, -7.1027611], [110.3965857, -7.1027706], [110.3964507, -7.1029498], [110.3964617, -7.1031853], [110.3966859, -7.1033426], [110.3969751, -7.1032605], [110.3974858, -7.1032814], [110.3976858, -7.1032114], [110.3981858, -7.1025914], [110.3984258, -7.1024621], [110.3992211, -7.1025111], [110.3990284, -7.1029661], [110.3989514, -7.1033006], [110.3989831, -7.103656], [110.3992602, -7.1042933], [110.3991404, -7.1046371], [110.398847, -7.1046877], [110.3984167, -7.1042626], [110.3980254, -7.1043387], [110.3977584, -7.1045627], [110.3975735, -7.1050106], [110.3975219, -7.1052648], [110.3976365, -7.1058239], [110.3985443, -7.1065087], [110.3990633, -7.1068122], [110.3995835, -7.1070015], [110.399978, -7.1070585], [110.4005535, -7.1073519], [110.4007554, -7.107544], [110.4010882, -7.1080187], [110.4014913, -7.1088368], [110.4016321, -7.1092911], [110.4018136, -7.1096042], [110.4018913, -7.1098641], [110.4018456, -7.1100367], [110.4016097, -7.110227], [110.4010143, -7.1106186], [110.4008232, -7.110809], [110.4002167, -7.1111669], [110.4000594, -7.1113237], [110.3997449, -7.1115027], [110.3993404, -7.1118273], [110.3985311, -7.1126889], [110.3984301, -7.1127441], [110.3985608, -7.113101], [110.3981578, -7.1131663], [110.3979429, -7.1133143], [110.3973909, -7.1134656], [110.397407, -7.1138588], [110.3968372, -7.1144639], [110.3959995, -7.1144263], [110.3959702, -7.1137311], [110.3957914, -7.1136888], [110.3958212, -7.1135712], [110.3956454, -7.1134065], [110.3954632, -7.1133583], [110.3952646, -7.1132092], [110.3952467, -7.1129746], [110.3950705, -7.1128408], [110.394841, -7.112868], [110.3944857, -7.113473], [110.3939571, -7.1136048], [110.3938782, -7.1135227], [110.3935746, -7.1133877], [110.3923205, -7.1132424], [110.391503, -7.1134725], [110.3916679, -7.1128772], [110.3915789, -7.1126637], [110.3914052, -7.112554], [110.3911491, -7.1125653], [110.3904572, -7.1128384], [110.3902717, -7.1126252], [110.3904056, -7.1122408], [110.3901838, -7.1120245], [110.3899716, -7.1119938], [110.3899287, -7.112532], [110.3896396, -7.1127689], [110.3893825, -7.1127722], [110.3891682, -7.1128781], [110.3887652, -7.1128943], [110.3884907, -7.1126854], [110.3885948, -7.1129335], [110.3885265, -7.1131854], [110.3883507, -7.1133405], [110.387994, -7.1134683], [110.3873794, -7.1138112], [110.3859352, -7.1136806], [110.3856224, -7.1136], [110.3852485, -7.1136634], [110.3850044, -7.1139171], [110.3845695, -7.1142128], [110.3842033, -7.1140692], [110.3839515, -7.113766], [110.3835014, -7.1128767], [110.382769, -7.1119998], [110.3824375, -7.1113285], [110.3823224, -7.1109428]]]}}, {"type": "Feature", "properties": {"name": "Nongkosawit", "kecamatan": "Gunungpati", "osm_id": 8240989}, "geometry": {"type": "Polygon", "coordinates": [[[110.3597559, -7.0739932], [110.3596428, -7.0720434], [110.3589969, -7.0710425], [110.3588983, -7.0707628], [110.3589264, -7.0703311], [110.358887, -7.0698286], [110.3590547, -7.0667188], [110.3589313, -7.0661788], [110.3585084, -7.0658152], [110.3583989, -7.0656413], [110.3581726, -7.0649903], [110.3585131, -7.0637105], [110.358732, -7.0631455], [110.3592038, -7.0610479], [110.3595435, -7.0607014], [110.3598079, -7.0602698], [110.360054, -7.0599795], [110.360636, -7.0585461], [110.3617749, -7.0591441], [110.3623221, -7.0592159], [110.3626171, -7.0593916], [110.3628371, -7.0594236], [110.3629953, -7.0593171], [110.3633145, -7.0594342], [110.3633522, -7.0594739], [110.3633496, -7.0599123], [110.3634061, -7.0602811], [110.3647357, -7.0612362], [110.3650639, -7.0611223], [110.3652645, -7.0620167], [110.3654324, -7.0622035], [110.3660948, -7.0623113], [110.3664782, -7.0625112], [110.3669497, -7.0631136], [110.367349, -7.0634263], [110.3675219, -7.0637961], [110.3675797, -7.0641096], [110.3692099, -7.0637655], [110.3692349, -7.0633399], [110.3700951, -7.0631875], [110.370299, -7.0627456], [110.3709963, -7.0626711], [110.3712967, -7.062506], [110.371742, -7.0626018], [110.3721872, -7.0625486], [110.3731271, -7.0625418], [110.3732992, -7.0630348], [110.374304, -7.0634857], [110.374476, -7.0637346], [110.3743992, -7.0638971], [110.3742458, -7.0640404], [110.3736282, -7.0640635], [110.3731205, -7.0641967], [110.3727661, -7.0643684], [110.3725933, -7.0646551], [110.372612, -7.0650378], [110.3727744, -7.0652675], [110.3729214, -7.0663438], [110.3728635, -7.0666211], [110.3731693, -7.0671189], [110.3731402, -7.0673867], [110.3730007, -7.0678504], [110.3728279, -7.0682232], [110.3728081, -7.0686631], [110.3729801, -7.0689121], [110.3734199, -7.0693813], [110.37352, -7.0697593], [110.3733084, -7.0704764], [110.3733847, -7.0706391], [110.3746577, -7.0709851], [110.3748825, -7.0711433], [110.3748822, -7.0713537], [110.3747095, -7.07165], [110.3745889, -7.0722859], [110.3743977, -7.0725801], [110.3744284, -7.0728756], [110.3742421, -7.0731062], [110.3743316, -7.0733212], [110.3745858, -7.0736953], [110.3746376, -7.0740328], [110.3744043, -7.0743451], [110.3744293, -7.075016], [110.3742272, -7.0754068], [110.3740899, -7.0755532], [110.3737883, -7.0755506], [110.3734912, -7.0751711], [110.372954, -7.0752007], [110.3726126, -7.075512], [110.3725219, -7.0758122], [110.3725099, -7.0765109], [110.3720458, -7.0768927], [110.3720026, -7.077175], [110.3721017, -7.0776508], [110.3725496, -7.0781625], [110.3725917, -7.078606], [110.3721652, -7.0786008], [110.3718751, -7.0787241], [110.3716915, -7.0787274], [110.3715198, -7.078879], [110.3714029, -7.0790786], [110.3714952, -7.0795376], [110.3713216, -7.0798879], [110.3714912, -7.0800273], [110.370788, -7.0805036], [110.37046, -7.0812187], [110.3703474, -7.0813668], [110.3699553, -7.0811121], [110.3692083, -7.0809923], [110.3664137, -7.0802843], [110.3659937, -7.0800368], [110.3649641, -7.0796651], [110.3643562, -7.0796082], [110.3634975, -7.0796463], [110.3637949, -7.0788092], [110.3646006, -7.0774163], [110.3658683, -7.0749452], [110.3644758, -7.0744375], [110.3622344, -7.0739796], [110.361737, -7.0739137], [110.3597559, -7.0739932]]]}}, {"type": "Feature", "properties": {"name": "Gebangsari", "kecamatan": "Genuk", "osm_id": 8241015}, "geometry": {"type": "Polygon", "coordinates": [[[110.4629051, -6.9701346], [110.4624331, -6.9699216], [110.4625444, -6.969449], [110.4623245, -6.9694224], [110.462236, -6.9683628], [110.4620482, -6.9620688], [110.4620576, -6.9579727], [110.4621193, -6.9562474], [110.4649329, -6.9558613], [110.4684018, -6.9555433], [110.4694189, -6.9595795], [110.4695812, -6.9625268], [110.4695798, -6.9666815], [110.469211, -6.9691415], [110.4691547, -6.9698963], [110.4688248, -6.9698577], [110.4684694, -6.9699056], [110.4680268, -6.9698857], [110.4667393, -6.9696088], [110.4666201, -6.9703583], [110.4655981, -6.9703715], [110.4647478, -6.9704594], [110.464139, -6.9704407], [110.4629051, -6.9701346]]]}}, {"type": "Feature", "properties": {"name": "Cepoko", "kecamatan": "Gunungpati", "osm_id": 8241025}, "geometry": {"type": "Polygon", "coordinates": [[[110.3491545, -7.0649361], [110.3492387, -7.0649986], [110.3537973, -7.065095], [110.3539162, -7.0646872], [110.3541109, -7.0643109], [110.3544769, -7.0639805], [110.3547739, -7.0639809], [110.3557555, -7.06453], [110.356075, -7.0647701], [110.3565203, -7.0649076], [110.3572627, -7.0649429], [110.3574681, -7.0650687], [110.3578787, -7.0655714], [110.35805, -7.0655602], [110.358294, -7.0653738], [110.3585084, -7.0658152], [110.3589313, -7.0661788], [110.3590547, -7.0667188], [110.358887, -7.0698286], [110.3589264, -7.0703311], [110.3588983, -7.0707628], [110.3589969, -7.0710425], [110.3596428, -7.0720434], [110.35985, -7.0751512], [110.3600233, -7.0760108], [110.3596699, -7.0759412], [110.3593384, -7.0758127], [110.3591157, -7.0761188], [110.3589119, -7.0759777], [110.3590809, -7.075685], [110.3588834, -7.0754263], [110.3588886, -7.0751613], [110.3581823, -7.0751106], [110.3581192, -7.0752752], [110.3576367, -7.0752142], [110.3571556, -7.0752266], [110.3570123, -7.0754082], [110.3568303, -7.075369], [110.3567001, -7.0754468], [110.3561801, -7.0753681], [110.356128, -7.075446], [110.3559719, -7.0754328], [110.3556083, -7.0750555], [110.3553874, -7.0749773], [110.3553251, -7.0750267], [110.3551032, -7.0757118], [110.3548637, -7.0760034], [110.3548104, -7.0761731], [110.3548841, -7.0766296], [110.3536145, -7.0780666], [110.3537311, -7.0783012], [110.3542917, -7.0788681], [110.3543483, -7.0793941], [110.3544917, -7.0795881], [110.35429, -7.0800542], [110.3543276, -7.08043], [110.3542354, -7.0808807], [110.3538331, -7.0812228], [110.3537992, -7.0817086], [110.3542841, -7.0825218], [110.3542217, -7.0831481], [110.3543119, -7.0835105], [110.3540812, -7.0835717], [110.3540383, -7.0837048], [110.3542154, -7.0842638], [110.3539001, -7.0843891], [110.352802, -7.0840296], [110.3525252, -7.0840132], [110.3521514, -7.0836862], [110.3517222, -7.0835624], [110.3516257, -7.083601], [110.3516154, -7.0838809], [110.3518926, -7.0840415], [110.3519205, -7.084374], [110.3517032, -7.0843338], [110.3514591, -7.0844331], [110.3510879, -7.0848108], [110.3510568, -7.0849075], [110.3507817, -7.0850281], [110.3502135, -7.0851675], [110.3492217, -7.0849781], [110.3488217, -7.0848381], [110.3485786, -7.0849369], [110.3483895, -7.0848275], [110.3482136, -7.0845992], [110.3478225, -7.0844352], [110.3476482, -7.0842616], [110.3472351, -7.0841239], [110.3470185, -7.0844206], [110.3470179, -7.0848256], [110.346967, -7.0850846], [110.3464228, -7.0849664], [110.3461777, -7.0848015], [110.3461575, -7.0845132], [110.3460957, -7.0844204], [110.3461164, -7.0843587], [110.3466423, -7.0842976], [110.3467147, -7.0841329], [110.3467252, -7.0839579], [110.346643, -7.0837724], [110.3464267, -7.0836177], [110.3464269, -7.0835147], [110.3464682, -7.0834324], [110.3467777, -7.0832783], [110.3469635, -7.0831035], [110.3471085, -7.0826403], [110.3468553, -7.0823887], [110.3460653, -7.0821071], [110.3465556, -7.0811125], [110.3467506, -7.0804944], [110.3467278, -7.0802472], [110.3466046, -7.0799744], [110.3464638, -7.079808], [110.3452752, -7.0800216], [110.3451562, -7.0799771], [110.3450033, -7.0797002], [110.3449604, -7.0792524], [110.3450283, -7.0786482], [110.3457731, -7.0775548], [110.3459654, -7.0771331], [110.3459743, -7.0768814], [110.3459224, -7.0767637], [110.345104, -7.0766452], [110.3447807, -7.0764475], [110.3447778, -7.0763106], [110.344902, -7.075883], [110.3448024, -7.0756335], [110.3439814, -7.0741894], [110.3434444, -7.0725165], [110.3432269, -7.0722281], [110.3423927, -7.0715066], [110.3422374, -7.0712627], [110.3422175, -7.0711367], [110.3429615, -7.0712787], [110.343278, -7.0712161], [110.3436132, -7.0710271], [110.3437465, -7.0705751], [110.3440291, -7.070198], [110.3445803, -7.0698024], [110.3448879, -7.0696876], [110.3456385, -7.0697267], [110.3468982, -7.0699164], [110.3473585, -7.0677426], [110.3486191, -7.0674171], [110.3488265, -7.0674069], [110.3495755, -7.0675891], [110.3497948, -7.0667093], [110.349914, -7.0664274], [110.3498476, -7.0662608], [110.3493351, -7.0659501], [110.3490195, -7.0656619], [110.3489639, -7.0655225], [110.3491545, -7.0649361]]]}}, {"type": "Feature", "properties": {"name": "Genuksari", "kecamatan": "Genuk", "osm_id": 8241029}, "geometry": {"type": "Polygon", "coordinates": [[[110.4812381, -6.9717161], [110.4816028, -6.9722352], [110.4816189, -6.9734865], [110.4803476, -6.9736755], [110.4794892, -6.9736197], [110.4789958, -6.9735211], [110.4786605, -6.9734307], [110.4786229, -6.9730207], [110.4784271, -6.9724882], [110.4781079, -6.9720302], [110.4774776, -6.9719663], [110.4772952, -6.9718199], [110.4762733, -6.9713966], [110.4758441, -6.9712661], [110.4755759, -6.9711184], [110.4749121, -6.9705779], [110.4748262, -6.9704528], [110.4746291, -6.9703503], [110.4740471, -6.9701519], [110.4736072, -6.9700787], [110.4726215, -6.9700068], [110.4713488, -6.9697818], [110.4691842, -6.9695116], [110.4695798, -6.9666815], [110.4695812, -6.9625268], [110.4694189, -6.9595795], [110.4684018, -6.9555433], [110.468747, -6.9555152], [110.4696, -6.9553368], [110.4713675, -6.9548816], [110.4728937, -6.954405], [110.480833, -6.9513298], [110.4809484, -6.9515747], [110.4805514, -6.9533293], [110.4802188, -6.9559492], [110.4789421, -6.9602171], [110.4788482, -6.9606724], [110.4786524, -6.9622406], [110.4786471, -6.9634892], [110.4791352, -6.965289], [110.4792801, -6.9655633], [110.4810637, -6.9684759], [110.48145, -6.9689365], [110.4818335, -6.9692081], [110.4816565, -6.9699349], [110.4812542, -6.971149], [110.4812381, -6.9717161]]]}}, {"type": "Feature", "properties": {"name": "Gunung Pati", "kecamatan": "Gunungpati", "osm_id": 8241111}, "geometry": {"type": "Polygon", "coordinates": [[[110.3595102, -7.1050862], [110.3592319, -7.1053503], [110.358639, -7.1053563], [110.3583789, -7.1059927], [110.3576468, -7.1061728], [110.3572293, -7.1059207], [110.3568905, -7.1060468], [110.3565336, -7.1062809], [110.3563232, -7.1065497], [110.3560694, -7.1062713], [110.355698, -7.1060305], [110.3556062, -7.1059215], [110.3553024, -7.1057896], [110.3551526, -7.105644], [110.3547944, -7.105677], [110.3546714, -7.1056098], [110.3545266, -7.1051065], [110.3539904, -7.1044351], [110.353823, -7.1040995], [110.3535889, -7.1034508], [110.3535279, -7.1030594], [110.3536177, -7.1028695], [110.3534731, -7.1022545], [110.3533949, -7.1021426], [110.3532383, -7.1020976], [110.3529696, -7.1021532], [110.3527176, -7.1020779], [110.3524216, -7.1018953], [110.3521755, -7.1018055], [110.3519632, -7.1015816], [110.3519859, -7.1013581], [110.3514837, -7.100396], [110.3514393, -7.10015], [110.3514845, -7.0998483], [110.3513841, -7.099591], [110.3513527, -7.0989001], [110.3515411, -7.0985814], [110.3515687, -7.0982631], [110.3514651, -7.0980825], [110.3514981, -7.0977133], [110.3514228, -7.0973844], [110.3512538, -7.0969645], [110.3513042, -7.0968129], [110.3512989, -7.0964509], [110.3512133, -7.0962627], [110.3509746, -7.0960904], [110.3506488, -7.0959675], [110.3500596, -7.0956089], [110.3498179, -7.0952948], [110.349719, -7.0950485], [110.349373, -7.0947368], [110.3492476, -7.0942682], [110.3491048, -7.0942311], [110.3488366, -7.0934273], [110.3482556, -7.0930188], [110.3482703, -7.0928068], [110.3484207, -7.0924917], [110.3481982, -7.0918835], [110.3480038, -7.09174], [110.3474901, -7.0903823], [110.3476945, -7.0899932], [110.3479081, -7.0890004], [110.3480028, -7.0888809], [110.3480546, -7.0885004], [110.3479893, -7.0883257], [110.3475856, -7.0879214], [110.3473134, -7.0873317], [110.3469863, -7.0868511], [110.3469029, -7.0866264], [110.3468926, -7.0864361], [110.3470477, -7.0860694], [110.3470535, -7.0858147], [110.3469285, -7.0857704], [110.3469103, -7.0855098], [110.3470179, -7.0848256], [110.3470185, -7.0844206], [110.3472351, -7.0841239], [110.3476482, -7.0842616], [110.3478225, -7.0844352], [110.3482136, -7.0845992], [110.3483895, -7.0848275], [110.3485786, -7.0849369], [110.3488217, -7.0848381], [110.3492217, -7.0849781], [110.3502135, -7.0851675], [110.3507817, -7.0850281], [110.3510568, -7.0849075], [110.3510879, -7.0848108], [110.3514591, -7.0844331], [110.3517032, -7.0843338], [110.3519205, -7.084374], [110.3518926, -7.0840415], [110.3516154, -7.0838809], [110.3516257, -7.083601], [110.3517222, -7.0835624], [110.3521514, -7.0836862], [110.3525252, -7.0840132], [110.352802, -7.0840296], [110.3539001, -7.0843891], [110.3542154, -7.0842638], [110.3540383, -7.0837048], [110.3540812, -7.0835717], [110.3543119, -7.0835105], [110.3542217, -7.0831481], [110.3542841, -7.0825218], [110.3537992, -7.0817086], [110.3538331, -7.0812228], [110.3542354, -7.0808807], [110.3543276, -7.08043], [110.35429, -7.0800542], [110.3544917, -7.0795881], [110.3543483, -7.0793941], [110.3542917, -7.0788681], [110.3537311, -7.0783012], [110.3536145, -7.0780666], [110.3548841, -7.0766296], [110.3548104, -7.0761731], [110.3548637, -7.0760034], [110.3551032, -7.0757118], [110.3551916, -7.0755226], [110.3553251, -7.0750267], [110.3553874, -7.0749773], [110.3556083, -7.0750555], [110.3559719, -7.0754328], [110.356128, -7.075446], [110.3561801, -7.0753681], [110.3567001, -7.0754468], [110.3568303, -7.075369], [110.3570123, -7.0754082], [110.3571556, -7.0752266], [110.3576367, -7.0752142], [110.3581192, -7.0752752], [110.3581823, -7.0751106], [110.3588886, -7.0751613], [110.3588834, -7.0754263], [110.3590809, -7.075685], [110.3589119, -7.0759777], [110.3591157, -7.0761188], [110.3593384, -7.0758127], [110.3596699, -7.0759412], [110.3600233, -7.0760108], [110.35985, -7.0751512], [110.3597559, -7.0739932], [110.361737, -7.0739137], [110.3644758, -7.0744375], [110.3658683, -7.0749452], [110.3646006, -7.0774163], [110.3637949, -7.0788092], [110.3634975, -7.0796463], [110.3643562, -7.0796082], [110.3649641, -7.0796651], [110.3659937, -7.0800368], [110.3664137, -7.0802843], [110.3692083, -7.0809923], [110.3699553, -7.0811121], [110.3703474, -7.0813668], [110.3697072, -7.0821165], [110.3693005, -7.081735], [110.3690067, -7.0815876], [110.3688647, -7.0815207], [110.3683356, -7.0814611], [110.3678952, -7.0819245], [110.3674874, -7.0819534], [110.367309, -7.0818894], [110.3670772, -7.0819063], [110.3670647, -7.0825101], [110.3668718, -7.0831617], [110.3665326, -7.0833054], [110.3659598, -7.0830712], [110.3656621, -7.0830952], [110.3649017, -7.083026], [110.3647187, -7.0833106], [110.3645859, -7.0840931], [110.3643827, -7.0847415], [110.3644419, -7.0849277], [110.3640582, -7.0856676], [110.3640136, -7.0859993], [110.36403, -7.086586], [110.3641231, -7.0871368], [110.3642258, -7.087515], [110.3646576, -7.0886129], [110.3646569, -7.0891107], [110.3645503, -7.0893582], [110.3643116, -7.0894846], [110.3639113, -7.089545], [110.3631931, -7.0895365], [110.3630067, -7.0896004], [110.3628015, -7.0897601], [110.3626184, -7.0897124], [110.3624278, -7.089582], [110.362316, -7.0895844], [110.3611882, -7.090174], [110.3611966, -7.0903947], [110.3617086, -7.0912692], [110.3617192, -7.0918615], [110.3616981, -7.0920165], [110.3612487, -7.0923783], [110.3611439, -7.0925455], [110.3612204, -7.0932479], [110.3614368, -7.0935469], [110.3617997, -7.0938325], [110.3620947, -7.0941479], [110.3627023, -7.094623], [110.363116, -7.0950699], [110.363514, -7.09526], [110.3636706, -7.0957977], [110.3634722, -7.0961357], [110.3634126, -7.0963449], [110.3638326, -7.0965004], [110.3639093, -7.0966989], [110.3640819, -7.096925], [110.3640762, -7.0972444], [110.3645363, -7.0975658], [110.3650196, -7.0978308], [110.3658244, -7.0986355], [110.3660948, -7.0992178], [110.3662334, -7.0997826], [110.3667231, -7.1002874], [110.3668085, -7.100464], [110.3666085, -7.100644], [110.3665285, -7.100824], [110.3660985, -7.102374], [110.3658885, -7.102654], [110.3653243, -7.1027106], [110.3650185, -7.102564], [110.3647985, -7.102514], [110.3634968, -7.1027452], [110.3634165, -7.1031855], [110.3634366, -7.1040134], [110.3634998, -7.1043797], [110.363679, -7.104678], [110.3635099, -7.1046822], [110.3632074, -7.1045381], [110.3626266, -7.104418], [110.3617614, -7.1044361], [110.3609628, -7.1046462], [110.3602423, -7.1046959], [110.3599035, -7.1049961], [110.3595102, -7.1050862]]]}}, {"type": "Feature", "properties": {"name": "Karangmalang", "kecamatan": "Mijen", "osm_id": 8241192}, "geometry": {"type": "Polygon", "coordinates": [[[110.3231299, -7.1018668], [110.3230065, -7.1009885], [110.3230655, -7.1007543], [110.3232104, -7.1007063], [110.3234625, -7.1002113], [110.3236824, -7.0999132], [110.3237361, -7.0996577], [110.3234357, -7.0993276], [110.3233069, -7.0989497], [110.3233445, -7.098774], [110.3236288, -7.0983907], [110.3240365, -7.0981405], [110.3242403, -7.0977679], [110.3243744, -7.0972515], [110.324353, -7.0968789], [110.3245354, -7.0964743], [110.3248841, -7.0960485], [110.324927, -7.0954789], [110.3250128, -7.0953458], [110.3254339, -7.0951089], [110.3254795, -7.0949625], [110.3257155, -7.0946644], [110.3261796, -7.0942705], [110.3264451, -7.0937222], [110.326708, -7.0934853], [110.3269976, -7.0933761], [110.3270835, -7.0932936], [110.327239, -7.0927826], [110.3272176, -7.0925936], [110.3274429, -7.0924712], [110.3280544, -7.0919548], [110.3284085, -7.0917259], [110.3287572, -7.0916194], [110.3289878, -7.0915928], [110.3291702, -7.0916354], [110.3293687, -7.091859], [110.3296637, -7.0920826], [110.330463, -7.091859], [110.3307366, -7.091827], [110.331257, -7.0922156], [110.3313911, -7.0924339], [110.3315949, -7.0926043], [110.3320831, -7.0927214], [110.3327483, -7.0930674], [110.334304, -7.0940309], [110.3349021, -7.0944648], [110.3359053, -7.0950583], [110.3361091, -7.0952766], [110.3362271, -7.0956066], [110.3363317, -7.0957477], [110.3365409, -7.0958355], [110.3369218, -7.0958036], [110.3371927, -7.0956359], [110.337874, -7.0955188], [110.3388342, -7.0951914], [110.3394404, -7.0950663], [110.33995, -7.095037], [110.3401351, -7.095069], [110.3403363, -7.0951914], [110.3404275, -7.0953085], [110.3406045, -7.0961523], [110.3407493, -7.0963785], [110.3408673, -7.096469], [110.3409907, -7.0964823], [110.3411409, -7.0963945], [110.3415325, -7.095966], [110.3419027, -7.0956945], [110.3420421, -7.0954123], [110.3420824, -7.0951608], [110.3420784, -7.0948973], [110.3418785, -7.0944075], [110.3418853, -7.0943077], [110.3419911, -7.0941427], [110.3421199, -7.0940948], [110.3423975, -7.094132], [110.3426831, -7.0942917], [110.3431016, -7.0948294], [110.3445473, -7.0970626], [110.3447485, -7.0971451], [110.3448987, -7.0971238], [110.3452688, -7.0978477], [110.3453922, -7.0987314], [110.3454727, -7.0990029], [110.3454606, -7.0994314], [110.3449792, -7.0996271], [110.3450181, -7.0997136], [110.3443837, -7.1001421], [110.3437453, -7.1007117], [110.3429192, -7.1011216], [110.3428227, -7.1011375], [110.342195, -7.1010045], [110.3419536, -7.1011269], [110.3418732, -7.1012759], [110.3416157, -7.1013398], [110.3413421, -7.1013265], [110.3410122, -7.1012254], [110.3408512, -7.1012573], [110.3405026, -7.1016379], [110.340288, -7.101755], [110.3398937, -7.1015448], [110.3394672, -7.1014702], [110.3392339, -7.1015288], [110.3388315, -7.1017417], [110.3387886, -7.1018695], [110.3387994, -7.1022634], [110.3388597, -7.1026414], [110.3387806, -7.1032668], [110.3386223, -7.1033174], [110.3384641, -7.1032535], [110.338228, -7.1032615], [110.3376165, -7.1036315], [110.3374287, -7.1036341], [110.3371659, -7.103525], [110.3369057, -7.103722], [110.3366294, -7.1040254], [110.3363478, -7.1041372], [110.3360876, -7.1039642], [110.3359562, -7.1036927], [110.3357014, -7.103352], [110.3354895, -7.1032615], [110.3349584, -7.1032189], [110.3347278, -7.1031231], [110.3341752, -7.1028197], [110.3336334, -7.1021197], [110.3328744, -7.1019387], [110.3327885, -7.1012626], [110.3325015, -7.100866], [110.3323916, -7.1007849], [110.3322346, -7.1004788], [110.3322145, -7.1002446], [110.3322588, -7.0999531], [110.332405, -7.0997162], [110.3324398, -7.0995219], [110.332244, -7.099317], [110.3321126, -7.0990455], [110.3319839, -7.0990535], [110.3316835, -7.0992531], [110.3311604, -7.0994474], [110.330919, -7.0996044], [110.3308091, -7.0998253], [110.3306508, -7.1003657], [110.3307259, -7.1006744], [110.3307044, -7.1008714], [110.330632, -7.1010151], [110.3302163, -7.1011775], [110.3297898, -7.1011429], [110.3294358, -7.1015235], [110.3291219, -7.1022421], [110.3289771, -7.1024178], [110.3287894, -7.102479], [110.3280866, -7.1022528], [110.3278935, -7.1023379], [110.3277889, -7.1024444], [110.3277326, -7.1027558], [110.3276628, -7.1028596], [110.3275046, -7.1028995], [110.3271505, -7.1026813], [110.3269708, -7.1023779], [110.3267428, -7.101763], [110.3265497, -7.1016193], [110.3260159, -7.101433], [110.3256029, -7.1017737], [110.3253937, -7.1018296], [110.3248089, -7.1017071], [110.3238487, -7.1019201], [110.3231299, -7.1018668]]]}}, {"type": "Feature", "properties": {"name": "Banjardowo", "kecamatan": "Genuk", "osm_id": 8241225}, "geometry": {"type": "Polygon", "coordinates": [[[110.487238, -6.9713142], [110.4854572, -6.9705739], [110.484222, -6.9698577], [110.4836038, -6.9695755], [110.4828233, -6.9693785], [110.4818335, -6.9692081], [110.48145, -6.9689365], [110.4812568, -6.9687395], [110.4806292, -6.9678103], [110.4791352, -6.965289], [110.4786471, -6.9634892], [110.4786524, -6.9622406], [110.4788482, -6.9606724], [110.4789421, -6.9602171], [110.4802188, -6.9559492], [110.4805514, -6.9533293], [110.4809484, -6.9515747], [110.480833, -6.9513298], [110.4840463, -6.9501716], [110.4871523, -6.9489868], [110.487957, -6.9487472], [110.4915109, -6.9474878], [110.491291, -6.9483451], [110.4910067, -6.9491625], [110.4905587, -6.9510875], [110.4901859, -6.9520034], [110.489974, -6.9526903], [110.4897299, -6.953766], [110.4895985, -6.9548203], [110.4899177, -6.9549881], [110.4900625, -6.9548603], [110.490261, -6.9548842], [110.489915, -6.9558347], [110.4889038, -6.9555765], [110.4888126, -6.9570834], [110.4887697, -6.9587501], [110.4895341, -6.9644504], [110.4896146, -6.9654488], [110.4899257, -6.9671607], [110.4901001, -6.9685292], [110.4902262, -6.9698311], [110.4901859, -6.9702065], [110.4900277, -6.9710558], [110.489577, -6.9722752], [110.4877853, -6.9716202], [110.487238, -6.9713142]]]}}, {"type": "Feature", "properties": {"name": "Tlogosari Kulon", "kecamatan": "Pedurungan", "osm_id": 8241678}, "geometry": {"type": "Polygon", "coordinates": [[[110.4505888, -6.9764601], [110.4518252, -6.9766958], [110.4536682, -6.9769542], [110.4543163, -6.9771066], [110.4542588, -6.9776535], [110.4545836, -6.9776984], [110.456019, -6.9781781], [110.4570205, -6.9784275], [110.457413, -6.9786121], [110.4582582, -6.9787692], [110.4639423, -6.9803895], [110.466007, -6.9815943], [110.4671379, -6.9817613], [110.4673749, -6.9817666], [110.4679202, -6.981551], [110.4681578, -6.9815843], [110.4683068, -6.981682], [110.4681988, -6.981982], [110.4681178, -6.9824373], [110.4680242, -6.9831375], [110.4680395, -6.9836582], [110.4678655, -6.9841103], [110.4677518, -6.984585], [110.4675882, -6.9857795], [110.4671396, -6.98581], [110.4668395, -6.9874143], [110.4662954, -6.9898915], [110.4659814, -6.9910737], [110.4657923, -6.9922341], [110.4656291, -6.9928635], [110.4656955, -6.994759], [110.4658153, -6.9953539], [110.4657956, -6.99558], [110.4655461, -6.9962917], [110.4654835, -6.9966993], [110.465663, -6.996993], [110.4656901, -6.9975612], [110.4656475, -6.9995071], [110.4654225, -6.999574], [110.4651373, -6.9992231], [110.4612679, -6.9951979], [110.4602447, -6.9940624], [110.4600649, -6.9938131], [110.4599223, -6.9933607], [110.4597187, -6.9930212], [110.458969, -6.9922159], [110.4574066, -6.9902738], [110.456543, -6.9891636], [110.4561017, -6.9884661], [110.4554741, -6.9871603], [110.4552448, -6.9865173], [110.4548424, -6.9857905], [110.4541719, -6.9843502], [110.4516268, -6.9835832], [110.4512318, -6.9804682], [110.4505888, -6.9764601]]]}}, {"type": "Feature", "properties": {"name": "Manyaran", "kecamatan": "Semarang Barat", "osm_id": 8244918}, "geometry": {"type": "Polygon", "coordinates": [[[110.3894663, -6.9990898], [110.3898096, -6.9992602], [110.390389, -6.9999417], [110.3913546, -7.0013687], [110.3923041, -7.0029341], [110.3928405, -7.002966], [110.3949863, -7.0032961], [110.3952571, -7.0032496], [110.3951472, -7.0037261], [110.3938544, -7.0048881], [110.3927305, -7.0054738], [110.3928675, -7.006144], [110.3914448, -7.0058344], [110.3906258, -7.0057854], [110.3895531, -7.0058807], [110.3894029, -7.0059587], [110.3891724, -7.0062447], [110.388948, -7.0067722], [110.3886853, -7.0076072], [110.3881154, -7.0085185], [110.386748, -7.0109134], [110.3866638, -7.0112078], [110.3866964, -7.0115119], [110.3871676, -7.0123897], [110.387451, -7.0130628], [110.387585, -7.0136312], [110.3875243, -7.0142441], [110.387522, -7.0149403], [110.3822994, -7.011091], [110.3818488, -7.010697], [110.3785524, -7.0068581], [110.3799069, -7.0057187], [110.3800517, -7.0055377], [110.3802556, -7.0051011], [110.3806311, -7.0040415], [110.380792, -7.0038232], [110.3814787, -7.0034133], [110.3816342, -7.0032535], [110.3816611, -7.0031417], [110.3816342, -7.0030219], [110.3815028, -7.0029181], [110.3809208, -7.0027131], [110.3807303, -7.0025214], [110.3804648, -7.0021061], [110.380328, -7.0015178], [110.3804246, -7.000602], [110.3804004, -7.0004822], [110.3802127, -7.0003278], [110.3795287, -7.0001041], [110.3791344, -6.9998086], [110.3788072, -6.9993188], [110.3785765, -6.9987677], [110.3786087, -6.9985254], [110.3787214, -6.9983071], [110.3789627, -6.9980196], [110.379172, -6.9979504], [110.3797674, -6.9979131], [110.3798747, -6.9978652], [110.3800317, -6.9970168], [110.3804702, -6.9970293], [110.3812158, -6.9970665], [110.382573, -6.9974978], [110.3831363, -6.9977268], [110.387814, -6.9990366], [110.3894663, -6.9990898]]]}}, {"type": "Feature", "properties": {"name": "Ngemplaksimongan", "kecamatan": "Semarang Barat", "osm_id": 8244943}, "geometry": {"type": "Polygon", "coordinates": [[[110.4006203, -6.9928153], [110.4013646, -6.9928708], [110.4024911, -6.9922958], [110.4024428, -6.993957], [110.402298, -6.994793], [110.4019476, -6.9957916], [110.4016616, -6.996398], [110.4009795, -6.9982025], [110.4011113, -6.9990424], [110.4014864, -6.999586], [110.4016436, -6.9999851], [110.4015195, -7.0004422], [110.4009871, -7.0011483], [110.4007508, -7.0013524], [110.399038, -7.00143], [110.398191, -7.0016537], [110.3976014, -7.0018923], [110.3973568, -7.002066], [110.3972156, -7.0022591], [110.39624, -7.0038159], [110.3957245, -7.0043731], [110.3954222, -7.0050039], [110.3949241, -7.0056666], [110.394258, -7.0060094], [110.3936909, -7.0062027], [110.3928675, -7.006144], [110.3927305, -7.0054738], [110.3938544, -7.0048881], [110.3951472, -7.0037261], [110.3952571, -7.0032496], [110.3949863, -7.0032961], [110.3928405, -7.002966], [110.3923041, -7.0029341], [110.3913546, -7.0013687], [110.390389, -6.9999417], [110.3898096, -6.9992602], [110.3894663, -6.9990898], [110.389756, -6.9986319], [110.3900242, -6.9979717], [110.3900778, -6.9975777], [110.3900027, -6.997173], [110.3906411, -6.9970612], [110.390979, -6.9983444], [110.3916067, -6.9984189], [110.3934252, -6.9990366], [110.3937525, -6.998158], [110.394026, -6.9977694], [110.3942138, -6.9971996], [110.3972554, -6.9983657], [110.3978509, -6.9968642], [110.3979903, -6.9967524], [110.3987575, -6.9968642], [110.3989613, -6.9967843], [110.39909, -6.9966033], [110.399192, -6.9963105], [110.39931, -6.9948409], [110.3988594, -6.9947184], [110.3986019, -6.9944895], [110.3985321, -6.9942925], [110.3985912, -6.9939091], [110.3990471, -6.9924023], [110.3993046, -6.9925088], [110.4006203, -6.9928153]]]}}, {"type": "Feature", "properties": {"name": "Kudu", "kecamatan": "Genuk", "osm_id": 8245550}, "geometry": {"type": "Polygon", "coordinates": [[[110.5016283, -6.9594062], [110.5009188, -6.9608882], [110.5005984, -6.961941], [110.5004458, -6.9628003], [110.5004687, -6.9638102], [110.5007891, -6.9652937], [110.5010027, -6.9658096], [110.5016436, -6.967078], [110.5031276, -6.9675255], [110.5057669, -6.9685265], [110.5054665, -6.969666], [110.5060834, -6.969895], [110.5053806, -6.9724296], [110.5055147, -6.9739578], [110.5061692, -6.9751931], [110.5059037, -6.9764338], [110.5056435, -6.9785397], [110.5052438, -6.9796233], [110.5049863, -6.9794715], [110.5047798, -6.9792585], [110.5044124, -6.9786808], [110.5042434, -6.9783267], [110.5038257, -6.9777092], [110.5034308, -6.9774868], [110.5027291, -6.9769311], [110.5011092, -6.9759386], [110.5000306, -6.9753543], [110.4988624, -6.974926], [110.497426, -6.9747201], [110.4973441, -6.9744406], [110.4972253, -6.9732408], [110.4968314, -6.9719548], [110.4964666, -6.9711057], [110.496467, -6.9707639], [110.4962393, -6.9686008], [110.4962515, -6.9681647], [110.4963344, -6.967929], [110.4968306, -6.9671516], [110.4971685, -6.9655548], [110.497204, -6.9651362], [110.4970947, -6.9628261], [110.4976274, -6.9610704], [110.4976276, -6.9608936], [110.4982074, -6.9585533], [110.4984433, -6.958579], [110.4985161, -6.9582642], [110.498822, -6.958066], [110.4990467, -6.9575005], [110.4990945, -6.9569583], [110.4991655, -6.9567109], [110.4994135, -6.9564754], [110.4997558, -6.9563225], [110.5006761, -6.9561113], [110.5013229, -6.9558238], [110.5019957, -6.9552144], [110.5029827, -6.9544263], [110.5041254, -6.9535956], [110.5069095, -6.951407], [110.5070651, -6.9514922], [110.5070007, -6.9519981], [110.5070758, -6.9522697], [110.5074888, -6.953111], [110.5079555, -6.9543091], [110.5084544, -6.9553209], [110.5088353, -6.9563326], [110.5088836, -6.9566255], [110.5084947, -6.957536], [110.5061746, -6.9572831], [110.5050856, -6.9571047], [110.5047744, -6.9576612], [110.5044445, -6.9580738], [110.5036613, -6.9576984], [110.5030069, -6.9583241], [110.5020861, -6.9588692], [110.5016283, -6.9594062]]]}}, {"type": "Feature", "properties": {"name": "Pudakpayung", "kecamatan": "Banyumanik", "osm_id": 8248071}, "geometry": {"type": "Polygon", "coordinates": [[[110.4028321, -7.0792298], [110.4034734, -7.0786642], [110.4042626, -7.0787354], [110.4048782, -7.0788644], [110.405125, -7.0791306], [110.4052752, -7.079615], [110.405691, -7.0798626], [110.4069676, -7.0800595], [110.4088694, -7.0802166], [110.4091805, -7.0799824], [110.409953, -7.079615], [110.4102051, -7.0796097], [110.4113048, -7.079844], [110.4111814, -7.0805733], [110.4109937, -7.0812973], [110.4108059, -7.0825962], [110.4121041, -7.0829103], [110.412721, -7.083235], [110.4134345, -7.0834852], [110.4150277, -7.0837567], [110.4162133, -7.0842784], [110.4173505, -7.0846085], [110.4186621, -7.0851062], [110.4190725, -7.0852952], [110.4193971, -7.0856173], [110.4204109, -7.0860059], [110.4209796, -7.0860751], [110.4215321, -7.085926], [110.4225004, -7.0869721], [110.4225594, -7.0872143], [110.4227069, -7.0874272], [110.4227042, -7.0877307], [110.4226211, -7.0879463], [110.4222107, -7.0882231], [110.4221383, -7.0883296], [110.4222536, -7.0886916], [110.4222509, -7.0889125], [110.4221812, -7.089168], [110.422098, -7.0892878], [110.4218835, -7.0894155], [110.4213631, -7.089506], [110.4207677, -7.089687], [110.4204619, -7.0898467], [110.4203385, -7.0904057], [110.420486, -7.0908955], [110.4205397, -7.0919175], [110.4207194, -7.0920347], [110.42095, -7.0923807], [110.4208615, -7.0926548], [110.4208401, -7.0929316], [110.4220927, -7.0928784], [110.4220444, -7.0939457], [110.4236105, -7.0939141], [110.4233641, -7.0947336], [110.4232997, -7.0958408], [110.4229349, -7.0965755], [110.4230475, -7.097704], [110.4230234, -7.0979169], [110.4224199, -7.0982763], [110.4223126, -7.0984706], [110.4222724, -7.0985717], [110.4222643, -7.0993143], [110.4221597, -7.0994953], [110.4217386, -7.0996949], [110.4211593, -7.0997907], [110.4209286, -7.0997854], [110.4205021, -7.0999904], [110.4204351, -7.1002166], [110.4205719, -7.1010178], [110.420596, -7.1015208], [110.4203761, -7.1022049], [110.4198933, -7.1029501], [110.4194587, -7.1034532], [110.419153, -7.104068], [110.4189518, -7.1049144], [110.4188445, -7.1060269], [110.4185683, -7.1068414], [110.418115, -7.1075228], [110.4176456, -7.1079859], [110.4169455, -7.1083745], [110.4160765, -7.1086087], [110.4150063, -7.1087045], [110.4144001, -7.1086619], [110.4132226, -7.1086726], [110.4129061, -7.1087018], [110.4126137, -7.1087977], [110.4125386, -7.1088988], [110.4122356, -7.1097532], [110.4120398, -7.1098516], [110.4114926, -7.1099155], [110.4110956, -7.1097638], [110.4104787, -7.1097159], [110.4102319, -7.1098942], [110.4099476, -7.1100007], [110.4097679, -7.1099954], [110.4082096, -7.1091863], [110.4079333, -7.1091304], [110.4076999, -7.1092262], [110.4074666, -7.109644], [110.4072091, -7.1098463], [110.4067907, -7.1098862], [110.4066914, -7.109833], [110.4063964, -7.1098224], [110.4062301, -7.1098969], [110.405868, -7.1102323], [110.4057419, -7.1102722], [110.4053986, -7.110022], [110.4051679, -7.1099421], [110.4046825, -7.110014], [110.4044545, -7.1102296], [110.404374, -7.1105011], [110.4044357, -7.1107646], [110.4046315, -7.1112037], [110.40461, -7.1113954], [110.404323, -7.1116243], [110.4032904, -7.1118665], [110.4030704, -7.1118478], [110.4029497, -7.1117494], [110.4029042, -7.1115897], [110.4029497, -7.1113608], [110.4032019, -7.1109589], [110.4034406, -7.1102855], [110.4034111, -7.1099315], [110.4032958, -7.1097452], [110.4030222, -7.1095908], [110.4028076, -7.1095961], [110.4021612, -7.1097292], [110.4018913, -7.1098641], [110.4018136, -7.1096042], [110.4016321, -7.1092911], [110.4014913, -7.1088368], [110.4010882, -7.1080187], [110.4007554, -7.107544], [110.4005535, -7.1073519], [110.399978, -7.1070585], [110.3995835, -7.1070015], [110.3990633, -7.1068122], [110.39788, -7.1060429], [110.3976365, -7.1058239], [110.3975219, -7.1052648], [110.3976366, -7.1047958], [110.3977584, -7.1045627], [110.3980254, -7.1043387], [110.3984167, -7.1042626], [110.398847, -7.1046877], [110.3991404, -7.1046371], [110.3991931, -7.1045252], [110.3992602, -7.1042933], [110.3989831, -7.103656], [110.3989514, -7.1033006], [110.3990284, -7.1029661], [110.3992211, -7.1025111], [110.399774, -7.1019141], [110.4003034, -7.1008869], [110.4006966, -7.1004661], [110.400991, -7.0999924], [110.401005, -7.0994895], [110.4008305, -7.0986888], [110.4008228, -7.0983121], [110.4011082, -7.0975838], [110.4011077, -7.0971346], [110.40096, -7.0966964], [110.4009855, -7.096486], [110.4016505, -7.0961387], [110.4020133, -7.0958825], [110.4019671, -7.095622], [110.4015723, -7.0951556], [110.4012642, -7.0949662], [110.4010505, -7.0946801], [110.4011739, -7.0941331], [110.4015128, -7.0937143], [110.4026498, -7.0928636], [110.4029602, -7.0925212], [110.4032059, -7.0920483], [110.4032573, -7.0916234], [110.402957, -7.0909418], [110.4027822, -7.090741], [110.40266, -7.0904387], [110.4030372, -7.0896968], [110.4034967, -7.0886144], [110.4039794, -7.0877705], [110.4040166, -7.0873645], [110.4038133, -7.0866449], [110.4031707, -7.0859418], [110.4031952, -7.0856283], [110.4033019, -7.0853224], [110.4034841, -7.0850375], [110.4040594, -7.0845864], [110.4041614, -7.084164], [110.4040951, -7.0829561], [110.4040485, -7.0824868], [110.4038802, -7.0820361], [110.4036694, -7.0819389], [110.4034004, -7.0819216], [110.4025546, -7.0821319], [110.4023639, -7.0821333], [110.4022105, -7.0820185], [110.4021827, -7.08188], [110.402312, -7.0812715], [110.4021313, -7.080438], [110.4021533, -7.0801618], [110.4022868, -7.0798872], [110.4025689, -7.0795989], [110.4028321, -7.0792298]]]}}, {"type": "Feature", "properties": {"name": "Penggaron Lor", "kecamatan": "Genuk", "osm_id": 8248249}, "geometry": {"type": "Polygon", "coordinates": [[[110.4952538, -6.9945132], [110.4951668, -6.9948995], [110.4950273, -6.995187], [110.4945445, -6.9953467], [110.494287, -6.9953467], [110.4941958, -6.9954745], [110.4942334, -6.9957887], [110.4946518, -6.9960336], [110.4946893, -6.9961348], [110.4944533, -6.9966832], [110.4936916, -6.9966406], [110.4935414, -6.9970665], [110.4931068, -6.9969867], [110.4920666, -6.9990276], [110.4908189, -6.9979024], [110.4915753, -6.9964888], [110.4917979, -6.9958898], [110.4929995, -6.9937147], [110.4932999, -6.992972], [110.4937626, -6.9915823], [110.4939303, -6.9913267], [110.4939035, -6.991135], [110.4939705, -6.9907597], [110.4941658, -6.9899667], [110.4943113, -6.9895732], [110.4943727, -6.9887556], [110.4945029, -6.9883786], [110.4948338, -6.9878014], [110.494746, -6.987206], [110.4951129, -6.986122], [110.4950905, -6.9850023], [110.4951261, -6.9848137], [110.4960303, -6.9830997], [110.4965923, -6.9815975], [110.4966986, -6.9814325], [110.4967936, -6.9808315], [110.4970538, -6.9802425], [110.4971722, -6.9797947], [110.4972141, -6.9793056], [110.497285, -6.9791642], [110.4972851, -6.9790463], [110.4972145, -6.9789048], [110.4972391, -6.9779383], [110.497489, -6.9759466], [110.497426, -6.9747201], [110.4988624, -6.974926], [110.5000306, -6.9753543], [110.5004819, -6.9755748], [110.5027291, -6.9769311], [110.5035152, -6.9775357], [110.5035943, -6.9781962], [110.5037311, -6.9785051], [110.5041361, -6.9790935], [110.5039778, -6.9796579], [110.5021683, -6.9792118], [110.5020941, -6.9793037], [110.5020398, -6.9795124], [110.5018659, -6.9816584], [110.5016362, -6.9824122], [110.5015343, -6.9834087], [110.5011602, -6.9845601], [110.5008581, -6.9850794], [110.5020701, -6.9855507], [110.5028678, -6.9857625], [110.5025751, -6.9866562], [110.5019953, -6.9881168], [110.5015756, -6.9890027], [110.5013315, -6.9893937], [110.5015146, -6.9907203], [110.5013849, -6.991653], [110.5014459, -6.9920907], [110.5013925, -6.9923835], [110.5014536, -6.9926987], [110.5014255, -6.9929457], [110.5009396, -6.9922475], [110.5003342, -6.9921879], [110.4992893, -6.9922671], [110.4986056, -6.9928686], [110.4981231, -6.9931491], [110.4976907, -6.9941684], [110.4976901, -6.9947305], [110.4974487, -6.9949711], [110.4969805, -6.9951005], [110.496653, -6.9948047], [110.4955855, -6.9945446], [110.4952538, -6.9945132]]]}}, {"type": "Feature", "properties": {"name": "Karangroto", "kecamatan": "Genuk", "osm_id": 8249977}, "geometry": {"type": "Polygon", "coordinates": [[[110.497426, -6.9747201], [110.4970237, -6.9746703], [110.4945668, -6.973996], [110.491376, -6.9731989], [110.489577, -6.9722752], [110.4900277, -6.9710558], [110.4902262, -6.9698311], [110.4899257, -6.9671607], [110.4896146, -6.9654488], [110.4895341, -6.9644504], [110.4887697, -6.9587501], [110.4889038, -6.9555765], [110.489915, -6.9558347], [110.4901755, -6.9551191], [110.4921979, -6.9545773], [110.4941672, -6.9542598], [110.4946274, -6.9540717], [110.4959961, -6.9537667], [110.4984798, -6.9530916], [110.4992349, -6.9529627], [110.5002773, -6.9526246], [110.5007075, -6.9538176], [110.5008982, -6.9542048], [110.5013229, -6.9558238], [110.5006761, -6.9561113], [110.4997558, -6.9563225], [110.4994135, -6.9564754], [110.4991655, -6.9567109], [110.4990945, -6.9569583], [110.4990467, -6.9575005], [110.498822, -6.958066], [110.4985161, -6.9582642], [110.4984433, -6.958579], [110.4982074, -6.9585533], [110.4976276, -6.9608936], [110.4976274, -6.9610704], [110.4970947, -6.9628261], [110.497204, -6.9651362], [110.4971685, -6.9655548], [110.4969906, -6.9664387], [110.4968306, -6.9671516], [110.4963344, -6.967929], [110.4962515, -6.9681647], [110.4962393, -6.9686008], [110.496467, -6.9707639], [110.4964666, -6.9711057], [110.4968314, -6.9719548], [110.4972253, -6.9732408], [110.4973441, -6.9744406], [110.497426, -6.9747201]]]}}, {"type": "Feature", "properties": {"name": "Gedawang", "kecamatan": "Banyumanik", "osm_id": 8257403}, "geometry": {"type": "Polygon", "coordinates": [[[110.4233641, -7.0947336], [110.4236105, -7.0939141], [110.4220444, -7.0939457], [110.4220927, -7.0928784], [110.4208401, -7.0929316], [110.4208615, -7.0926548], [110.42095, -7.0923807], [110.4207194, -7.0920347], [110.4205397, -7.0919175], [110.420486, -7.0908955], [110.4203385, -7.0904057], [110.4204619, -7.0898467], [110.4207677, -7.089687], [110.4213631, -7.089506], [110.4218835, -7.0894155], [110.422098, -7.0892878], [110.4221812, -7.089168], [110.4222509, -7.0889125], [110.4222536, -7.0886916], [110.4221383, -7.0883296], [110.4222107, -7.0882231], [110.4226211, -7.0879463], [110.4227042, -7.0877307], [110.4227069, -7.0874272], [110.4225594, -7.0872143], [110.4225004, -7.0869721], [110.4215321, -7.085926], [110.4209796, -7.0860751], [110.4204109, -7.0860059], [110.4193971, -7.0856173], [110.4190725, -7.0852952], [110.4178575, -7.0847895], [110.4184395, -7.0834906], [110.4191154, -7.0826175], [110.4193461, -7.0826867], [110.4197484, -7.0821969], [110.4200435, -7.081654], [110.4211163, -7.0787686], [110.4229456, -7.0796523], [110.4231415, -7.0798493], [110.4231709, -7.0800303], [110.4230905, -7.0802592], [110.4231629, -7.0803018], [110.4238898, -7.0799398], [110.4245335, -7.0793063], [110.4246193, -7.0788272], [110.4248607, -7.0784705], [110.4255688, -7.078215], [110.4259658, -7.0782203], [110.4262394, -7.0781351], [110.4264969, -7.0779701], [110.426867, -7.077805], [110.4269582, -7.077805], [110.4273391, -7.0775974], [110.4275644, -7.0772141], [110.4278594, -7.0770491], [110.4282886, -7.0770172], [110.4287767, -7.0768308], [110.4291576, -7.0766019], [110.4295117, -7.0764635], [110.4301071, -7.0760909], [110.4304343, -7.0759578], [110.4308313, -7.0759631], [110.4313356, -7.0760536], [110.4319954, -7.0763677], [110.4323173, -7.076389], [110.4326338, -7.0762346], [110.4338139, -7.0760323], [110.434868, -7.0761414], [110.4350907, -7.0760749], [110.4351926, -7.0759312], [110.4351711, -7.0753456], [110.4353106, -7.0750687], [110.4354447, -7.0749676], [110.4357505, -7.0749011], [110.4371774, -7.0748345], [110.4378587, -7.0749303], [110.4381377, -7.0748452], [110.4384112, -7.0748319], [110.4386419, -7.0749303], [110.4386795, -7.075287], [110.4385453, -7.0757448], [110.4386097, -7.0759099], [110.4388833, -7.0763837], [110.4393715, -7.0766818], [110.4395378, -7.0769267], [110.439629, -7.0772301], [110.4393178, -7.0774218], [110.4382342, -7.0776826], [110.438025, -7.077853], [110.4378533, -7.0780233], [110.437746, -7.0783055], [110.4377246, -7.0788112], [110.4374939, -7.0793382], [110.4372686, -7.0794181], [110.4367536, -7.0794181], [110.4365873, -7.079482], [110.4361045, -7.0795299], [110.4359221, -7.0798972], [110.4357558, -7.0807649], [110.4355359, -7.0813079], [110.4355627, -7.081654], [110.4356646, -7.0818137], [110.4357451, -7.0824365], [110.4356915, -7.083054], [110.4356164, -7.0832457], [110.4354286, -7.0835012], [110.4349565, -7.0840176], [110.4349083, -7.0844062], [110.4350316, -7.0847096], [110.4350316, -7.0851089], [110.434978, -7.085407], [110.4349029, -7.0855507], [110.4345864, -7.0857637], [110.434286, -7.0858968], [110.4333204, -7.0860831], [110.433079, -7.0862002], [110.4329181, -7.0863333], [110.4328912, -7.0865835], [110.4331005, -7.086823], [110.4336744, -7.0870839], [110.4341197, -7.0872223], [110.4343396, -7.0873501], [110.4344094, -7.0874778], [110.4343396, -7.0877333], [110.4346454, -7.0882258], [110.4348358, -7.0880261], [110.434919, -7.0878372], [110.4348868, -7.0875231], [110.4346803, -7.0871611], [110.4347044, -7.087004], [110.4353589, -7.0872755], [110.4367321, -7.0874991], [110.4370594, -7.0882604], [110.4372096, -7.0889258], [110.4371774, -7.0892505], [110.4373035, -7.089703], [110.4369548, -7.0897882], [110.4364586, -7.0898175], [110.4357666, -7.08957], [110.4351658, -7.089546], [110.434742, -7.0897456], [110.4343182, -7.0898574], [110.433822, -7.0897829], [110.4335296, -7.0900012], [110.4332668, -7.0900916], [110.4329261, -7.0902993], [110.4328859, -7.0908077], [110.4327974, -7.0908928], [110.4326311, -7.0908874], [110.4328376, -7.0911776], [110.432961, -7.0915289], [110.4329342, -7.0916407], [110.4322851, -7.0923647], [110.4325211, -7.0926043], [110.4325211, -7.0929396], [110.4324245, -7.0931206], [110.4321241, -7.0934507], [110.4318505, -7.0935997], [110.4312926, -7.0937381], [110.4305738, -7.093818], [110.4303324, -7.093802], [110.4294902, -7.0935358], [110.4287016, -7.093802], [110.4284227, -7.0940575], [110.4271567, -7.0946857], [110.4268026, -7.0949306], [110.4260516, -7.094872], [110.4244047, -7.0950849], [110.4236001, -7.0948986], [110.4233641, -7.0947336]]]}}, {"type": "Feature", "properties": {"name": "Jabungan", "kecamatan": "Banyumanik", "osm_id": 8262749}, "geometry": {"type": "Polygon", "coordinates": [[[110.4488987, -7.0891068], [110.4485178, -7.0892558], [110.4482067, -7.089522], [110.4475897, -7.090443], [110.4470158, -7.0911989], [110.4466885, -7.0914438], [110.4464364, -7.0914171], [110.4463935, -7.0912841], [110.4464793, -7.0911244], [110.44671, -7.0909434], [110.4466617, -7.090757], [110.4463881, -7.090773], [110.4456532, -7.0911616], [110.4452401, -7.0912308], [110.4429334, -7.0913213], [110.4423863, -7.0914225], [110.4419303, -7.0921624], [110.4416996, -7.09237], [110.4415065, -7.0926628], [110.4415441, -7.0930035], [110.4417586, -7.0932803], [110.441705, -7.0937488], [110.4415601, -7.0938552], [110.4412597, -7.0939032], [110.4407448, -7.0937381], [110.4404926, -7.0937807], [110.4400259, -7.0941214], [110.4393125, -7.094526], [110.438599, -7.0950849], [110.4382878, -7.095202], [110.4372632, -7.0950211], [110.4367697, -7.094856], [110.4362708, -7.0948454], [110.4359007, -7.095053], [110.4356432, -7.0950051], [110.4353106, -7.0947336], [110.4351819, -7.0944248], [110.4351872, -7.09418], [110.4350531, -7.0937701], [110.4346132, -7.0931739], [110.4341358, -7.0927107], [110.4333579, -7.0916354], [110.432961, -7.0915289], [110.4328376, -7.0911776], [110.4326311, -7.0908874], [110.4327974, -7.0908928], [110.4328859, -7.0908077], [110.4329261, -7.0902993], [110.4332668, -7.0900916], [110.4335296, -7.0900012], [110.433822, -7.0897829], [110.4343182, -7.0898574], [110.434742, -7.0897456], [110.4351658, -7.089546], [110.4357666, -7.08957], [110.4364586, -7.0898175], [110.4369548, -7.0897882], [110.4373035, -7.089703], [110.4371774, -7.0892505], [110.4372096, -7.0889258], [110.4370594, -7.0882604], [110.4367321, -7.0874991], [110.4353589, -7.0872755], [110.4347044, -7.087004], [110.4346803, -7.0871611], [110.4348868, -7.0875231], [110.434919, -7.0878372], [110.4348358, -7.0880261], [110.4346454, -7.0882258], [110.4343396, -7.0877333], [110.4344094, -7.0874778], [110.4343396, -7.0873501], [110.4341197, -7.0872223], [110.4336744, -7.0870839], [110.4331005, -7.086823], [110.4328912, -7.0865835], [110.4329181, -7.0863333], [110.433079, -7.0862002], [110.4333204, -7.0860831], [110.434286, -7.0858968], [110.4345864, -7.0857637], [110.4349029, -7.0855507], [110.434978, -7.085407], [110.4350316, -7.0851089], [110.4350316, -7.0847096], [110.4349083, -7.0844062], [110.4349565, -7.0840176], [110.4354286, -7.0835012], [110.4356164, -7.0832457], [110.4356915, -7.083054], [110.4357451, -7.0824365], [110.4356646, -7.0818137], [110.4355627, -7.081654], [110.4355359, -7.0813079], [110.4357558, -7.0807649], [110.4359221, -7.0798972], [110.4361045, -7.0795299], [110.4365873, -7.079482], [110.4367536, -7.0794181], [110.4372686, -7.0794181], [110.4374939, -7.0793382], [110.4377246, -7.0788112], [110.437746, -7.0783055], [110.4378533, -7.0780233], [110.438025, -7.077853], [110.4382342, -7.0776826], [110.4393178, -7.0774218], [110.439629, -7.0772301], [110.4395378, -7.0769267], [110.4393715, -7.0766818], [110.4388833, -7.0763837], [110.4385453, -7.0757448], [110.4386795, -7.075287], [110.4385722, -7.0745044], [110.4383469, -7.0738976], [110.4383093, -7.07221], [110.4381484, -7.0719119], [110.4380893, -7.0714753], [110.4378747, -7.0711772], [110.4377782, -7.0696707], [110.4383925, -7.0700273], [110.4394895, -7.0705277], [110.4399186, -7.0707779], [110.4419571, -7.0721301], [110.4428422, -7.0730884], [110.4431158, -7.0735462], [110.4425418, -7.0746429], [110.4423809, -7.0750634], [110.4423326, -7.0753935], [110.4423702, -7.0755638], [110.4436952, -7.0760483], [110.4440278, -7.0762612], [110.4442316, -7.076538], [110.4444194, -7.0766658], [110.4447305, -7.0767457], [110.4449826, -7.0766978], [110.4451114, -7.0767457], [110.445165, -7.0770065], [110.445283, -7.0771769], [110.4454225, -7.0772301], [110.4456317, -7.0771023], [110.4459268, -7.0771077], [110.4461092, -7.0772674], [110.4470104, -7.0775761], [110.4489362, -7.0770278], [110.4502398, -7.0773047], [110.4512965, -7.0779701], [110.4530212, -7.0774138], [110.4536354, -7.0774031], [110.4543596, -7.0776826], [110.4549336, -7.0777784], [110.4551214, -7.0780499], [110.4554433, -7.0780553], [110.4558402, -7.0782363], [110.4561889, -7.0782629], [110.4565759, -7.0785503], [110.4567261, -7.0790453], [110.4569622, -7.0793328], [110.4572725, -7.0795352], [110.4564786, -7.0801953], [110.4557061, -7.0811003], [110.4547244, -7.0821011], [110.4546761, -7.082511], [110.4544347, -7.083416], [110.4546332, -7.084156], [110.4545742, -7.084683], [110.4544133, -7.0850663], [110.4543114, -7.0855614], [110.4543114, -7.0861097], [110.4542148, -7.0869135], [110.4539412, -7.0878505], [110.4535818, -7.0884573], [110.4532063, -7.0888832], [110.4529059, -7.0890802], [110.4527235, -7.0894422], [110.4527503, -7.0898308], [110.4527128, -7.0903418], [110.4525357, -7.0906133], [110.4523104, -7.0906027], [110.4507923, -7.0896019], [110.4503202, -7.0894847], [110.4493278, -7.0890748], [110.4488987, -7.0891068]]]}}, {"type": "Feature", "properties": {"name": "Tandang", "kecamatan": "Tembalang", "osm_id": 8264092}, "geometry": {"type": "Polygon", "coordinates": [[[110.4498853, -7.0303055], [110.4490243, -7.030248], [110.4484622, -7.0299179], [110.4476291, -7.0290448], [110.4472033, -7.0283273], [110.4472426, -7.0278429], [110.4473983, -7.0274555], [110.4475415, -7.0267918], [110.4471579, -7.0265414], [110.4461383, -7.0260423], [110.4459376, -7.0258646], [110.4455909, -7.0257421], [110.4453906, -7.0254227], [110.4446942, -7.0253925], [110.4440094, -7.0248607], [110.4428578, -7.0245007], [110.44302, -7.0237899], [110.4417772, -7.0225008], [110.4417411, -7.0223205], [110.4417453, -7.0214636], [110.4418261, -7.021177], [110.4420269, -7.0208826], [110.4421577, -7.020561], [110.4421463, -7.0201954], [110.4423089, -7.0197343], [110.4425065, -7.0195149], [110.4426299, -7.0194538], [110.4427874, -7.0194835], [110.4429759, -7.0194435], [110.4431672, -7.0192768], [110.4433009, -7.0190585], [110.4436657, -7.0172013], [110.4436509, -7.016014], [110.4435283, -7.0155911], [110.443625, -7.0150875], [110.443464, -7.0150381], [110.4448271, -7.0114743], [110.4460558, -7.012036], [110.4462717, -7.0121848], [110.4477923, -7.0127784], [110.4497426, -7.0131942], [110.4505571, -7.0134648], [110.4517393, -7.0136202], [110.4520887, -7.0137285], [110.4529385, -7.0145589], [110.4549352, -7.0171755], [110.4554886, -7.0180455], [110.4559638, -7.0189306], [110.4566365, -7.0209922], [110.4564042, -7.0220084], [110.4564305, -7.0221921], [110.4558989, -7.0221863], [110.455736, -7.0227878], [110.4553178, -7.0228396], [110.4551516, -7.0229468], [110.4548283, -7.0235757], [110.4546715, -7.0241029], [110.4544764, -7.0243543], [110.4541198, -7.0245391], [110.4535967, -7.0249135], [110.4522358, -7.025146], [110.451951, -7.0252905], [110.4517858, -7.025546], [110.4515658, -7.025656], [110.4513358, -7.025996], [110.4508595, -7.0269636], [110.4506877, -7.0276091], [110.4503638, -7.0282354], [110.4503683, -7.0284585], [110.4496166, -7.0294803], [110.4499773, -7.0299713], [110.4498853, -7.0303055]]]}}, {"type": "Feature", "properties": {"name": "Tlogosari Wetan", "kecamatan": "Pedurungan", "osm_id": 8266061}, "geometry": {"type": "Polygon", "coordinates": [[[110.4691279, -6.9785929], [110.4739531, -6.9828859], [110.4733515, -6.9835965], [110.4733193, -6.9837085], [110.4733433, -6.9837886], [110.4742161, -6.9844543], [110.4742239, -6.9846865], [110.4745195, -6.9854796], [110.4745354, -6.9856158], [110.4741977, -6.9879709], [110.4735349, -6.9894156], [110.4734464, -6.9897438], [110.4731895, -6.9901359], [110.4730743, -6.9904615], [110.4730283, -6.9922432], [110.4729392, -6.9930679], [110.4730857, -6.9946976], [110.472947, -6.996475], [110.4726586, -6.9963987], [110.4717697, -6.9960254], [110.4705958, -6.995852], [110.4699308, -6.995651], [110.4679675, -6.9953525], [110.4666457, -6.9948545], [110.4656955, -6.994759], [110.4656291, -6.9928635], [110.4657923, -6.9922341], [110.4659814, -6.9910737], [110.4662954, -6.9898915], [110.4668395, -6.9874143], [110.4671396, -6.98581], [110.4675882, -6.9857795], [110.4677518, -6.984585], [110.4678655, -6.9841103], [110.4680395, -6.9836582], [110.4680242, -6.9831375], [110.4681988, -6.981982], [110.4684417, -6.981408], [110.4691279, -6.9785929]]]}}, {"type": "Feature", "properties": {"name": "Meteseh", "kecamatan": "Tembalang", "osm_id": 8266127}, "geometry": {"type": "Polygon", "coordinates": [[[110.4562742, -7.0641925], [110.4588255, -7.0631799], [110.4590445, -7.063014], [110.459106, -7.0628129], [110.4593253, -7.0625158], [110.459886, -7.0621665], [110.4602105, -7.0617033], [110.460552, -7.061695], [110.4607182, -7.0618439], [110.4608739, -7.0618211], [110.4609364, -7.061766], [110.4616824, -7.0608129], [110.4618592, -7.0602843], [110.4624048, -7.0603229], [110.4624728, -7.0595783], [110.4623819, -7.058862], [110.4627571, -7.0582603], [110.463011, -7.0573541], [110.4634089, -7.0571833], [110.4638395, -7.056925], [110.4637066, -7.0563438], [110.4637091, -7.0558126], [110.4637289, -7.0554332], [110.4639449, -7.0547073], [110.4639975, -7.0543768], [110.4639492, -7.0536371], [110.4643147, -7.0529385], [110.4646213, -7.0525708], [110.4647554, -7.0525403], [110.4649837, -7.0523408], [110.4649997, -7.0521229], [110.4655251, -7.0522253], [110.4670162, -7.0520915], [110.4674618, -7.0521677], [110.4680132, -7.0523337], [110.4699427, -7.0532864], [110.4704525, -7.0535901], [110.4707558, -7.0536593], [110.4711003, -7.0538663], [110.4712769, -7.0538751], [110.4712253, -7.0531088], [110.4715994, -7.0520532], [110.4717088, -7.0508444], [110.471678, -7.0503741], [110.4732293, -7.0505764], [110.4734458, -7.0506488], [110.4735636, -7.0510152], [110.4738116, -7.0513581], [110.4740834, -7.0515947], [110.4792961, -7.0532252], [110.4804223, -7.0534199], [110.48073, -7.053554], [110.4806158, -7.0539656], [110.4805621, -7.0544235], [110.4807753, -7.0546347], [110.481104, -7.0545941], [110.4813936, -7.0543117], [110.4815706, -7.0544128], [110.481571, -7.0550684], [110.4814574, -7.0555551], [110.4811429, -7.0559587], [110.4808947, -7.0558077], [110.4806694, -7.0557438], [110.4804897, -7.0558503], [110.4804548, -7.0560792], [110.4807054, -7.0572032], [110.4811522, -7.0582112], [110.4812502, -7.0586669], [110.4811122, -7.0588913], [110.4808715, -7.0591248], [110.480515, -7.0591942], [110.4803084, -7.0591028], [110.4798584, -7.0587355], [110.4796123, -7.0586464], [110.4786482, -7.0587137], [110.4783624, -7.0588785], [110.4779994, -7.0594107], [110.4778505, -7.0597203], [110.4778503, -7.0599047], [110.4776928, -7.0601368], [110.4774601, -7.0602936], [110.4773536, -7.060775], [110.477196, -7.0610822], [110.476501, -7.0619182], [110.4764593, -7.0625329], [110.4763839, -7.0627309], [110.4758739, -7.0632939], [110.4757025, -7.0636967], [110.4757022, -7.0639152], [110.476286, -7.064698], [110.4769078, -7.0650061], [110.4773245, -7.0653549], [110.4774883, -7.065601], [110.4776759, -7.0660008], [110.4776894, -7.0661852], [110.4776412, -7.0664584], [110.4773877, -7.0669089], [110.4762665, -7.0673583], [110.4749697, -7.0678044], [110.4743131, -7.0679335], [110.473719, -7.0678911], [110.4721733, -7.067651], [110.4717766, -7.0677462], [110.4715957, -7.0678379], [110.4713598, -7.067744], [110.4710381, -7.0677795], [110.4708057, -7.0677382], [110.4697741, -7.0669857], [110.4696, -7.0667772], [110.4695182, -7.0665722], [110.4697721, -7.065746], [110.4697557, -7.0651688], [110.4693662, -7.0649566], [110.4691132, -7.0649426], [110.4689695, -7.0650108], [110.4685519, -7.0655021], [110.4682161, -7.0661301], [110.4681201, -7.0664374], [110.4677328, -7.0672737], [110.466902, -7.0683255], [110.4666403, -7.068963], [110.4661684, -7.0690308], [110.4634953, -7.069151], [110.463128, -7.0700416], [110.4630758, -7.070851], [110.4633005, -7.0715957], [110.4635975, -7.0719752], [110.4645816, -7.0724613], [110.4647935, -7.072482], [110.4650667, -7.0727419], [110.4664061, -7.0727378], [110.4667181, -7.0726243], [110.4669164, -7.0726108], [110.4671163, -7.0726342], [110.467429, -7.0728368], [110.4674629, -7.0730418], [110.4674352, -7.0733491], [110.467202, -7.0740114], [110.4665788, -7.0748577], [110.4663079, -7.0753616], [110.4661127, -7.0758886], [110.4657909, -7.0762571], [110.4656198, -7.0763661], [110.4651958, -7.0764271], [110.4647175, -7.076167], [110.4639518, -7.076009], [110.4634663, -7.0760631], [110.4631517, -7.0761516], [110.4627483, -7.0761511], [110.4618251, -7.0758301], [110.4611793, -7.0759546], [110.4603245, -7.0759878], [110.4600236, -7.0760489], [110.4598936, -7.0761239], [110.4596855, -7.0771971], [110.4592139, -7.0785411], [110.4593229, -7.0788213], [110.4596757, -7.0789752], [110.4597218, -7.0791954], [110.459492, -7.0793714], [110.4587852, -7.0792552], [110.4582255, -7.0788723], [110.4579219, -7.0789584], [110.4572725, -7.0795352], [110.4569622, -7.0793328], [110.4567261, -7.0790453], [110.4565759, -7.0785503], [110.4561889, -7.0782629], [110.4558402, -7.0782363], [110.4554433, -7.0780553], [110.4551214, -7.0780499], [110.4549336, -7.0777784], [110.4543596, -7.0776826], [110.4536354, -7.0774031], [110.4530212, -7.0774138], [110.4512965, -7.0779701], [110.4502398, -7.0773047], [110.4489362, -7.0770278], [110.4488467, -7.076219], [110.4482352, -7.0757505], [110.4474622, -7.0756109], [110.4473018, -7.0754417], [110.4472831, -7.0742301], [110.4473661, -7.0739245], [110.447688, -7.0732484], [110.4479669, -7.072929], [110.4480488, -7.0726286], [110.4483922, -7.0724846], [110.4490575, -7.0724161], [110.4496192, -7.071992], [110.450006, -7.0712828], [110.4504772, -7.0705674], [110.4510224, -7.0706811], [110.4512739, -7.070166], [110.450986, -7.069132], [110.4512999, -7.0663825], [110.4520348, -7.0657223], [110.4525712, -7.065488], [110.4536709, -7.0650462], [110.4562742, -7.0641925]]]}}, {"type": "Feature", "properties": {"name": "Tambangan", "kecamatan": "Mijen", "osm_id": 8266555}, "geometry": {"type": "Polygon", "coordinates": [[[110.3086889, -7.079977], [110.3086996, -7.0796284], [110.3089705, -7.0784811], [110.3100139, -7.0756064], [110.3101158, -7.0745657], [110.3101453, -7.07221], [110.3102124, -7.0717149], [110.3103116, -7.0712358], [110.3108507, -7.0694284], [110.3111485, -7.068723], [110.31165, -7.0677594], [110.3117868, -7.0670327], [110.311701, -7.0664179], [110.3120685, -7.0663886], [110.3121892, -7.066716], [110.3123488, -7.0668105], [110.3124896, -7.0668291], [110.31279, -7.0668384], [110.3134954, -7.0666095], [110.3136966, -7.0665137], [110.31371, -7.0662262], [110.3139675, -7.0653611], [110.3162527, -7.0659228], [110.3162768, -7.0661703], [110.3161776, -7.0675837], [110.3167543, -7.0676663], [110.3177038, -7.0677088], [110.3178084, -7.0682838], [110.31912, -7.0686192], [110.3190368, -7.0695641], [110.3195304, -7.0697238], [110.3197288, -7.0699102], [110.3196377, -7.0709483], [110.3208929, -7.0711559], [110.3220463, -7.0711506], [110.3237414, -7.0713955], [110.3237522, -7.0718799], [110.3239077, -7.0720822], [110.3244334, -7.0723963], [110.3246963, -7.0727104], [110.3249055, -7.073131], [110.3252971, -7.0732853], [110.3255922, -7.0731842], [110.3259945, -7.0727902], [110.3263003, -7.0729659], [110.3265363, -7.0730032], [110.326826, -7.0729713], [110.3269815, -7.0730192], [110.3271156, -7.0731735], [110.327121, -7.0734025], [110.3267777, -7.073855], [110.3269869, -7.0742542], [110.327003, -7.0745098], [110.3268152, -7.0746908], [110.3265792, -7.0750634], [110.3262681, -7.0752817], [110.3261286, -7.0752923], [110.3259516, -7.075452], [110.3256726, -7.0757927], [110.325619, -7.0759205], [110.325281, -7.0759844], [110.3251898, -7.0761228], [110.3251684, -7.0762985], [110.3255063, -7.0763091], [110.3256297, -7.076389], [110.3257048, -7.0767084], [110.3249645, -7.0767297], [110.3246319, -7.0767723], [110.3243315, -7.0768734], [110.3239828, -7.0773951], [110.3240472, -7.077483], [110.3239989, -7.0776267], [110.3243288, -7.0782389], [110.3243127, -7.0784652], [110.32464, -7.078553], [110.3246319, -7.0788485], [110.3245595, -7.0789469], [110.3246346, -7.0791759], [110.3265604, -7.0798839], [110.3264183, -7.0801927], [110.3258604, -7.0800276], [110.3256887, -7.0801181], [110.3253561, -7.079663], [110.3246641, -7.0794234], [110.3247124, -7.0795964], [110.3245756, -7.0799371], [110.324707, -7.0800782], [110.3249431, -7.0805041], [110.3253239, -7.0808262], [110.3254929, -7.0813133], [110.3255305, -7.0818536], [110.3254017, -7.0825243], [110.3254849, -7.0832217], [110.3254205, -7.0834001], [110.3255439, -7.0838526], [110.3256887, -7.0841081], [110.3249538, -7.0847788], [110.3246534, -7.0849279], [110.3241384, -7.0848959], [110.3237039, -7.0850344], [110.3182375, -7.0849705], [110.3172746, -7.0849811], [110.3165558, -7.0850557], [110.3161749, -7.0851595], [110.3158879, -7.0853618], [110.3157324, -7.086296], [110.3149773, -7.0862801], [110.3145602, -7.0863186], [110.31417, -7.0862694], [110.314064, -7.0863346], [110.3138736, -7.0866021], [110.3138481, -7.0867179], [110.3139997, -7.0875763], [110.3144395, -7.0887528], [110.3145522, -7.0889364], [110.3148942, -7.0892585], [110.3149532, -7.0893943], [110.3149264, -7.0895406], [110.3147574, -7.0898414], [110.3139567, -7.0907491], [110.3136644, -7.0912787], [110.313659, -7.0915742], [110.313718, -7.0917259], [110.3141901, -7.0919308], [110.3142706, -7.092016], [110.3142518, -7.0921677], [110.3137261, -7.0918696], [110.3135168, -7.0918643], [110.3131896, -7.0920932], [110.3128946, -7.0919442], [110.3125995, -7.091119], [110.3121328, -7.0904057], [110.3122026, -7.0901981], [110.3124762, -7.0899053], [110.3124815, -7.0897137], [110.3123528, -7.0895433], [110.3122026, -7.0894635], [110.3114247, -7.0894102], [110.3113389, -7.0892452], [110.311355, -7.0890376], [110.311532, -7.0884307], [110.311532, -7.0882391], [110.3116286, -7.0881912], [110.3118163, -7.087925], [110.3115427, -7.0876535], [110.3113282, -7.087563], [110.3111941, -7.0872116], [110.3108025, -7.0869561], [110.3101855, -7.0858488], [110.3098744, -7.0854922], [110.3101265, -7.0842092], [110.3101265, -7.083802], [110.3100032, -7.0834214], [110.3092307, -7.0821144], [110.3086889, -7.079977]]]}}, {"type": "Feature", "properties": {"name": "Jatirejo", "kecamatan": "Gunungpati", "osm_id": 8270666}, "geometry": {"type": "Polygon", "coordinates": [[[110.3414788, -7.0508024], [110.3415187, -7.0506311], [110.3414929, -7.0503387], [110.3414475, -7.0500091], [110.3413214, -7.0496162], [110.3406562, -7.0489542], [110.3401805, -7.0486262], [110.3399798, -7.0484383], [110.3399319, -7.0483291], [110.3400195, -7.0482027], [110.3404282, -7.0479829], [110.3409701, -7.0477829], [110.3416428, -7.04781], [110.3420864, -7.0476557], [110.3425363, -7.0476127], [110.3427724, -7.047504], [110.3438588, -7.0467746], [110.3443993, -7.0460444], [110.3451683, -7.0443326], [110.3453199, -7.0436805], [110.3451937, -7.042524], [110.3449354, -7.0410913], [110.3450828, -7.0400345], [110.3452168, -7.0398646], [110.3454965, -7.0398771], [110.3458004, -7.0399869], [110.345958, -7.0403394], [110.3459575, -7.0407039], [110.3461382, -7.0410299], [110.3462665, -7.0411637], [110.3464316, -7.041263], [110.3468446, -7.0412636], [110.3469205, -7.0412083], [110.3469585, -7.0410604], [110.3472498, -7.0411114], [110.3473003, -7.0412296], [110.3472543, -7.0414049], [110.3475613, -7.0417107], [110.3474721, -7.0421618], [110.3472943, -7.0425243], [110.3473617, -7.042634], [110.3474883, -7.0426173], [110.3475983, -7.0424741], [110.3476306, -7.0426326], [110.3476951, -7.0426433], [110.3476901, -7.0431827], [110.3476308, -7.0433513], [110.3474024, -7.0436546], [110.3473938, -7.043798], [110.3472925, -7.0437726], [110.347048, -7.043536], [110.3469298, -7.043519], [110.3468707, -7.0435611], [110.3469211, -7.043772], [110.3470981, -7.0439663], [110.3470979, -7.0440844], [110.347262, -7.0443012], [110.3472306, -7.0443326], [110.3468838, -7.0442662], [110.3465491, -7.044092], [110.3464477, -7.0441762], [110.3465358, -7.0445517], [110.3465013, -7.0450577], [110.3465939, -7.0452603], [110.3473284, -7.0453119], [110.3473106, -7.0459529], [110.34769, -7.0462992], [110.3477742, -7.0464849], [110.3477148, -7.0466535], [110.3477948, -7.0467928], [110.3485457, -7.0471565], [110.348959, -7.0474607], [110.349136, -7.0476634], [110.3490165, -7.0485657], [110.3491092, -7.0487092], [110.3493792, -7.0488699], [110.3494465, -7.0490049], [110.349404, -7.049241], [110.3494798, -7.0493423], [110.3494285, -7.0497724], [110.3495266, -7.0501571], [110.3495106, -7.0506926], [110.3495906, -7.0511926], [110.3495406, -7.0514926], [110.3488206, -7.0517926], [110.3483306, -7.0523926], [110.3480006, -7.0527126], [110.3477606, -7.0530726], [110.3477106, -7.0534326], [110.3480806, -7.0544326], [110.3481206, -7.0546426], [110.3480206, -7.0554226], [110.3480906, -7.0557726], [110.3483206, -7.0564026], [110.3485406, -7.0567626], [110.3488806, -7.0575026], [110.3496306, -7.0584126], [110.3497599, -7.0591885], [110.349898, -7.0623112], [110.3500006, -7.0632326], [110.3499806, -7.0635026], [110.3497004, -7.0640564], [110.3491545, -7.0649361], [110.3489639, -7.0655225], [110.3491138, -7.0657822], [110.3498476, -7.0662608], [110.349914, -7.0664274], [110.3497948, -7.0667093], [110.3495755, -7.0675891], [110.3488265, -7.0674069], [110.3486191, -7.0674171], [110.3473585, -7.0677426], [110.3468982, -7.0699164], [110.3456385, -7.0697267], [110.3448879, -7.0696876], [110.3445803, -7.0698024], [110.3440291, -7.070198], [110.3437465, -7.0705751], [110.3436132, -7.0710271], [110.343278, -7.0712161], [110.3429615, -7.0712787], [110.3422175, -7.0711367], [110.342079, -7.0706215], [110.3414057, -7.0701185], [110.3411204, -7.0699926], [110.3407896, -7.0696726], [110.3408469, -7.0695243], [110.341201, -7.0694906], [110.3418974, -7.0698111], [110.3422189, -7.0697872], [110.3423326, -7.0696957], [110.3423834, -7.069279], [110.3424579, -7.0690827], [110.3428083, -7.0684592], [110.342767, -7.0683042], [110.3425055, -7.0679111], [110.3420212, -7.0674479], [110.3417183, -7.066987], [110.341409, -7.0663669], [110.3413682, -7.0659065], [110.3414343, -7.0655269], [110.3417143, -7.0652175], [110.3418326, -7.0649646], [110.3417084, -7.0647004], [110.3411635, -7.0639578], [110.340501, -7.0628746], [110.3403701, -7.0627828], [110.3402653, -7.062787], [110.339826, -7.0629805], [110.339435, -7.0630171], [110.3393172, -7.0629296], [110.3393087, -7.0627638], [110.3395782, -7.0621118], [110.3395134, -7.0616404], [110.339529, -7.0613851], [110.3399351, -7.0599522], [110.339931, -7.0597558], [110.3397158, -7.0590813], [110.3397597, -7.0588806], [110.3399216, -7.0587063], [110.3400049, -7.0585275], [110.3400427, -7.057993], [110.3401878, -7.0573473], [110.3405925, -7.0568788], [110.3406759, -7.0565953], [110.3408161, -7.0563336], [110.3409603, -7.0562422], [110.341205, -7.0562425], [110.3416919, -7.0563371], [110.3424258, -7.0563119], [110.3426314, -7.0560809], [110.3426579, -7.0558715], [110.342608, -7.0556249], [110.3423114, -7.0553059], [110.3420801, -7.0551485], [110.3415476, -7.0549164], [110.3411528, -7.0545166], [110.3410263, -7.054368], [110.3404883, -7.0533309], [110.3404756, -7.0531039], [110.3405718, -7.0529731], [110.3412138, -7.0530744], [110.3415019, -7.0532537], [110.3419648, -7.0532762], [110.3420305, -7.0531759], [110.3420395, -7.0530232], [110.3418868, -7.0526749], [110.3414592, -7.0524498], [110.3411056, -7.052363], [110.3406103, -7.0520284], [110.3403577, -7.0516814], [110.3403012, -7.051321], [110.3403868, -7.0510397], [110.3404917, -7.0509438], [110.3410132, -7.0510005], [110.3413547, -7.0509582], [110.3414788, -7.0508024]]]}}, {"type": "Feature", "properties": {"name": "Mangkang Kulon", "kecamatan": "Tugu", "osm_id": 8275102}, "geometry": {"type": "Polygon", "coordinates": [[[110.3099871, -6.936152], [110.3120041, -6.9369601], [110.3143966, -6.9378334], [110.3141391, -6.9380944], [110.3138173, -6.9386535], [110.3135329, -6.9393724], [110.3129214, -6.9405759], [110.3123206, -6.9409806], [110.3118807, -6.9409273], [110.3115857, -6.9407889], [110.3112745, -6.9409539], [110.3111887, -6.9410232], [110.3112048, -6.9411031], [110.3113925, -6.9415237], [110.31003, -6.9423278], [110.3085065, -6.9431532], [110.3080881, -6.943494], [110.3077769, -6.9438987], [110.3075999, -6.9442182], [110.3074229, -6.9447987], [110.3074121, -6.9450862], [110.3077018, -6.9468062], [110.3076482, -6.9471151], [110.3066021, -6.9512792], [110.3057692, -6.9542026], [110.3052597, -6.9554726], [110.3028484, -6.9596886], [110.30267, -6.9606591], [110.3026164, -6.9608401], [110.3024501, -6.9611037], [110.302402, -6.9613175], [110.3024139, -6.9619643], [110.3025124, -6.9624962], [110.3025224, -6.9630274], [110.3024474, -6.9636011], [110.3022784, -6.9641002], [110.3021631, -6.964682], [110.3017118, -6.9649955], [110.3011806, -6.9651883], [110.3010882, -6.9653589], [110.300995, -6.965719], [110.3009138, -6.9658308], [110.3001997, -6.9663061], [110.2998081, -6.9672805], [110.2995171, -6.9675774], [110.2993132, -6.9679275], [110.2992877, -6.9680486], [110.2995962, -6.9690111], [110.2995452, -6.9698537], [110.2993146, -6.9703569], [110.2990597, -6.9712102], [110.2988827, -6.9715031], [110.2984643, -6.9718545], [110.2982658, -6.9718545], [110.2978957, -6.9734413], [110.2960181, -6.9728715], [110.2942908, -6.9722858], [110.2932179, -6.97178], [110.2899563, -6.969911], [110.28771, -6.9689166], [110.2877918, -6.9684426], [110.28817, -6.9677012], [110.2874136, -6.9674083], [110.2878374, -6.9663008], [110.288052, -6.9653476], [110.2890551, -6.9655233], [110.2895915, -6.9657097], [110.2922094, -6.967174], [110.2945697, -6.9681751], [110.2956748, -6.9684733], [110.3001058, -6.9590909], [110.2932608, -6.9567799], [110.2935719, -6.9560983], [110.2914905, -6.9555871], [110.2921665, -6.9540642], [110.2926814, -6.9534039], [110.2919304, -6.952914], [110.2927458, -6.9521791], [110.2931428, -6.9519022], [110.2915764, -6.9503899], [110.2918982, -6.9499959], [110.29266, -6.9492717], [110.2936578, -6.9476422], [110.2938723, -6.9472056], [110.2940655, -6.9471204], [110.2943981, -6.947163], [110.2945483, -6.9470352], [110.2949452, -6.9465666], [110.2962327, -6.9453099], [110.2963722, -6.9451075], [110.2964044, -6.9449371], [110.2965224, -6.9447987], [110.2968228, -6.9445963], [110.2974129, -6.9439892], [110.2978849, -6.9432437], [110.2982604, -6.9424556], [110.2984214, -6.9419977], [110.2991402, -6.9406664], [110.2999663, -6.9400274], [110.3003418, -6.9399954], [110.3008675, -6.940038], [110.3010821, -6.9398996], [110.3015005, -6.9391328], [110.3018439, -6.9388878], [110.3033459, -6.938121], [110.3038072, -6.9380145], [110.3047299, -6.938302], [110.3049552, -6.9382062], [110.3059745, -6.936779], [110.3069401, -6.936992], [110.3075302, -6.9368962], [110.3090966, -6.9365021], [110.3099871, -6.936152]]]}}, {"type": "Feature", "properties": {"name": "Sadeng", "kecamatan": "Gunungpati", "osm_id": 8277361}, "geometry": {"type": "Polygon", "coordinates": [[[110.3593451, -7.0303764], [110.3596219, -7.0302386], [110.3598091, -7.0300451], [110.3598993, -7.0295621], [110.3599808, -7.0294462], [110.3600958, -7.029395], [110.3604743, -7.0294222], [110.3605798, -7.0293703], [110.3606486, -7.0292438], [110.3606961, -7.028244], [110.3606446, -7.0277082], [110.3602965, -7.0272627], [110.3602709, -7.027148], [110.3603187, -7.0269891], [110.3604353, -7.0269037], [110.3608422, -7.0269463], [110.3617203, -7.0274719], [110.3620934, -7.0276243], [110.3624861, -7.0275752], [110.3628361, -7.0274454], [110.3630117, -7.0272713], [110.3642223, -7.0254505], [110.3644479, -7.0246852], [110.3644766, -7.0239255], [110.3644441, -7.023314], [110.3643498, -7.0227226], [110.3642171, -7.022461], [110.3638923, -7.022292], [110.3637211, -7.0222905], [110.3635077, -7.0228137], [110.3631016, -7.0234033], [110.3624659, -7.0229496], [110.3622973, -7.0226808], [110.3622472, -7.0224689], [110.3622944, -7.0223209], [110.362435, -7.0222319], [110.3629392, -7.0221201], [110.3631753, -7.0219711], [110.3631952, -7.0218023], [110.3631418, -7.0215891], [110.3639531, -7.0207492], [110.364622, -7.0197231], [110.3655317, -7.0190454], [110.3660195, -7.018932], [110.3663719, -7.018911], [110.3666939, -7.0189744], [110.3671398, -7.0192134], [110.3682495, -7.0201146], [110.3686238, -7.0205844], [110.3688185, -7.0208951], [110.3693048, -7.0219117], [110.3694603, -7.0220467], [110.3699844, -7.0220918], [110.3704051, -7.0216022], [110.3708891, -7.0215789], [110.3713988, -7.0220443], [110.3716393, -7.0220704], [110.3723416, -7.0218574], [110.372683, -7.0214081], [110.3726436, -7.0208455], [110.3727843, -7.0203858], [110.3734403, -7.020091], [110.3739497, -7.0200476], [110.3741729, -7.019974], [110.3750794, -7.0207535], [110.3773957, -7.0224451], [110.3782359, -7.0231265], [110.3783733, -7.023193], [110.378517, -7.0231783], [110.3787743, -7.0238572], [110.3793095, -7.0245577], [110.3794352, -7.0249074], [110.3793978, -7.0253029], [110.3792674, -7.0258591], [110.3791135, -7.0261725], [110.3782825, -7.0269545], [110.377258, -7.0280594], [110.3771457, -7.0285869], [110.3771609, -7.0288365], [110.3773458, -7.0292378], [110.3780109, -7.0301828], [110.3781517, -7.0308711], [110.3782824, -7.0311595], [110.3784779, -7.0314396], [110.377555, -7.0325174], [110.3767972, -7.0333024], [110.3763932, -7.0336189], [110.3759924, -7.03412], [110.3760794, -7.0345519], [110.3762309, -7.0348525], [110.3764012, -7.0350064], [110.3765819, -7.0350613], [110.3767473, -7.035035], [110.3776835, -7.0345945], [110.3782086, -7.0346171], [110.3787311, -7.0348727], [110.3789773, -7.0352579], [110.3791213, -7.0356901], [110.3790719, -7.0359823], [110.378749, -7.0363522], [110.378423, -7.0365299], [110.3780615, -7.0368573], [110.3778033, -7.0372194], [110.3777593, -7.0375365], [110.377231, -7.0380354], [110.3771371, -7.0383158], [110.3771535, -7.0384038], [110.3769934, -7.0386952], [110.3771801, -7.0390475], [110.3771304, -7.0391795], [110.3770091, -7.0392948], [110.3766622, -7.0392999], [110.376585, -7.0393933], [110.3766881, -7.0396542], [110.3769673, -7.0399061], [110.3770701, -7.0401792], [110.3768124, -7.0402215], [110.3765149, -7.0403586], [110.376547, -7.0404872], [110.3763409, -7.0407722], [110.3764123, -7.0409266], [110.3763759, -7.0410344], [110.376274, -7.0411386], [110.3759271, -7.0413343], [110.3754668, -7.0413436], [110.3747125, -7.0416985], [110.3746448, -7.0418741], [110.3745281, -7.041974], [110.3744478, -7.0419787], [110.3739705, -7.042707], [110.3733756, -7.0428767], [110.3732736, -7.0430508], [110.373132, -7.0430932], [110.3728855, -7.0429421], [110.3727533, -7.0429419], [110.3726155, -7.0430242], [110.3723286, -7.0434914], [110.3717781, -7.0433697], [110.3717889, -7.0435237], [110.3719978, -7.043766], [110.3720417, -7.0438816], [110.372014, -7.0440026], [110.371733, -7.0441618], [110.3713421, -7.0441282], [110.3712427, -7.0443426], [110.3710389, -7.0443369], [110.3708791, -7.0444192], [110.3708135, -7.0446789], [110.3704025, -7.0446853], [110.3701989, -7.044553], [110.3698574, -7.0446406], [110.3698075, -7.0448991], [110.3695733, -7.0447947], [110.369428, -7.044585], [110.3692847, -7.0446453], [110.3691687, -7.0449092], [110.3690447, -7.0449545], [110.3688884, -7.0449313], [110.3689652, -7.0447384], [110.3689543, -7.0446504], [110.3688773, -7.0446338], [110.3687924, -7.0446688], [110.3686952, -7.0448866], [110.3687171, -7.0449746], [110.3686235, -7.0450185], [110.3683421, -7.0448887], [110.3682437, -7.0447565], [110.368369, -7.0445957], [110.3683383, -7.0443419], [110.3684426, -7.0439425], [110.3681479, -7.0434395], [110.3676084, -7.0427913], [110.3665046, -7.0424799], [110.365156, -7.042886], [110.3645784, -7.0428213], [110.3636555, -7.0425813], [110.363167, -7.0425584], [110.3620217, -7.041664], [110.3617143, -7.0415536], [110.36136, -7.0416575], [110.3609757, -7.0416054], [110.3607719, -7.0414308], [110.3588255, -7.0405245], [110.3589196, -7.0401395], [110.3591625, -7.0396888], [110.3590421, -7.0391715], [110.3592053, -7.0385914], [110.3591284, -7.0384757], [110.3589522, -7.0384425], [110.3587982, -7.0383323], [110.3586388, -7.0381285], [110.358661, -7.038002], [110.3589203, -7.0376393], [110.3590502, -7.0372351], [110.3592046, -7.0371363], [110.3596372, -7.0371899], [110.3598416, -7.0371409], [110.359863, -7.0369437], [110.3596942, -7.0367112], [110.3590352, -7.0361899], [110.3589006, -7.0359504], [110.3588843, -7.0357964], [110.3589893, -7.035527], [110.3590995, -7.0354226], [110.3601787, -7.0354461], [110.3603055, -7.0353417], [110.36013, -7.0348739], [110.3599181, -7.0348158], [110.3594396, -7.0343861], [110.3593848, -7.034199], [110.3594565, -7.0340946], [110.3603653, -7.0339088], [110.3607012, -7.0338982], [110.3608169, -7.0338599], [110.3608776, -7.0337389], [110.3608777, -7.0336674], [110.3607183, -7.0335077], [110.3599174, -7.0332508], [110.3596699, -7.0330909], [110.3594665, -7.0328211], [110.3594934, -7.0312725], [110.3594367, -7.0306443], [110.3593451, -7.0303764]]]}}, {"type": "Feature", "properties": {"name": "Sembungharjo", "kecamatan": "Genuk", "osm_id": 8278264}, "geometry": {"type": "Polygon", "coordinates": [[[110.497285, -6.9791642], [110.4972141, -6.9793056], [110.4971722, -6.9797947], [110.4970538, -6.9802425], [110.4967936, -6.9808315], [110.4966986, -6.9814325], [110.4965923, -6.9815975], [110.4960303, -6.9830997], [110.4951261, -6.9848137], [110.4950905, -6.9850023], [110.4951129, -6.986122], [110.494746, -6.987206], [110.4948338, -6.9878014], [110.4945029, -6.9883786], [110.4943727, -6.9887556], [110.4943489, -6.9890267], [110.4932785, -6.988763], [110.4917631, -6.9881959], [110.4911703, -6.987903], [110.4908001, -6.987501], [110.49054, -6.9870964], [110.4901913, -6.986287], [110.4900759, -6.985877], [110.4895315, -6.9851875], [110.4893893, -6.9849372], [110.4892364, -6.9843888], [110.4893222, -6.9837685], [110.4892552, -6.9835289], [110.4889199, -6.9832307], [110.4878202, -6.982669], [110.4877183, -6.9825784], [110.487552, -6.9821099], [110.4874179, -6.9819288], [110.4869297, -6.9816759], [110.4858863, -6.9813484], [110.4855376, -6.9810875], [110.4854169, -6.9809278], [110.4853284, -6.9806216], [110.485602, -6.9802835], [110.4856047, -6.9789311], [110.4858112, -6.9784465], [110.4856315, -6.978364], [110.484615, -6.978151], [110.4839793, -6.9778049], [110.4836252, -6.9777197], [110.4825684, -6.9774934], [110.4808813, -6.9772698], [110.4808652, -6.9764657], [110.4814231, -6.9754354], [110.4814312, -6.9750467], [110.4813561, -6.9747245], [110.4813883, -6.9745116], [110.4815653, -6.9741095], [110.4816189, -6.9734865], [110.4816028, -6.9722352], [110.4812381, -6.9717161], [110.4812542, -6.971149], [110.4816565, -6.9699349], [110.4818335, -6.9692081], [110.4832631, -6.9694743], [110.4839551, -6.969714], [110.4852024, -6.9704514], [110.4858354, -6.9707523], [110.4869136, -6.9711543], [110.4877853, -6.9716202], [110.489577, -6.9722752], [110.491376, -6.9731989], [110.4945668, -6.973996], [110.4970237, -6.9746703], [110.497426, -6.9747201], [110.497489, -6.9759466], [110.4972988, -6.9772429], [110.4972031, -6.9785276], [110.4972145, -6.9789048], [110.4972851, -6.9790463], [110.497285, -6.9791642]]]}}, {"type": "Feature", "properties": {"name": "Bangetayu Wetan", "kecamatan": "Genuk", "osm_id": 8278409}, "geometry": {"type": "Polygon", "coordinates": [[[110.4786787, -6.9872154], [110.4748413, -6.9836914], [110.4753023, -6.9831961], [110.475643, -6.9829538], [110.4771075, -6.9825438], [110.4773971, -6.9825225], [110.4779792, -6.9826823], [110.4781857, -6.9826769], [110.4783708, -6.9825678], [110.4792291, -6.9817771], [110.4796475, -6.9817611], [110.4798165, -6.9816573], [110.4799855, -6.9811594], [110.4801303, -6.9800266], [110.4805098, -6.979373], [110.4805112, -6.9790935], [110.4803556, -6.9787407], [110.4803503, -6.9784385], [110.4807271, -6.9778568], [110.4808143, -6.9776531], [110.4808813, -6.9772698], [110.4825684, -6.9774934], [110.4836252, -6.9777197], [110.4839793, -6.9778049], [110.484615, -6.978151], [110.4856315, -6.978364], [110.4858112, -6.9784465], [110.4856047, -6.9789311], [110.485602, -6.9802835], [110.4853284, -6.9806216], [110.4854169, -6.9809278], [110.4855376, -6.9810875], [110.4858863, -6.9813484], [110.4869297, -6.9816759], [110.4874179, -6.9819288], [110.487552, -6.9821099], [110.4877183, -6.9825784], [110.4878202, -6.982669], [110.4889199, -6.9832307], [110.4892552, -6.9835289], [110.4893222, -6.9837685], [110.4892364, -6.9843888], [110.4893893, -6.9849372], [110.4895315, -6.9851875], [110.4900759, -6.985877], [110.4901913, -6.986287], [110.49054, -6.9870964], [110.4908001, -6.987501], [110.4911703, -6.987903], [110.4917631, -6.9881959], [110.4932785, -6.988763], [110.4943489, -6.9890267], [110.4943113, -6.9895732], [110.4941658, -6.9899667], [110.4939705, -6.9907597], [110.4939035, -6.991135], [110.4939303, -6.9913267], [110.4937626, -6.9915823], [110.4932999, -6.992972], [110.4929995, -6.9937147], [110.4917979, -6.9958898], [110.4915753, -6.9964888], [110.4908189, -6.9979024], [110.4805541, -6.9886964], [110.4794919, -6.9877699], [110.4786787, -6.9872154]]]}}, {"type": "Feature", "properties": {"name": "Kramas", "kecamatan": "Tembalang", "osm_id": 8280665}, "geometry": {"type": "Polygon", "coordinates": [[[110.4489362, -7.0770278], [110.4470104, -7.0775761], [110.4461092, -7.0772674], [110.4459268, -7.0771077], [110.4456317, -7.0771023], [110.4454225, -7.0772301], [110.445283, -7.0771769], [110.445165, -7.0770065], [110.4451114, -7.0767457], [110.4449826, -7.0766978], [110.4447305, -7.0767457], [110.4444194, -7.0766658], [110.4442316, -7.076538], [110.4440278, -7.0762612], [110.4436952, -7.0760483], [110.4423702, -7.0755638], [110.4423326, -7.0753935], [110.4423809, -7.0750634], [110.4425418, -7.0746429], [110.4431158, -7.0735462], [110.4428422, -7.0730884], [110.4422897, -7.0724708], [110.4419571, -7.0721301], [110.4414207, -7.0717468], [110.4399186, -7.0707779], [110.4394895, -7.0705277], [110.4383925, -7.0700273], [110.4377782, -7.0696707], [110.4374285, -7.069277], [110.4371687, -7.0687564], [110.4370142, -7.0686756], [110.4348455, -7.0683835], [110.4349184, -7.0681747], [110.4352045, -7.0676884], [110.4355747, -7.0671853], [110.4360848, -7.0667122], [110.4367912, -7.0662466], [110.4377353, -7.0660656], [110.4381768, -7.0657158], [110.4381997, -7.0650065], [110.4388665, -7.0650448], [110.440626, -7.0652684], [110.4407105, -7.0650635], [110.442006, -7.0652139], [110.443858, -7.0659658], [110.4438218, -7.0662413], [110.443913, -7.0665022], [110.4441625, -7.066819], [110.4440203, -7.0674019], [110.4440954, -7.0675164], [110.4443422, -7.0674445], [110.444605, -7.0674365], [110.4450637, -7.0676228], [110.4455733, -7.0676601], [110.4462909, -7.0677998], [110.4466462, -7.0679555], [110.4485506, -7.0685092], [110.450986, -7.069132], [110.4512739, -7.070166], [110.4510224, -7.0706811], [110.4504772, -7.0705674], [110.450006, -7.0712828], [110.4496192, -7.071992], [110.4490575, -7.0724161], [110.4483922, -7.0724846], [110.4480488, -7.0726286], [110.4479669, -7.072929], [110.447688, -7.0732484], [110.4473661, -7.0739245], [110.4472831, -7.0742301], [110.4473018, -7.0754417], [110.4474622, -7.0756109], [110.4482352, -7.0757505], [110.4488467, -7.076219], [110.4489362, -7.0770278]]]}}, {"type": "Feature", "properties": {"name": "Penggaron Kidul", "kecamatan": "Pedurungan", "osm_id": 8280703}, "geometry": {"type": "Polygon", "coordinates": [[[110.4873025, -7.0045899], [110.4883191, -7.0028808], [110.4900411, -7.000964], [110.4901618, -7.0006366], [110.4901859, -7.0003757], [110.4906955, -6.9991484], [110.4909863, -6.9980533], [110.4933134, -7.000152], [110.492447, -7.0012835], [110.491181, -7.003738], [110.4909557, -7.004345], [110.4909772, -7.005133], [110.4923826, -7.0051543], [110.4938364, -7.0052821], [110.4947805, -7.0056921], [110.4953867, -7.0057294], [110.4986107, -7.0068741], [110.50022, -7.0086737], [110.50125, -7.009302], [110.5024087, -7.0098025], [110.5028272, -7.0096853], [110.5042434, -7.0102391], [110.5048871, -7.0112081], [110.5049783, -7.0117033], [110.5040288, -7.0143068], [110.503947, -7.0150336], [110.5012313, -7.0168332], [110.5010435, -7.0170754], [110.5003247, -7.018292], [110.5001852, -7.0186115], [110.4999009, -7.0194341], [110.4997238, -7.0197296], [110.4996836, -7.0199905], [110.4997158, -7.0204111], [110.4994369, -7.0207385], [110.4989433, -7.0211298], [110.4924068, -7.0189682], [110.4889038, -7.017741], [110.4876646, -7.0172591], [110.4865864, -7.0167214], [110.4854706, -7.0162422], [110.4858488, -7.0150735], [110.4862283, -7.0141325], [110.4864804, -7.0128839], [110.4870155, -7.0121452], [110.4873079, -7.0118444], [110.4875278, -7.010677], [110.4875989, -7.010468], [110.4878028, -7.0101672], [110.4880616, -7.0092581], [110.4884103, -7.0073706], [110.4883969, -7.0072388], [110.488189, -7.0070658], [110.4881649, -7.0069872], [110.4883017, -7.0056508], [110.4881836, -7.0054725], [110.4875265, -7.004952], [110.4873025, -7.0045899]]]}}, {"type": "Feature", "properties": {"name": "Bubakan", "kecamatan": "Mijen", "osm_id": 8280710}, "geometry": {"type": "Polygon", "coordinates": [[[110.3231299, -7.1018668], [110.3229904, -7.1020052], [110.3228617, -7.1020531], [110.322513, -7.1024657], [110.3221777, -7.1030992], [110.3205979, -7.1042995], [110.3204048, -7.1046988], [110.3202653, -7.1053642], [110.3193909, -7.1057634], [110.3189993, -7.1060296], [110.3188705, -7.1062266], [110.3183985, -7.1061574], [110.3181839, -7.1060243], [110.3175563, -7.1058566], [110.3174892, -7.1062691], [110.3172076, -7.1063836], [110.3171781, -7.1061094], [110.3168803, -7.1056251], [110.3168964, -7.105114], [110.3167891, -7.1047307], [110.3165102, -7.1044326], [110.3166228, -7.1041239], [110.3170037, -7.1039003], [110.3170627, -7.1037938], [110.316824, -7.1035224], [110.3168106, -7.1034425], [110.3168884, -7.1033387], [110.3169286, -7.1030539], [110.3170788, -7.102841], [110.3171754, -7.1025642], [110.3171968, -7.1021277], [110.3168106, -7.1016273], [110.3165209, -7.100882], [110.3163385, -7.100552], [110.3159094, -7.10019], [110.315609, -7.0998599], [110.3155875, -7.099498], [110.3156519, -7.0988166], [110.3155339, -7.0983055], [110.3148579, -7.0976348], [110.3146756, -7.0972835], [110.3146326, -7.0969854], [110.3147721, -7.0965808], [110.3150403, -7.0962827], [110.3152764, -7.0956332], [110.3149545, -7.0940469], [110.3145575, -7.0929662], [110.3144878, -7.092567], [110.3142518, -7.0921677], [110.3142706, -7.092016], [110.3141901, -7.0919308], [110.313718, -7.0917259], [110.313659, -7.0915742], [110.3136644, -7.0912787], [110.3138454, -7.0909088], [110.3141955, -7.0904456], [110.3147574, -7.0898414], [110.3149264, -7.0895406], [110.3149532, -7.0893943], [110.3147882, -7.0891361], [110.3145522, -7.0889364], [110.3142598, -7.0883322], [110.3139997, -7.0875763], [110.3138991, -7.0871331], [110.3138441, -7.0868576], [110.3138736, -7.0866021], [110.314064, -7.0863346], [110.31417, -7.0862694], [110.3145602, -7.0863186], [110.3149773, -7.0862801], [110.3157324, -7.086296], [110.3158879, -7.0853618], [110.3161749, -7.0851595], [110.3165558, -7.0850557], [110.3172746, -7.0849811], [110.3182375, -7.0849705], [110.3237039, -7.0850344], [110.3241384, -7.0848959], [110.3246534, -7.0849279], [110.3249538, -7.0847788], [110.3256887, -7.0841081], [110.3258067, -7.0842305], [110.3260803, -7.0842944], [110.3272712, -7.0842838], [110.3275609, -7.0843796], [110.3281107, -7.0847203], [110.32821, -7.0847096], [110.3283709, -7.0845206], [110.3284836, -7.0841028], [110.3285372, -7.0840415], [110.3288564, -7.0839617], [110.3290281, -7.0840149], [110.3291622, -7.0839777], [110.329771, -7.0832244], [110.329873, -7.0834533], [110.3299963, -7.0841028], [110.3304094, -7.0845446], [110.3303558, -7.084848], [110.3300178, -7.0851568], [110.3298944, -7.0855028], [110.329999, -7.0856572], [110.3302029, -7.0857504], [110.3302994, -7.0858489], [110.330337, -7.08595], [110.3302672, -7.0860857], [110.3299105, -7.0863998], [110.3294358, -7.0866154], [110.3289798, -7.087012], [110.3287706, -7.0871238], [110.3285319, -7.0870919], [110.3280866, -7.0873474], [110.3277138, -7.0874725], [110.3274697, -7.0877839], [110.3273275, -7.0878504], [110.3271318, -7.0878212], [110.3266839, -7.0879144], [110.3261715, -7.0881353], [110.3260052, -7.088271], [110.3259999, -7.0888779], [110.3259516, -7.0890296], [110.3258094, -7.089184], [110.3258309, -7.0892692], [110.3259194, -7.0893357], [110.3262788, -7.0894422], [110.3264558, -7.0899958], [110.3264719, -7.0905707], [110.3265953, -7.0908156], [110.3268849, -7.090954], [110.3271747, -7.0910072], [110.3274589, -7.0911722], [110.327534, -7.0913905], [110.3274805, -7.0917366], [110.3274053, -7.0919122], [110.3273946, -7.0922582], [110.3272176, -7.0925936], [110.327239, -7.0927826], [110.3270835, -7.0932936], [110.3269976, -7.0933761], [110.326708, -7.0934853], [110.3264451, -7.0937222], [110.3261796, -7.0942705], [110.3257155, -7.0946644], [110.3254795, -7.0949625], [110.3254339, -7.0951089], [110.3250128, -7.0953458], [110.324927, -7.0954789], [110.3248841, -7.0960485], [110.3245354, -7.0964743], [110.324353, -7.0968789], [110.3243744, -7.0972515], [110.3242403, -7.0977679], [110.3240365, -7.0981405], [110.3236288, -7.0983907], [110.3233445, -7.098774], [110.3233069, -7.0989497], [110.3234357, -7.0993276], [110.3237361, -7.0996577], [110.3236824, -7.0999132], [110.3234625, -7.1002113], [110.3232104, -7.1007063], [110.3230655, -7.1007543], [110.3230065, -7.1009885], [110.3231299, -7.1018668]]]}}, {"type": "Feature", "properties": {"name": "Sendangguwo", "kecamatan": "Tembalang", "osm_id": 8280733}, "geometry": {"type": "Polygon", "coordinates": [[[110.4448271, -7.0114743], [110.4451811, -7.0107396], [110.4462433, -7.009483], [110.4478365, -7.0077899], [110.4495626, -7.0061985], [110.4499635, -7.0067889], [110.4501486, -7.0069446], [110.4513261, -7.0074997], [110.4516466, -7.0077553], [110.4520731, -7.0078325], [110.4528992, -7.0078698], [110.4532465, -7.0080628], [110.4538085, -7.008699], [110.4543141, -7.0088481], [110.4550007, -7.0089293], [110.4560964, -7.009294], [110.4566114, -7.0096587], [110.4567307, -7.009913], [110.4568809, -7.0100567], [110.4580195, -7.0103948], [110.4587732, -7.0104694], [110.4595886, -7.0108993], [110.4610088, -7.0113665], [110.4615413, -7.0116327], [110.4616472, -7.0117605], [110.4616955, -7.0119202], [110.4617357, -7.0124859], [110.4623714, -7.0139421], [110.4634859, -7.0142256], [110.4645601, -7.014774], [110.4650429, -7.0149724], [110.4659186, -7.0151947], [110.4667809, -7.0156006], [110.4665743, -7.0162015], [110.4662873, -7.0167405], [110.4661827, -7.017462], [110.4661908, -7.0177868], [110.4648738, -7.0176137], [110.464501, -7.0175139], [110.4637634, -7.0171891], [110.4629842, -7.0173102], [110.4614191, -7.0176789], [110.4607687, -7.0177508], [110.4599707, -7.0176976], [110.4591206, -7.0170234], [110.4582944, -7.0166474], [110.4573368, -7.0182114], [110.457086, -7.0182979], [110.4568419, -7.0182806], [110.4554886, -7.0180455], [110.4549352, -7.0171755], [110.4529385, -7.0145589], [110.4520887, -7.0137285], [110.4517393, -7.0136202], [110.4505571, -7.0134648], [110.4497426, -7.0131942], [110.4477923, -7.0127784], [110.4462717, -7.0121848], [110.4460558, -7.012036], [110.4448271, -7.0114743]]]}}, {"type": "Feature", "properties": {"name": "Mangunharjo", "kecamatan": "Tugu", "osm_id": 8281054}, "geometry": {"type": "Polygon", "coordinates": [[[110.3025124, -6.9624962], [110.3024139, -6.9619643], [110.302402, -6.9613175], [110.3024501, -6.9611037], [110.3026164, -6.9608401], [110.30267, -6.9606591], [110.3028484, -6.9596886], [110.3052597, -6.9554726], [110.3057692, -6.9542026], [110.3066021, -6.9512792], [110.3077018, -6.9468062], [110.3074121, -6.9450862], [110.3074229, -6.9447987], [110.3075999, -6.9442182], [110.3077769, -6.9438987], [110.3080881, -6.943494], [110.3085065, -6.9431532], [110.31003, -6.9423278], [110.3113925, -6.9415237], [110.3112048, -6.9411031], [110.3111887, -6.9410232], [110.3112745, -6.9409539], [110.3115857, -6.9407889], [110.3118807, -6.9409273], [110.3123206, -6.9409806], [110.3129214, -6.9405759], [110.3135329, -6.9393724], [110.3138173, -6.9386535], [110.3141391, -6.9380944], [110.3142531, -6.9379788], [110.3160596, -6.9389304], [110.318023, -6.9398889], [110.3183019, -6.9397931], [110.3209197, -6.9409113], [110.3212523, -6.9410391], [110.3214776, -6.9410604], [110.3241867, -6.9429562], [110.3266168, -6.9442928], [110.3263807, -6.9449424], [110.3261393, -6.9453099], [110.325678, -6.9456613], [110.3254473, -6.9459222], [110.3250396, -6.9464228], [110.3242242, -6.9475797], [110.3238098, -6.9480137], [110.3235859, -6.9481454], [110.3227262, -6.9481281], [110.3214669, -6.9494421], [110.3207749, -6.9502888], [110.3197396, -6.9512739], [110.318774, -6.9520939], [110.3183663, -6.9526903], [110.3179935, -6.953569], [110.317449, -6.9532308], [110.3171325, -6.9535237], [110.3170225, -6.9537606], [110.3168508, -6.953947], [110.3163734, -6.954373], [110.3159228, -6.9545567], [110.3155594, -6.9544529], [110.3152053, -6.9548416], [110.3146327, -6.9556643], [110.3144865, -6.9558081], [110.3143805, -6.9558108], [110.3142263, -6.9559865], [110.3129911, -6.9575893], [110.312224, -6.9583028], [110.3113711, -6.9589258], [110.3112477, -6.9591069], [110.3110868, -6.9599535], [110.3111994, -6.9611144], [110.3111672, -6.9613593], [110.31084, -6.9621421], [110.3099656, -6.9635851], [110.309397, -6.9647086], [110.3069776, -6.9678662], [110.3044917, -6.9714813], [110.3036624, -6.9728343], [110.303598, -6.973026], [110.3035927, -6.9732549], [110.3009534, -6.9735957], [110.2996123, -6.9736383], [110.2986038, -6.9736063], [110.2978957, -6.9734413], [110.2982658, -6.9718545], [110.2984643, -6.9718545], [110.2988827, -6.9715031], [110.2990597, -6.9712102], [110.2993146, -6.9703569], [110.2995452, -6.9698537], [110.2995962, -6.9690111], [110.2992877, -6.9680486], [110.2993132, -6.9679275], [110.2995171, -6.9675774], [110.2998081, -6.9672805], [110.3001997, -6.9663061], [110.3009138, -6.9658308], [110.300995, -6.965719], [110.3010882, -6.9653589], [110.3011806, -6.9651883], [110.3017118, -6.9649955], [110.3021631, -6.964682], [110.3022784, -6.9641002], [110.3024474, -6.9636011], [110.3025224, -6.9630274], [110.3025124, -6.9624962]]]}}, {"type": "Feature", "properties": {"name": "Mangkang Wetan", "kecamatan": "Tugu", "osm_id": 8281117}, "geometry": {"type": "Polygon", "coordinates": [[[110.3047103, -6.9711811], [110.3069776, -6.9678662], [110.309397, -6.9647086], [110.3099656, -6.9635851], [110.31084, -6.9621421], [110.3111672, -6.9613593], [110.3111994, -6.9611144], [110.3110868, -6.9599535], [110.3112477, -6.9591069], [110.3113711, -6.9589258], [110.312224, -6.9583028], [110.3129911, -6.9575893], [110.3142263, -6.9559865], [110.3143805, -6.9558108], [110.3144865, -6.9558081], [110.3146327, -6.9556643], [110.3152053, -6.9548416], [110.3155594, -6.9544529], [110.3159228, -6.9545567], [110.3163734, -6.954373], [110.3168508, -6.953947], [110.3170225, -6.9537606], [110.3171325, -6.9535237], [110.317449, -6.9532308], [110.3179935, -6.953569], [110.3183663, -6.9526903], [110.318774, -6.9520939], [110.3197396, -6.9512739], [110.3207749, -6.9502888], [110.3214669, -6.9494421], [110.3227262, -6.9481281], [110.3235859, -6.9481454], [110.3238098, -6.9480137], [110.3242242, -6.9475797], [110.3250396, -6.9464228], [110.3254473, -6.9459222], [110.325678, -6.9456613], [110.3261393, -6.9453099], [110.3263807, -6.9449424], [110.3266168, -6.9442928], [110.3298998, -6.9455974], [110.3331828, -6.9470032], [110.3280222, -6.9547458], [110.3270352, -6.9557255], [110.3264451, -6.9561409], [110.3261661, -6.9564604], [110.3258121, -6.9583135], [110.3252864, -6.9602837], [110.3247902, -6.9612315], [110.3238863, -6.9627251], [110.3236985, -6.963207], [110.3233364, -6.9632017], [110.3220677, -6.9628103], [110.3219444, -6.9628183], [110.320968, -6.9657097], [110.3193963, -6.9693199], [110.3187257, -6.9711996], [110.3184414, -6.9724242], [110.3143859, -6.9712102], [110.3139836, -6.9724136], [110.3137368, -6.9729993], [110.3136188, -6.9728928], [110.3127283, -6.9724775], [110.3121436, -6.9724456], [110.3085118, -6.9726692], [110.3035927, -6.9732549], [110.303598, -6.973026], [110.3036624, -6.9728343], [110.3047103, -6.9711811]]]}}, {"type": "Feature", "properties": {"name": "Ngaliyan", "kecamatan": "Ngaliyan", "osm_id": 8281491}, "geometry": {"type": "Polygon", "coordinates": [[[110.3504562, -6.9940316], [110.3507566, -6.9942552], [110.3522426, -6.9948941], [110.3527522, -6.9951923], [110.3549087, -6.9959644], [110.355885, -6.9965447], [110.3586155, -6.997567], [110.3597903, -6.9983551], [110.3618985, -6.9999364], [110.3621077, -6.999995], [110.3624511, -7.0002186], [110.3623921, -7.0005154], [110.3624417, -7.0007178], [110.3632504, -7.0013793], [110.3634328, -7.0020609], [110.3639102, -7.0025933], [110.3639209, -7.0030725], [110.3638565, -7.0037008], [110.3639316, -7.0040415], [110.3642213, -7.0041054], [110.3642964, -7.0043077], [110.363878, -7.0073852], [110.3610778, -7.0069699], [110.3601873, -7.006906], [110.3601229, -7.0072148], [110.3598654, -7.0075982], [110.357945, -7.0096108], [110.3577518, -7.0100154], [110.3576553, -7.0103562], [110.3574192, -7.01206], [110.3525591, -7.0114743], [110.3518617, -7.0113572], [110.3509498, -7.0109738], [110.3503382, -7.0129758], [110.349952, -7.0140087], [110.349555, -7.0155953], [110.3488684, -7.0176292], [110.3481817, -7.0203765], [110.3450274, -7.0195459], [110.3434932, -7.0191838], [110.3431284, -7.0191838], [110.3428066, -7.0202913], [110.3422219, -7.020435], [110.3395531, -7.0212683], [110.3382871, -7.0219258], [110.3375012, -7.0218779], [110.3362083, -7.0214919], [110.3368548, -7.0202513], [110.3373027, -7.0192184], [110.3380027, -7.018292], [110.3381985, -7.0179593], [110.3383273, -7.0175866], [110.338397, -7.0171952], [110.338456, -7.0162821], [110.3384453, -7.0142802], [110.3383648, -7.0135881], [110.337815, -7.011831], [110.337764, -7.0113598], [110.3377211, -7.0085406], [110.3378177, -7.0079549], [110.3385097, -7.0070817], [110.3386974, -7.0067783], [110.3389764, -7.00615], [110.3391695, -7.0054365], [110.3393412, -7.0038978], [110.3394592, -7.0033121], [110.3399634, -7.0025454], [110.3407037, -7.0010492], [110.3413314, -7.0002452], [110.3419375, -6.9992868], [110.3421387, -6.9991005], [110.34363, -6.9986771], [110.3448987, -6.9981793], [110.3452045, -6.997993], [110.3459072, -6.9975191], [110.3473341, -6.9962412], [110.3479189, -6.9958739], [110.3481388, -6.9956715], [110.3483319, -6.9952722], [110.3485036, -6.9951071], [110.3499154, -6.9944783], [110.3504562, -6.9940316]]]}}, {"type": "Feature", "properties": {"name": "Purwoyoso", "kecamatan": "Ngaliyan", "osm_id": 8281699}, "geometry": {"type": "Polygon", "coordinates": [[[110.3654386, -6.9877317], [110.3667104, -6.9879456], [110.3681801, -6.9877314], [110.3690547, -6.9906186], [110.3693014, -6.9918592], [110.36928, -6.9925407], [110.3691566, -6.9933554], [110.3686953, -6.9948995], [110.3687489, -6.9956875], [110.368883, -6.9961667], [110.3692853, -6.9970559], [110.3695428, -6.9975031], [110.370208, -6.9982432], [110.3705513, -6.9987011], [110.3708303, -6.9992123], [110.3711092, -7.0006872], [110.3713936, -7.0015337], [110.3717637, -7.0020183], [110.3719515, -7.002194], [110.3725952, -7.0025613], [110.3730941, -7.0027051], [110.3730136, -7.002982], [110.3728098, -7.003179], [110.3726488, -7.0031151], [110.3725576, -7.0032748], [110.3724235, -7.0032269], [110.3720856, -7.0032375], [110.371989, -7.0034984], [110.3718817, -7.0035038], [110.3718066, -7.0034558], [110.3718281, -7.0033387], [110.3717744, -7.003195], [110.3714579, -7.0032216], [110.3713667, -7.0032535], [110.3713238, -7.0035251], [110.3709644, -7.0035464], [110.3707981, -7.0032109], [110.3705996, -7.0029447], [110.3704226, -7.002391], [110.3700042, -7.0018479], [110.3694838, -7.0013687], [110.3692853, -7.0012835], [110.3686792, -7.0012143], [110.3673541, -7.0002239], [110.3671503, -7.0001441], [110.3670216, -7.0001494], [110.366925, -7.0003677], [110.3666085, -7.0002399], [110.3666139, -6.9993667], [110.3664261, -6.9989301], [110.3662008, -6.9986585], [110.366115, -6.9984509], [110.3653318, -6.9984722], [110.3652567, -6.9985414], [110.3651386, -6.9991271], [110.3651333, -6.999585], [110.3651923, -6.9999417], [110.3651494, -7.0000376], [110.364275, -7.0000908], [110.3639907, -7.0002186], [110.3634381, -7.0003198], [110.3628266, -7.0002133], [110.3624511, -7.0002186], [110.3621077, -6.999995], [110.3618985, -6.9999364], [110.3597903, -6.9983551], [110.3586155, -6.997567], [110.355885, -6.9965447], [110.3549087, -6.9959644], [110.3527522, -6.9951923], [110.3522426, -6.9948941], [110.3507566, -6.9942552], [110.3504562, -6.9940316], [110.3509068, -6.9935311], [110.3513574, -6.992743], [110.3515828, -6.9926259], [110.3529131, -6.9921893], [110.3535461, -6.9921254], [110.3539324, -6.9920296], [110.3542006, -6.9918911], [110.3544581, -6.9916249], [110.3554881, -6.9902086], [110.3564, -6.9892714], [110.3567326, -6.9890159], [110.3571617, -6.9887816], [110.3578484, -6.9885154], [110.3587174, -6.9883343], [110.3596079, -6.9878871], [110.3600156, -6.9876314], [110.3605842, -6.987099], [110.3607023, -6.9866731], [110.3619933, -6.9867815], [110.3623009, -6.9867689], [110.3632557, -6.9869819], [110.3654386, -6.9877317]]]}}, {"type": "Feature", "properties": {"name": "Bambankerep", "kecamatan": "Ngaliyan", "osm_id": 8283215}, "geometry": {"type": "Polygon", "coordinates": [[[110.3633203, -7.0003112], [110.3637117, -7.0002878], [110.364275, -7.0000908], [110.3651494, -7.0000376], [110.3651923, -6.9999417], [110.3651333, -6.999585], [110.3651386, -6.9991271], [110.3652567, -6.9985414], [110.3653318, -6.9984722], [110.366115, -6.9984509], [110.3662008, -6.9986585], [110.3664261, -6.9989301], [110.3666139, -6.9993667], [110.3666085, -7.0002399], [110.366925, -7.0003677], [110.3668392, -7.0007404], [110.366866, -7.0012782], [110.3669411, -7.0014273], [110.3671288, -7.0015391], [110.3676438, -7.0015817], [110.3678369, -7.001965], [110.3679711, -7.0021407], [110.3681105, -7.0022259], [110.3686523, -7.0032695], [110.3696608, -7.0060648], [110.3698003, -7.0072415], [110.3698969, -7.0075503], [110.3709269, -7.0096587], [110.3711683, -7.010665], [110.3709751, -7.011682], [110.3707069, -7.0125179], [110.3731584, -7.0143281], [110.3734696, -7.0144985], [110.3735876, -7.0145145], [110.3739524, -7.0143494], [110.3756851, -7.0129225], [110.3752452, -7.0141418], [110.3748214, -7.0150203], [110.3743708, -7.0162023], [110.3739631, -7.0178528], [110.3739631, -7.0180764], [110.3741455, -7.0184278], [110.3751647, -7.0191412], [110.3754544, -7.0194075], [110.3755295, -7.019663], [110.3754973, -7.0199612], [110.3750794, -7.0207535], [110.3741729, -7.019974], [110.3736773, -7.0200879], [110.3735474, -7.020065], [110.3727843, -7.0203858], [110.3726436, -7.0208455], [110.372683, -7.0214081], [110.3723416, -7.0218574], [110.3716393, -7.0220704], [110.3713988, -7.0220443], [110.3708891, -7.0215789], [110.3704051, -7.0216022], [110.3699844, -7.0220918], [110.3694603, -7.0220467], [110.3693048, -7.0219117], [110.3688185, -7.0208951], [110.3686238, -7.0205844], [110.3682495, -7.0201146], [110.3671398, -7.0192134], [110.3666939, -7.0189744], [110.3663719, -7.018911], [110.3660195, -7.018932], [110.3655317, -7.0190454], [110.364622, -7.0197231], [110.3624725, -7.0156592], [110.362156, -7.0146316], [110.3619039, -7.0147754], [110.3613192, -7.0148446], [110.3605413, -7.0151055], [110.3597635, -7.0154196], [110.3596079, -7.0155261], [110.3594792, -7.0156592], [110.3593397, -7.0160425], [110.3593022, -7.016527], [110.3591734, -7.0167294], [110.3589642, -7.0168838], [110.3584117, -7.017118], [110.3582883, -7.0171234], [110.3575909, -7.0169104], [110.3574407, -7.0169157], [110.3571349, -7.0169956], [110.3569311, -7.0174162], [110.3565127, -7.0174588], [110.3563034, -7.0176931], [110.3562713, -7.0181776], [110.3561318, -7.0183213], [110.3557938, -7.0185183], [110.3557724, -7.0187366], [110.3558421, -7.0190401], [110.3558153, -7.0192371], [110.3556919, -7.019498], [110.3555518, -7.0196916], [110.3551769, -7.0199559], [110.3546083, -7.0207705], [110.35375, -7.0222399], [110.353353, -7.0225061], [110.3530151, -7.0225754], [110.3515881, -7.0226233], [110.3508747, -7.0228575], [110.3498554, -7.0221228], [110.3489649, -7.0217075], [110.3484392, -7.0209089], [110.3481817, -7.0203765], [110.3488684, -7.0176292], [110.349555, -7.0155953], [110.349952, -7.0140087], [110.3503382, -7.0129758], [110.3509498, -7.0109738], [110.3518617, -7.0113572], [110.3525591, -7.0114743], [110.3574192, -7.01206], [110.3576553, -7.0103562], [110.3577518, -7.0100154], [110.357945, -7.0096108], [110.3598654, -7.0075982], [110.3601229, -7.0072148], [110.3601873, -7.006906], [110.3610778, -7.0069699], [110.363878, -7.0073852], [110.3642964, -7.0043077], [110.3642213, -7.0041054], [110.3639316, -7.0040415], [110.3638565, -7.0037008], [110.3639209, -7.0030725], [110.3639102, -7.0025933], [110.3634328, -7.0020609], [110.3632504, -7.0013793], [110.3624417, -7.0007178], [110.3623921, -7.0005154], [110.3624511, -7.0002186], [110.3628266, -7.0002133], [110.3633203, -7.0003112]]]}}, {"type": "Feature", "properties": {"name": "Tambakaji", "kecamatan": "Ngaliyan", "osm_id": 8283299}, "geometry": {"type": "Polygon", "coordinates": [[[110.3281832, -6.9829458], [110.3293526, -6.980603], [110.3298783, -6.9800066], [110.3300178, -6.9797617], [110.3301895, -6.9789949], [110.3305435, -6.9787607], [110.3306937, -6.9785157], [110.3310907, -6.9775892], [110.3312838, -6.9772804], [110.331831, -6.9778661], [110.3326571, -6.9786435], [110.3364229, -6.9830097], [110.3373992, -6.9840747], [110.3379464, -6.9845113], [110.338393, -6.9847322], [110.3402531, -6.985459], [110.3413474, -6.9858318], [110.3420985, -6.9860341], [110.3426349, -6.9860448], [110.3470954, -6.985648], [110.347943, -6.9854031], [110.3485787, -6.9850224], [110.348922, -6.9847562], [110.3498232, -6.9833718], [110.3503275, -6.9827648], [110.3506601, -6.9825412], [110.3510141, -6.9824453], [110.351454, -6.9824347], [110.3536856, -6.9829884], [110.3560674, -6.984064], [110.356679, -6.9845539], [110.3570866, -6.9849798], [110.3575265, -6.985704], [110.3577626, -6.9859702], [110.3580737, -6.9861832], [110.3585458, -6.9863216], [110.3597581, -6.9865666], [110.3607023, -6.9866731], [110.3605842, -6.987099], [110.3600156, -6.9876314], [110.3596079, -6.9878871], [110.3587174, -6.9883343], [110.3578484, -6.9885154], [110.3571617, -6.9887816], [110.3567326, -6.9890159], [110.3564, -6.9892714], [110.3554881, -6.9902086], [110.3544581, -6.9916249], [110.3542006, -6.9918911], [110.3539324, -6.9920296], [110.3535461, -6.9921254], [110.3529131, -6.9921893], [110.3515828, -6.9926259], [110.3513574, -6.992743], [110.3509068, -6.9935311], [110.3504562, -6.9940316], [110.3499154, -6.9944783], [110.3485036, -6.9951071], [110.3483319, -6.9952722], [110.3481388, -6.9956715], [110.3480262, -6.995778], [110.3473341, -6.9962412], [110.3459072, -6.9975191], [110.3448987, -6.9981793], [110.3438947, -6.9985597], [110.3436541, -6.9983125], [110.3429675, -6.9980995], [110.3416693, -6.9978439], [110.339781, -6.9973966], [110.3393519, -6.9973221], [110.337882, -6.9972263], [110.3368091, -6.996992], [110.3356075, -6.9966299], [110.3347331, -6.9965927], [110.3347278, -6.9956981], [110.3333759, -6.9956928], [110.3310048, -6.9954692], [110.3304469, -6.9952349], [110.3296208, -6.9947877], [110.327695, -6.9939624], [110.3272176, -6.9936695], [110.3267026, -6.9934459], [110.3261232, -6.9929667], [110.3258872, -6.9928495], [110.3263163, -6.9922638], [110.3266563, -6.9919551], [110.3269172, -6.9913906], [110.3273356, -6.9909753], [110.3279042, -6.9900062], [110.3283656, -6.9896974], [110.3287518, -6.9892714], [110.3291273, -6.9885367], [110.3291917, -6.9882704], [110.3291863, -6.9879736], [110.3290951, -6.9871949], [110.3286016, -6.9866624], [110.328505, -6.9865027], [110.3284085, -6.9862364], [110.3283809, -6.9859142], [110.3281832, -6.9829458]]]}}, {"type": "Feature", "properties": {"name": "Randugarut", "kecamatan": "Tugu", "osm_id": 8283381}, "geometry": {"type": "Polygon", "coordinates": [[[110.3137368, -6.9729993], [110.3139836, -6.9724136], [110.3143859, -6.9712102], [110.3184414, -6.9724242], [110.3187257, -6.9711996], [110.3193963, -6.9693199], [110.320968, -6.9657097], [110.3219444, -6.9628183], [110.3220677, -6.9628103], [110.3233364, -6.9632017], [110.3236985, -6.963207], [110.3238863, -6.9627251], [110.3247902, -6.9612315], [110.3252864, -6.9602837], [110.3258121, -6.9583135], [110.3261661, -6.9564604], [110.3264451, -6.9561409], [110.3270352, -6.9557255], [110.3280222, -6.9547458], [110.3331828, -6.9470032], [110.3388798, -6.9586117], [110.338676, -6.9600707], [110.3382844, -6.9622645], [110.3373134, -6.9646873], [110.3368735, -6.9669983], [110.3366965, -6.9673977], [110.3358597, -6.9684413], [110.3353715, -6.9692187], [110.3351033, -6.9695063], [110.3344917, -6.9704062], [110.3342235, -6.9707576], [110.3336817, -6.971157], [110.3334081, -6.97178], [110.3324157, -6.9713966], [110.3323299, -6.9715989], [110.3319275, -6.9714818], [110.3303075, -6.9746287], [110.3296423, -6.9762048], [110.3285372, -6.9760451], [110.3252649, -6.9759812], [110.323323, -6.9760025], [110.3183234, -6.97547], [110.3172934, -6.9752464], [110.3162312, -6.9749269], [110.3150082, -6.9743305], [110.3145683, -6.974011], [110.3137368, -6.9729993]]]}}, {"type": "Feature", "properties": {"name": "Pedurungan Tengah", "kecamatan": "Pedurungan", "osm_id": 8289392}, "geometry": {"type": "Polygon", "coordinates": [[[110.4818401, -7.0001887], [110.4828894, -7.0004573], [110.4829174, -7.0007843], [110.4830117, -7.0009812], [110.4836797, -7.0013514], [110.4833221, -7.0028302], [110.4831009, -7.0031364], [110.4827683, -7.0031204], [110.4826999, -7.0034385], [110.4825497, -7.0035916], [110.4824665, -7.0036023], [110.482083, -7.0034665], [110.4819824, -7.0034798], [110.48191, -7.0036489], [110.4813333, -7.0036675], [110.4811509, -7.0038858], [110.4807606, -7.0037966], [110.480589, -7.003983], [110.4792613, -7.0036821], [110.4786953, -7.0056655], [110.4770511, -7.0052355], [110.4767641, -7.0063284], [110.476457, -7.0070738], [110.476272, -7.0076781], [110.4757637, -7.0087776], [110.4756537, -7.0096281], [110.4753774, -7.0104946], [110.475006, -7.010862], [110.4750006, -7.0117352], [110.4743421, -7.011477], [110.4717753, -7.0108093], [110.4719211, -7.0101723], [110.4724482, -7.0084551], [110.4725164, -7.0080859], [110.4723737, -7.0078428], [110.4689353, -7.0039653], [110.467754, -7.0024205], [110.4654225, -6.999574], [110.4656475, -6.9995071], [110.4656901, -6.9975612], [110.465663, -6.996993], [110.4654835, -6.9966993], [110.4655461, -6.9962917], [110.4657956, -6.99558], [110.4658153, -6.9953539], [110.4656955, -6.994759], [110.4666457, -6.9948545], [110.4679675, -6.9953525], [110.4699308, -6.995651], [110.4705958, -6.995852], [110.4717697, -6.9960254], [110.4726586, -6.9963987], [110.472947, -6.996475], [110.4729535, -6.9966066], [110.4747229, -6.9968012], [110.4756738, -6.9968104], [110.4765876, -6.9971395], [110.4771661, -6.9972628], [110.4774985, -6.9972766], [110.478293, -6.9975043], [110.4798853, -6.9982551], [110.479478, -6.9992695], [110.4818401, -7.0001887]]]}}, {"type": "Feature", "properties": {"name": "Banyumanik", "kecamatan": "Banyumanik", "osm_id": 8296939}, "geometry": {"type": "Polygon", "coordinates": [[[110.4211163, -7.0787686], [110.4200435, -7.081654], [110.4197484, -7.0821969], [110.4193461, -7.0826867], [110.4191154, -7.0826175], [110.4184395, -7.0834906], [110.4178575, -7.0847895], [110.4162133, -7.0842784], [110.4150277, -7.0837567], [110.4134345, -7.0834852], [110.412721, -7.083235], [110.4121041, -7.0829103], [110.4108059, -7.0825962], [110.4109937, -7.0812973], [110.4111814, -7.0805733], [110.4113048, -7.079844], [110.4102051, -7.0796097], [110.409953, -7.079615], [110.4091805, -7.0799824], [110.4088694, -7.0802166], [110.4069676, -7.0800595], [110.405691, -7.0798626], [110.4052752, -7.079615], [110.405125, -7.0791306], [110.4048782, -7.0788644], [110.4042626, -7.0787354], [110.4043867, -7.0785651], [110.4043297, -7.0783726], [110.4038832, -7.077784], [110.4038572, -7.0774958], [110.4037448, -7.0772472], [110.4033133, -7.0771242], [110.403005, -7.0772588], [110.4028021, -7.0774366], [110.4025733, -7.0775429], [110.402307, -7.0775685], [110.4020653, -7.0775432], [110.401932, -7.0770634], [110.4019935, -7.0768254], [110.4022552, -7.0765009], [110.4026713, -7.0762737], [110.4036015, -7.0761414], [110.4039089, -7.0760228], [110.4039368, -7.0758859], [110.4038295, -7.0755958], [110.4036207, -7.0753731], [110.4031118, -7.0750122], [110.4028677, -7.0746997], [110.4030045, -7.0743906], [110.4032337, -7.0741836], [110.4034487, -7.0740562], [110.4038521, -7.0740722], [110.4040363, -7.0742783], [110.4041507, -7.0745112], [110.4045217, -7.0747152], [110.4050873, -7.0746698], [110.4054549, -7.0745592], [110.4058327, -7.0743586], [110.4059075, -7.0739945], [110.4058014, -7.0736504], [110.4055445, -7.0733687], [110.404407, -7.0728044], [110.4043024, -7.0726113], [110.4042879, -7.0723527], [110.4044933, -7.0719487], [110.4047606, -7.0715644], [110.4050586, -7.070905], [110.4049787, -7.07072], [110.4047072, -7.0703609], [110.4063025, -7.07073], [110.4067183, -7.0707859], [110.4070347, -7.0706715], [110.4081184, -7.0708977], [110.407826, -7.0724043], [110.4089418, -7.0728169], [110.4095373, -7.0728555], [110.4095721, -7.0731523], [110.4111144, -7.0732401], [110.4111922, -7.073304], [110.4120666, -7.0734451], [110.4134694, -7.0738976], [110.4144055, -7.074382], [110.4164895, -7.0751486], [110.4173666, -7.0752018], [110.4179057, -7.0751246], [110.4200917, -7.0757049], [110.4210278, -7.0760376], [110.420891, -7.0765247], [110.4209179, -7.0766232], [110.4210949, -7.0768016], [110.4215294, -7.0770464], [110.4215696, -7.0771902], [110.4211163, -7.0787686]]]}}, {"type": "Feature", "properties": {"name": "Tlogomulyo", "kecamatan": "Pedurungan", "osm_id": 8297132}, "geometry": {"type": "Polygon", "coordinates": [[[110.4805541, -6.9886964], [110.4909863, -6.9980533], [110.4909168, -6.9983364], [110.4906955, -6.9991484], [110.4901859, -7.0003757], [110.4901618, -7.0006366], [110.4900411, -7.000964], [110.4883191, -7.0028808], [110.4873025, -7.0045899], [110.4861934, -7.0039963], [110.4859279, -7.003593], [110.485893, -7.0026465], [110.4855967, -7.0022951], [110.4853378, -7.0020848], [110.4845332, -7.0018053], [110.4842649, -7.0016708], [110.4841, -7.0015258], [110.4836797, -7.0013514], [110.4830117, -7.0009812], [110.4829174, -7.0007843], [110.4828894, -7.0004573], [110.48165, -7.000145], [110.479478, -6.9992695], [110.4798853, -6.9982551], [110.478293, -6.9975043], [110.4774985, -6.9972766], [110.4771661, -6.9972628], [110.4765876, -6.9971395], [110.4756738, -6.9968104], [110.4747229, -6.9968012], [110.4729535, -6.9966066], [110.4730857, -6.9946976], [110.4729392, -6.9930679], [110.4730283, -6.9922432], [110.4730743, -6.9904615], [110.4731895, -6.9901359], [110.4734464, -6.9897438], [110.4735349, -6.9894156], [110.4741977, -6.9879709], [110.4745354, -6.9856158], [110.4742239, -6.9846865], [110.4742161, -6.9844543], [110.4733433, -6.9837886], [110.4733193, -6.9837085], [110.4733515, -6.9835965], [110.4739531, -6.9828859], [110.4786787, -6.9872154], [110.4794919, -6.9877699], [110.4805541, -6.9886964]]]}}, {"type": "Feature", "properties": {"name": "Jatisari", "kecamatan": "Mijen", "osm_id": 8299444}, "geometry": {"type": "Polygon", "coordinates": [[[110.3028068, -7.0811589], [110.3025681, -7.0809513], [110.3010607, -7.0801474], [110.3009856, -7.0799105], [110.3009802, -7.0796843], [110.3010365, -7.0795006], [110.3012779, -7.0792051], [110.3014979, -7.0791093], [110.3018251, -7.079088], [110.3030884, -7.0793169], [110.3032923, -7.0792397], [110.3033352, -7.0791359], [110.3029436, -7.0776374], [110.3028604, -7.0766605], [110.3027853, -7.0764209], [110.3026941, -7.0762985], [110.3021201, -7.0761335], [110.3019753, -7.0757528], [110.3018814, -7.0747706], [110.3016266, -7.0746109], [110.3014925, -7.0743261], [110.3014952, -7.0737964], [110.3018761, -7.0728648], [110.3018814, -7.0726864], [110.3017768, -7.0725454], [110.3016454, -7.0725081], [110.3010258, -7.0726385], [110.3008541, -7.0725427], [110.3007495, -7.072391], [110.3007281, -7.072202], [110.3009292, -7.0715658], [110.3009266, -7.0712038], [110.3008971, -7.0709589], [110.3005806, -7.0704851], [110.3006127, -7.0702056], [110.3009507, -7.0694949], [110.3012753, -7.0689945], [110.3013852, -7.0686431], [110.3013933, -7.0684302], [110.3012109, -7.0680176], [110.3010473, -7.0679271], [110.3004572, -7.0677727], [110.299387, -7.0676636], [110.2992046, -7.0674027], [110.2993655, -7.0666947], [110.2995586, -7.0663433], [110.300138, -7.0656033], [110.3007388, -7.0649805], [110.3007938, -7.064681], [110.3007549, -7.0645013], [110.3001326, -7.064118], [110.2998912, -7.0640382], [110.299505, -7.063591], [110.2991778, -7.0628616], [110.2984321, -7.0614775], [110.3018573, -7.0596514], [110.3036088, -7.058198], [110.3046977, -7.0576657], [110.305953, -7.0574314], [110.3059316, -7.0584802], [110.3059691, -7.0588369], [110.3060657, -7.0593799], [110.3062373, -7.0599229], [110.3063822, -7.0601412], [110.3070366, -7.0602796], [110.3082651, -7.0607907], [110.3089517, -7.0611634], [110.3098556, -7.0609052], [110.3116178, -7.0610542], [110.3112879, -7.0623293], [110.3111913, -7.0633009], [110.3115106, -7.0655022], [110.311701, -7.0664179], [110.3117761, -7.0672377], [110.31165, -7.0677594], [110.3111485, -7.068723], [110.3108507, -7.0694284], [110.3103116, -7.0712358], [110.3101453, -7.07221], [110.3101158, -7.0745657], [110.3100139, -7.0756064], [110.3089705, -7.0784811], [110.3086996, -7.0796284], [110.3086889, -7.079977], [110.308131, -7.0799877], [110.3072914, -7.0801314], [110.3071332, -7.08019], [110.3067711, -7.0804988], [110.3061944, -7.0807756], [110.3056151, -7.0809779], [110.3045958, -7.0811802], [110.304113, -7.0811429], [110.3028068, -7.0811589]]]}}, {"type": "Feature", "properties": {"name": "Purwosari", "kecamatan": "Mijen", "osm_id": 8303217}, "geometry": {"type": "Polygon", "coordinates": [[[110.3237522, -7.0718799], [110.3237414, -7.0713955], [110.3243101, -7.0713822], [110.3249189, -7.0712491], [110.3260186, -7.0707753], [110.3268233, -7.0702243], [110.3282395, -7.0696706], [110.329881, -7.0692101], [110.3335503, -7.0680416], [110.3347277, -7.0681547], [110.3347197, -7.0686165], [110.336042, -7.0688827], [110.3362432, -7.0690052], [110.3363746, -7.0691569], [110.337756, -7.0696733], [110.3378043, -7.0697292], [110.3378445, -7.0700166], [110.3385687, -7.0701737], [110.3392607, -7.0702509], [110.339663, -7.0705384], [110.3402451, -7.0704905], [110.3406689, -7.0705463], [110.3410444, -7.070762], [110.3413206, -7.0713822], [110.3415325, -7.0713928], [110.3419107, -7.0711599], [110.3422175, -7.0711367], [110.3422374, -7.0712627], [110.3423927, -7.0715066], [110.3432269, -7.0722281], [110.3434444, -7.0725165], [110.3439814, -7.0741894], [110.3448024, -7.0756335], [110.344902, -7.075883], [110.3447778, -7.0763106], [110.3447807, -7.0764475], [110.345104, -7.0766452], [110.3459224, -7.0767637], [110.3459743, -7.0768814], [110.3459654, -7.0771331], [110.3457731, -7.0775548], [110.3450283, -7.0786482], [110.3449604, -7.0792524], [110.3450033, -7.0797002], [110.3451562, -7.0799771], [110.3452752, -7.0800216], [110.3464638, -7.079808], [110.3466046, -7.0799744], [110.3467278, -7.0802472], [110.3467506, -7.0804944], [110.3465556, -7.0811125], [110.3459743, -7.0822688], [110.3455719, -7.0827799], [110.3449658, -7.0831578], [110.3445312, -7.0833521], [110.3442442, -7.0835438], [110.3441182, -7.0836849], [110.3440726, -7.0838552], [110.3441316, -7.0840628], [110.3441262, -7.084313], [110.3439411, -7.0845952], [110.3435361, -7.0849226], [110.3412616, -7.0845978], [110.3402424, -7.0846724], [110.3387189, -7.0845712], [110.3383809, -7.085407], [110.3382093, -7.0856625], [110.3379196, -7.08595], [110.3373349, -7.0859606], [110.3367126, -7.0857583], [110.3361171, -7.0856998], [110.3353983, -7.0857264], [110.3350443, -7.0858009], [110.3345561, -7.0859873], [110.334143, -7.0862375], [110.3338695, -7.0861683], [110.3334081, -7.086312], [110.3327268, -7.0866314], [110.332346, -7.0866474], [110.332067, -7.0867698], [110.3317183, -7.0868337], [110.3298783, -7.0867219], [110.329181, -7.086855], [110.3294358, -7.0866154], [110.3299105, -7.0863998], [110.3302672, -7.0860857], [110.330337, -7.08595], [110.3302029, -7.0857504], [110.329999, -7.0856572], [110.3298944, -7.0855028], [110.3300178, -7.0851568], [110.3303558, -7.084848], [110.3304094, -7.0845446], [110.3299963, -7.0841028], [110.329873, -7.0834533], [110.329771, -7.0832244], [110.3291622, -7.0839777], [110.3290281, -7.0840149], [110.3288564, -7.0839617], [110.3285372, -7.0840415], [110.3284836, -7.0841028], [110.3283709, -7.0845206], [110.32821, -7.0847096], [110.3281107, -7.0847203], [110.3275609, -7.0843796], [110.3272712, -7.0842838], [110.3260803, -7.0842944], [110.3258067, -7.0842305], [110.3255439, -7.0838526], [110.3254205, -7.0834001], [110.3254849, -7.0832217], [110.3254017, -7.0825243], [110.3255305, -7.0818536], [110.3254929, -7.0813133], [110.3253239, -7.0808262], [110.3249431, -7.0805041], [110.324707, -7.0800782], [110.3245756, -7.0799371], [110.3247124, -7.0795964], [110.3246641, -7.0794234], [110.3253561, -7.079663], [110.3256887, -7.0801181], [110.3258604, -7.0800276], [110.3264183, -7.0801927], [110.3265604, -7.0798839], [110.3246346, -7.0791759], [110.3245595, -7.0789469], [110.3246319, -7.0788485], [110.32464, -7.078553], [110.3243127, -7.0784652], [110.3243288, -7.0782389], [110.3239989, -7.0776267], [110.3240472, -7.077483], [110.3239828, -7.0773951], [110.324015, -7.077294], [110.3243315, -7.0768734], [110.3246319, -7.0767723], [110.3249645, -7.0767297], [110.3257048, -7.0767084], [110.3256297, -7.076389], [110.3255063, -7.0763091], [110.3251684, -7.0762985], [110.3251898, -7.0761228], [110.325281, -7.0759844], [110.325619, -7.0759205], [110.3256726, -7.0757927], [110.3259516, -7.075452], [110.3261286, -7.0752923], [110.3262681, -7.0752817], [110.3265792, -7.0750634], [110.3268152, -7.0746908], [110.327003, -7.0745098], [110.3269869, -7.0742542], [110.3267777, -7.073855], [110.327121, -7.0734025], [110.3271156, -7.0731735], [110.3269815, -7.0730192], [110.326826, -7.0729713], [110.3265363, -7.0730032], [110.3263003, -7.0729659], [110.3259945, -7.0727902], [110.3255922, -7.0731842], [110.3252971, -7.0732853], [110.3249055, -7.073131], [110.3246963, -7.0727104], [110.3244334, -7.0723963], [110.3239077, -7.0720822], [110.3237522, -7.0718799]]]}}, {"type": "Feature", "properties": {"name": "Plamongan Sari", "kecamatan": "Pedurungan", "osm_id": 8305404}, "geometry": {"type": "Polygon", "coordinates": [[[110.4876646, -7.0172591], [110.4924068, -7.0189682], [110.4989433, -7.0211298], [110.4988307, -7.0215052], [110.4986536, -7.022783], [110.4985356, -7.0231024], [110.4982513, -7.0235656], [110.4983479, -7.02413], [110.4980609, -7.0242897], [110.497908, -7.0244388], [110.4978543, -7.0248062], [110.4980153, -7.0250777], [110.4985812, -7.0256767], [110.4986697, -7.02569], [110.4989272, -7.025509], [110.4990453, -7.025477], [110.4992464, -7.0255409], [110.499292, -7.0258324], [110.499233, -7.0261825], [110.4991472, -7.026289], [110.4990292, -7.0263289], [110.4985303, -7.0262943], [110.4984176, -7.0263422], [110.4983506, -7.0265738], [110.4983479, -7.027029], [110.4982513, -7.0270822], [110.4977658, -7.0271834], [110.497098, -7.0271195], [110.4969639, -7.0272313], [110.4967412, -7.027628], [110.4959768, -7.0274762], [110.4957274, -7.0281071], [110.4958991, -7.028577], [110.495486, -7.0298455], [110.494751, -7.0295606], [110.4945713, -7.029558], [110.4944721, -7.0297283], [110.4941824, -7.0305695], [110.4927984, -7.0300691], [110.492388, -7.0298721], [110.4927769, -7.0287433], [110.4915673, -7.0284053], [110.4907009, -7.0280592], [110.489274, -7.027793], [110.4885364, -7.0275854], [110.488354, -7.0277211], [110.4881716, -7.0277105], [110.4879275, -7.0275827], [110.4876969, -7.0275268], [110.4874474, -7.0281125], [110.4868707, -7.0279634], [110.4866695, -7.0282988], [110.4864415, -7.0282083], [110.4854116, -7.028163], [110.484269, -7.028211], [110.483593, -7.0283361], [110.4837245, -7.0286688], [110.4837084, -7.0288286], [110.4836252, -7.0289137], [110.4832953, -7.0290016], [110.4830459, -7.0291347], [110.4830486, -7.0292971], [110.4831505, -7.0293982], [110.4832953, -7.0294408], [110.4836896, -7.0293477], [110.4840195, -7.0294009], [110.4843414, -7.0296325], [110.4844674, -7.0298455], [110.4844406, -7.0299945], [110.4843414, -7.030117], [110.4841322, -7.0301223], [110.4838425, -7.0300531], [110.483526, -7.0301649], [110.4832122, -7.0301463], [110.482842, -7.0302315], [110.4827535, -7.0303273], [110.4827321, -7.0305828], [110.482783, -7.0306946], [110.483121, -7.0308624], [110.4832497, -7.0309955], [110.4833114, -7.0310993], [110.48329, -7.0315265], [110.4834522, -7.0316676], [110.4841188, -7.0318234], [110.4847276, -7.0317115], [110.4849556, -7.0317249], [110.4850441, -7.0317808], [110.4851299, -7.0319458], [110.4849851, -7.0324968], [110.4842046, -7.0327311], [110.4838103, -7.0326193], [110.4836011, -7.032771], [110.4834509, -7.033165], [110.4835233, -7.0337347], [110.4835179, -7.0342698], [110.4835743, -7.0343363], [110.48388, -7.0342671], [110.4843414, -7.0343283], [110.484623, -7.0345014], [110.4848349, -7.0347489], [110.4848832, -7.034874], [110.4848912, -7.0350098], [110.4847839, -7.0353638], [110.4847866, -7.0356247], [110.4849717, -7.035835], [110.4855296, -7.0358696], [110.4856262, -7.0359628], [110.4856369, -7.0360586], [110.4851648, -7.0363594], [110.4850388, -7.0365218], [110.4849824, -7.0367028], [110.4850736, -7.0375227], [110.4847196, -7.0378342], [110.4843387, -7.0386567], [110.4843762, -7.0389416], [110.4843011, -7.0399159], [110.4839149, -7.0398546], [110.4837191, -7.0398014], [110.4833972, -7.0388165], [110.4829761, -7.0377623], [110.4821339, -7.0343869], [110.4818442, -7.0334818], [110.4813802, -7.031637], [110.4804736, -7.0285623], [110.4793739, -7.0244734], [110.4793713, -7.0240049], [110.4795054, -7.0225674], [110.4795805, -7.0223078], [110.4800552, -7.0214999], [110.4812032, -7.0201755], [110.4817852, -7.019663], [110.4819462, -7.0197349], [110.482091, -7.0195805], [110.4828005, -7.0186514], [110.4838184, -7.0170195], [110.4841818, -7.0169543], [110.4846941, -7.0166988], [110.4854035, -7.0167227], [110.4854585, -7.0165909], [110.4854706, -7.0162422], [110.4865864, -7.0167214], [110.4876646, -7.0172591]]]}}, {"type": "Feature", "properties": {"name": "Padangsari", "kecamatan": "Banyumanik", "osm_id": 8308192}, "geometry": {"type": "Polygon", "coordinates": [[[110.4326686, -7.0709909], [110.4327705, -7.0704106], [110.4337522, -7.0705889], [110.4342431, -7.0706235], [110.4348455, -7.0683835], [110.4370142, -7.0686756], [110.4371687, -7.0687564], [110.4374285, -7.069277], [110.4377782, -7.0696707], [110.4378747, -7.0711772], [110.4380893, -7.0714753], [110.4381484, -7.0719119], [110.4383093, -7.07221], [110.4383469, -7.0738976], [110.4385722, -7.0745044], [110.4386419, -7.0749303], [110.4384112, -7.0748319], [110.4381377, -7.0748452], [110.4378587, -7.0749303], [110.4371774, -7.0748345], [110.4357505, -7.0749011], [110.4354447, -7.0749676], [110.4353106, -7.0750687], [110.4351711, -7.0753456], [110.4351926, -7.0759312], [110.4350907, -7.0760749], [110.434868, -7.0761414], [110.4338139, -7.0760323], [110.4326338, -7.0762346], [110.4323173, -7.076389], [110.4319954, -7.0763677], [110.4313356, -7.0760536], [110.4308313, -7.0759631], [110.4304343, -7.0759578], [110.4301071, -7.0760909], [110.4295117, -7.0764635], [110.4291576, -7.0766019], [110.4287767, -7.0768308], [110.4282886, -7.0770172], [110.4278594, -7.0770491], [110.4275644, -7.0772141], [110.4273391, -7.0775974], [110.4269582, -7.077805], [110.426867, -7.077805], [110.4264969, -7.0779701], [110.4262394, -7.0781351], [110.4259658, -7.0782203], [110.4255688, -7.078215], [110.4248607, -7.0784705], [110.4246193, -7.0788272], [110.4245335, -7.0793063], [110.4238898, -7.0799398], [110.4231629, -7.0803018], [110.4230905, -7.0802592], [110.4231709, -7.0800303], [110.4231415, -7.0798493], [110.4229456, -7.0796523], [110.4211163, -7.0787686], [110.4215696, -7.0771902], [110.4215294, -7.0770464], [110.4210949, -7.0768016], [110.4209179, -7.0766232], [110.420891, -7.0765247], [110.4210278, -7.0760376], [110.4194019, -7.0755124], [110.4204538, -7.0737884], [110.4208589, -7.0729366], [110.4214784, -7.0711666], [110.4215294, -7.0699674], [110.4231039, -7.0700486], [110.4235223, -7.0701284], [110.4296806, -7.0718799], [110.4298523, -7.0712996], [110.4318586, -7.0719917], [110.4321432, -7.0708818], [110.4326686, -7.0709909]]]}}, {"type": "Feature", "properties": {"name": "Bringin", "kecamatan": "Ngaliyan", "osm_id": 8311187}, "geometry": {"type": "Polygon", "coordinates": [[[110.3307722, -6.9956363], [110.3306937, -6.995601], [110.3306791, -6.9953323], [110.3311872, -6.9955118], [110.3333759, -6.9956928], [110.3347278, -6.9956981], [110.3347331, -6.9965927], [110.3356075, -6.9966299], [110.3368091, -6.996992], [110.337882, -6.9972263], [110.3393519, -6.9973221], [110.339781, -6.9973966], [110.3416693, -6.9978439], [110.3429675, -6.9980995], [110.3436541, -6.9983125], [110.3438947, -6.9985597], [110.3433109, -6.998781], [110.342305, -6.9990259], [110.3421387, -6.9991005], [110.3419375, -6.9992868], [110.3413314, -7.0002452], [110.3407037, -7.0010492], [110.3399634, -7.0025454], [110.3394592, -7.0033121], [110.3393412, -7.0038978], [110.3391695, -7.0054365], [110.3389764, -7.00615], [110.3386974, -7.0067783], [110.3383809, -7.0072574], [110.3381771, -7.0074598], [110.3378177, -7.0079549], [110.3377587, -7.0081306], [110.3377211, -7.0085406], [110.337764, -7.0113598], [110.337815, -7.011831], [110.338341, -7.0135102], [110.3370559, -7.0135907], [110.3361306, -7.0135907], [110.3348699, -7.0133857], [110.3341323, -7.0131754], [110.3333062, -7.0131648], [110.3330514, -7.0131195], [110.3319436, -7.0127069], [110.3313884, -7.012446], [110.3303343, -7.0117086], [110.3295058, -7.0112525], [110.3268152, -7.0103775], [110.3265578, -7.010255], [110.3260964, -7.0097812], [110.3258121, -7.0095576], [110.3247097, -7.0088601], [110.3245488, -7.0087003], [110.3240392, -7.0077846], [110.3232452, -7.0070205], [110.3230923, -7.0069327], [110.3229824, -7.0065679], [110.3228563, -7.0064109], [110.3224218, -7.0061606], [110.3223494, -7.0060754], [110.3222528, -7.005748], [110.3224647, -7.0055031], [110.3222555, -7.0052395], [110.3222555, -7.0049733], [110.3226444, -7.0046632], [110.3227316, -7.0043716], [110.3230226, -7.0041826], [110.3230856, -7.0041001], [110.3231165, -7.0039164], [110.3232452, -7.0037886], [110.3236422, -7.0035703], [110.3236127, -7.0033653], [110.3233257, -7.0030113], [110.3232881, -7.0028835], [110.3239587, -7.002556], [110.3241625, -7.002202], [110.3245139, -7.0021886], [110.3249994, -7.001563], [110.3250557, -7.0013394], [110.3252354, -7.0010945], [110.3251845, -7.0008629], [110.3249028, -7.0004822], [110.3250262, -6.9996915], [110.3253964, -6.9996329], [110.3256485, -6.9993853], [110.3257129, -6.9991165], [110.3255787, -6.9985973], [110.3256083, -6.998395], [110.3260857, -6.9979131], [110.3262278, -6.9976416], [110.3262386, -6.9975298], [110.326075, -6.9973887], [110.3254876, -6.9973301], [110.3253937, -6.9972822], [110.3254205, -6.9970878], [110.3257424, -6.9962093], [110.3258711, -6.9961454], [110.3261849, -6.9960975], [110.3264478, -6.9961055], [110.3267321, -6.9962732], [110.3272605, -6.9962785], [110.3273705, -6.9962386], [110.3274241, -6.9961614], [110.3274375, -6.996007], [110.3272149, -6.9955224], [110.3272364, -6.9953414], [110.3274187, -6.9949927], [110.3277728, -6.9946492], [110.3280627, -6.9942666], [110.3283522, -6.9943604], [110.3284085, -6.9944456], [110.3284018, -6.9946133], [110.3282167, -6.9949301], [110.3283294, -6.9951777], [110.3287545, -6.995372], [110.3293593, -6.9953387], [110.3294398, -6.9954878], [110.3294586, -6.9957314], [110.3295457, -6.9959604], [110.3297348, -6.9960176], [110.3301626, -6.9958925], [110.3303397, -6.995983], [110.3304309, -6.995979], [110.3306428, -6.9958592], [110.3307722, -6.9956363]]]}}, {"type": "Feature", "properties": {"name": "Kandri", "kecamatan": "Gunungpati", "osm_id": 8312344}, "geometry": {"type": "Polygon", "coordinates": [[[110.3468168, -7.0356543], [110.3471587, -7.0357], [110.3473487, -7.03579], [110.347887, -7.0362251], [110.3484593, -7.0364735], [110.3488446, -7.0365565], [110.3490207, -7.0366448], [110.3490315, -7.0368098], [110.3486677, -7.0370899], [110.3483479, -7.0374195], [110.3482758, -7.037744], [110.3483803, -7.0378816], [110.3485343, -7.0379589], [110.3489086, -7.038009], [110.3490739, -7.0379761], [110.3495481, -7.0375147], [110.3502019, -7.0365722], [110.3505002, -7.0359179], [110.3509122, -7.0346395], [110.351278, -7.0341784], [110.3523472, -7.0334026], [110.3526131, -7.0327206], [110.3528465, -7.0326075], [110.3533074, -7.0324915], [110.3534791, -7.0323238], [110.3536742, -7.0318413], [110.3537983, -7.0317728], [110.3539526, -7.0318], [110.3541892, -7.0319381], [110.3549233, -7.0326295], [110.3550924, -7.0329094], [110.3554727, -7.0332335], [110.3557965, -7.0332715], [110.3565691, -7.0330655], [110.356923, -7.0329148], [110.3574434, -7.0325022], [110.3575929, -7.0323109], [110.3576444, -7.0318268], [110.3575212, -7.0316077], [110.3570692, -7.0310906], [110.3569164, -7.0307614], [110.3568927, -7.0305877], [110.3569365, -7.0304923], [110.3571957, -7.0305093], [110.3577167, -7.0307619], [110.358167, -7.0308344], [110.3586584, -7.0307692], [110.359038, -7.0304977], [110.3593451, -7.0303764], [110.3594367, -7.0306443], [110.3594934, -7.0312725], [110.3594665, -7.0328211], [110.3596699, -7.0330909], [110.3599174, -7.0332508], [110.3607183, -7.0335077], [110.3608777, -7.0336674], [110.3608169, -7.0338599], [110.3607012, -7.0338982], [110.3603653, -7.0339088], [110.3594565, -7.0340946], [110.3593848, -7.034199], [110.3594396, -7.0343861], [110.3599181, -7.0348158], [110.36013, -7.0348739], [110.3603055, -7.0353417], [110.3601787, -7.0354461], [110.3590995, -7.0354226], [110.3589893, -7.035527], [110.3588843, -7.0357964], [110.3589006, -7.0359504], [110.3590352, -7.0361899], [110.3596942, -7.0367112], [110.359863, -7.0369437], [110.3598416, -7.0371409], [110.3596372, -7.0371899], [110.3592046, -7.0371363], [110.3590502, -7.0372351], [110.3589203, -7.0376393], [110.358661, -7.038002], [110.3586388, -7.0381285], [110.3587982, -7.0383323], [110.3589522, -7.0384425], [110.3591284, -7.0384757], [110.3592053, -7.0385914], [110.3590421, -7.0391715], [110.3591625, -7.0396888], [110.3589196, -7.0401395], [110.3588255, -7.0405245], [110.3607719, -7.0414308], [110.3605304, -7.041829], [110.360439, -7.0421641], [110.3605703, -7.0429917], [110.3605369, -7.0433312], [110.3602804, -7.0439114], [110.360348, -7.0454733], [110.3607229, -7.0460492], [110.3607337, -7.0461807], [110.3606896, -7.0463559], [110.3602504, -7.046695], [110.3600966, -7.0469577], [110.35987, -7.0476196], [110.3598041, -7.0482884], [110.3596613, -7.0485183], [110.3594307, -7.0487261], [110.3593531, -7.0490112], [110.3592895, -7.049649], [110.3593688, -7.0500877], [110.3593053, -7.0506059], [110.3592358, -7.0508896], [110.3589828, -7.0514261], [110.3591019, -7.0521948], [110.3588713, -7.0524391], [110.3586371, -7.0525902], [110.3584561, -7.0530447], [110.3588835, -7.0534161], [110.35936, -7.0537342], [110.3594056, -7.0539311], [110.3593819, -7.0540445], [110.3595722, -7.0543663], [110.3596268, -7.0546562], [110.3601307, -7.055375], [110.3601141, -7.0559524], [110.3597506, -7.0558079], [110.3592357, -7.0564508], [110.359311, -7.0569095], [110.3596444, -7.0571568], [110.3598203, -7.0574793], [110.3596292, -7.0581897], [110.3594662, -7.0585787], [110.3594303, -7.0588131], [110.3595199, -7.0588209], [110.3597157, -7.0587384], [110.3602633, -7.0584319], [110.360636, -7.0585461], [110.360054, -7.0599795], [110.3598079, -7.0602698], [110.3595435, -7.0607014], [110.3592038, -7.0610479], [110.358732, -7.0631455], [110.3585131, -7.0637105], [110.3581726, -7.0649903], [110.358294, -7.0653738], [110.35805, -7.0655602], [110.3578787, -7.0655714], [110.3574681, -7.0650687], [110.3572627, -7.0649429], [110.3565203, -7.0649076], [110.356075, -7.0647701], [110.3557555, -7.06453], [110.3547739, -7.0639809], [110.3544769, -7.0639805], [110.3541109, -7.0643109], [110.3539162, -7.0646872], [110.3537973, -7.065095], [110.3492387, -7.0649986], [110.3491545, -7.0649361], [110.3497004, -7.0640564], [110.3499806, -7.0635026], [110.3500006, -7.0632326], [110.349898, -7.0623112], [110.3497599, -7.0591885], [110.3496306, -7.0584126], [110.3488806, -7.0575026], [110.3485406, -7.0567626], [110.3483206, -7.0564026], [110.3480906, -7.0557726], [110.3480206, -7.0554226], [110.3481206, -7.0546426], [110.3477106, -7.0534326], [110.3477606, -7.0530726], [110.3480006, -7.0527126], [110.3483306, -7.0523926], [110.3488206, -7.0517926], [110.3495406, -7.0514926], [110.3495906, -7.0511926], [110.3495106, -7.0506926], [110.3495266, -7.0501571], [110.3494285, -7.0497724], [110.3494798, -7.0493423], [110.349404, -7.049241], [110.3494465, -7.0490049], [110.3493792, -7.0488699], [110.3491092, -7.0487092], [110.3490165, -7.0485657], [110.349136, -7.0476634], [110.348959, -7.0474607], [110.3485457, -7.0471565], [110.3477948, -7.0467928], [110.3477148, -7.0466535], [110.3477742, -7.0464849], [110.34769, -7.0462992], [110.3473106, -7.0459529], [110.3473284, -7.0453119], [110.3465939, -7.0452603], [110.3465013, -7.0450577], [110.3465358, -7.0445517], [110.3464477, -7.0441762], [110.3465491, -7.044092], [110.3468838, -7.0442662], [110.3472306, -7.0443326], [110.347262, -7.0443012], [110.3470979, -7.0440844], [110.3470981, -7.0439663], [110.3469211, -7.043772], [110.3468707, -7.0435611], [110.3469298, -7.043519], [110.347048, -7.043536], [110.3472925, -7.0437726], [110.3473938, -7.043798], [110.3474024, -7.0436546], [110.3476308, -7.0433513], [110.3476901, -7.0431827], [110.3476951, -7.0426433], [110.3476306, -7.0426326], [110.3476298, -7.0424966], [110.3475983, -7.0424741], [110.3474883, -7.0426173], [110.3473617, -7.042634], [110.3472943, -7.0425243], [110.3474721, -7.0421618], [110.3475613, -7.0417107], [110.3472543, -7.0414049], [110.3473003, -7.0412296], [110.3472498, -7.0411114], [110.3466367, -7.0410178], [110.34665, -7.0407646], [110.3468266, -7.0404512], [110.3470148, -7.0397474], [110.3470374, -7.0393678], [110.3468395, -7.039109], [110.3462371, -7.0387093], [110.3461162, -7.0385826], [110.3459404, -7.0383018], [110.345913, -7.0381808], [110.3459245, -7.0378452], [110.346046, -7.0375813], [110.3463189, -7.0373479], [110.3464745, -7.0362974], [110.3466404, -7.0357861], [110.3468168, -7.0356543]]]}}, {"type": "Feature", "properties": {"name": "Plalangan", "kecamatan": "Gunungpati", "osm_id": 8312449}, "geometry": {"type": "Polygon", "coordinates": [[[110.3633359, -7.0895286], [110.3639113, -7.089545], [110.3643116, -7.0894846], [110.3645503, -7.0893582], [110.3646569, -7.0891107], [110.3646576, -7.0886129], [110.3642258, -7.087515], [110.3641231, -7.0871368], [110.36403, -7.086586], [110.3640136, -7.0859993], [110.3640582, -7.0856676], [110.3644419, -7.0849277], [110.3643827, -7.0847415], [110.3645859, -7.0840931], [110.3647187, -7.0833106], [110.3649017, -7.083026], [110.3656621, -7.0830952], [110.3659598, -7.0830712], [110.3665326, -7.0833054], [110.3668718, -7.0831617], [110.3670647, -7.0825101], [110.3670772, -7.0819063], [110.367309, -7.0818894], [110.3674874, -7.0819534], [110.3678952, -7.0819245], [110.3683356, -7.0814611], [110.3688647, -7.0815207], [110.3690067, -7.0815876], [110.3693005, -7.081735], [110.3697072, -7.0821165], [110.37046, -7.0812187], [110.370788, -7.0805036], [110.3714912, -7.0800273], [110.3720643, -7.0801439], [110.3722562, -7.0802287], [110.372357, -7.0810729], [110.3720807, -7.0811692], [110.3720093, -7.0812877], [110.3720088, -7.0816463], [110.3718677, -7.0817101], [110.3719061, -7.081787], [110.3721111, -7.0818769], [110.3721877, -7.0820562], [110.3721874, -7.0822611], [110.3721103, -7.0824019], [110.3715589, -7.0826316], [110.3714818, -7.0827596], [110.3716354, -7.0828878], [110.3718404, -7.0829521], [110.3718402, -7.0830802], [110.3719555, -7.0831828], [110.3719553, -7.0833108], [110.3718655, -7.0833491], [110.3718781, -7.0835156], [110.3719293, -7.0835797], [110.3718139, -7.0835923], [110.3717625, -7.0836947], [110.3717623, -7.0838355], [110.3718264, -7.0838484], [110.3718775, -7.0840022], [110.371941, -7.0843864], [110.3720945, -7.0846299], [110.3723123, -7.0847454], [110.3726806, -7.0846754], [110.3729611, -7.0849306], [110.3736093, -7.0858413], [110.3737387, -7.0865311], [110.3730341, -7.0865455], [110.37284, -7.0866436], [110.3724329, -7.087229], [110.3724069, -7.0874087], [110.3725163, -7.0875304], [110.372608, -7.0877428], [110.3726095, -7.0880118], [110.3728045, -7.0881347], [110.3727225, -7.0884256], [110.3728685, -7.0886466], [110.3729016, -7.0888293], [110.3728704, -7.0892063], [110.3729792, -7.0892216], [110.3731729, -7.0893405], [110.3733698, -7.089004], [110.3736848, -7.0890943], [110.3738406, -7.0892482], [110.3739036, -7.0896992], [110.3739972, -7.0898158], [110.3742857, -7.0899276], [110.3747109, -7.0899876], [110.3746224, -7.0909621], [110.3746652, -7.0913459], [110.3746249, -7.0916309], [110.3744232, -7.0919779], [110.3744892, -7.0921917], [110.3746927, -7.0922971], [110.3748465, -7.0922845], [110.3750772, -7.0923488], [110.3753161, -7.092282], [110.3755452, -7.0925164], [110.3759959, -7.0928388], [110.3762084, -7.093045], [110.3764338, -7.0933768], [110.3764311, -7.0936467], [110.3765347, -7.0938452], [110.3768844, -7.0939895], [110.3770731, -7.0942416], [110.3771241, -7.0946765], [110.377261, -7.094829], [110.3777503, -7.0947166], [110.3783741, -7.0946736], [110.378605, -7.0947046], [110.378737, -7.0951612], [110.3792508, -7.0954898], [110.3793857, -7.0954438], [110.3795694, -7.0956353], [110.3795244, -7.0957347], [110.3797686, -7.0960762], [110.3798577, -7.0965245], [110.3795895, -7.0969356], [110.3796256, -7.0971914], [110.3795419, -7.0977228], [110.3798578, -7.0978882], [110.3801069, -7.097854], [110.3803049, -7.0976263], [110.3803946, -7.0976264], [110.3804697, -7.0977034], [110.3804927, -7.0976727], [110.3805611, -7.0977803], [110.3801498, -7.0985865], [110.3799189, -7.0986886], [110.3799059, -7.098855], [110.3799442, -7.0989575], [110.3801363, -7.0991115], [110.3801296, -7.0992971], [110.3800012, -7.0994634], [110.3799369, -7.0996682], [110.3799751, -7.0998219], [110.3801032, -7.0998861], [110.3803078, -7.1002705], [110.3803329, -7.1006931], [110.3802171, -7.1009747], [110.3801525, -7.1013843], [110.3804687, -7.1014232], [110.380618, -7.1015891], [110.3806403, -7.1018487], [110.3805981, -7.1019996], [110.380338, -7.1022391], [110.3798513, -7.1022383], [110.3797762, -7.1023879], [110.3798048, -7.1025491], [110.3797642, -7.1027219], [110.3794836, -7.1031121], [110.3793421, -7.1034325], [110.3791313, -7.1034781], [110.3788582, -7.103457], [110.3787656, -7.1030904], [110.378938, -7.1021808], [110.3789017, -7.1015925], [110.3790287, -7.1012923], [110.3792829, -7.1013043], [110.3793954, -7.1014479], [110.3795678, -7.1014764], [110.3796057, -7.10134], [110.3795009, -7.1010391], [110.379303, -7.1009588], [110.3791723, -7.1006946], [110.3785035, -7.1005073], [110.3781916, -7.1001197], [110.3780105, -7.100059], [110.3777236, -7.0998531], [110.3776192, -7.0996351], [110.3776289, -7.0993699], [110.377768, -7.0990911], [110.3779182, -7.0986114], [110.3779461, -7.0984026], [110.3778758, -7.0982692], [110.3775613, -7.0986594], [110.3772406, -7.0987435], [110.3770107, -7.0986535], [110.3766416, -7.0979691], [110.3764541, -7.097807], [110.3762959, -7.0975128], [110.3764948, -7.0969421], [110.3761446, -7.095619], [110.3763786, -7.0948218], [110.3762827, -7.094551], [110.3760735, -7.0944283], [110.3753211, -7.0944052], [110.3749671, -7.0945223], [110.3746102, -7.0948365], [110.3746023, -7.09543], [110.3747552, -7.0962287], [110.3750019, -7.0962737], [110.374971, -7.0964658], [110.3740632, -7.0962258], [110.3733706, -7.0959192], [110.3732808, -7.0961262], [110.3733229, -7.0964254], [110.373111, -7.0968752], [110.373202, -7.0973469], [110.3731333, -7.0976706], [110.3731834, -7.0979106], [110.3734214, -7.0982827], [110.3733581, -7.0985224], [110.3733469, -7.0988889], [110.3731777, -7.0990715], [110.3729671, -7.099652], [110.3727542, -7.1000905], [110.3726335, -7.1002236], [110.3726523, -7.1004126], [110.3727282, -7.1005581], [110.3734203, -7.1007609], [110.3733242, -7.1016882], [110.3730157, -7.1026968], [110.373542, -7.102973], [110.3734997, -7.1041257], [110.3738065, -7.1043496], [110.373867, -7.1048058], [110.3731821, -7.1057919], [110.372686, -7.1063082], [110.3721657, -7.1066564], [110.3717664, -7.1072988], [110.37124, -7.107497], [110.3705429, -7.1066205], [110.3700468, -7.1067826], [110.3696754, -7.1074236], [110.3698025, -7.1077658], [110.3702199, -7.108078], [110.3704135, -7.1083481], [110.3702048, -7.1086795], [110.3692863, -7.1074756], [110.3687525, -7.1072552], [110.3684137, -7.1074056], [110.3678839, -7.1073903], [110.3673845, -7.107229], [110.3673158, -7.1074249], [110.3662117, -7.1066869], [110.3659958, -7.1066821], [110.3650418, -7.1063953], [110.3647951, -7.1057803], [110.3637567, -7.1047055], [110.363679, -7.104678], [110.3634998, -7.1043797], [110.3634053, -7.1035941], [110.3634165, -7.1031855], [110.3634968, -7.1027452], [110.3647985, -7.102514], [110.3650185, -7.102564], [110.3653243, -7.1027106], [110.3658885, -7.102654], [110.3660985, -7.102374], [110.3665285, -7.100824], [110.3666085, -7.100644], [110.3668085, -7.100464], [110.3667231, -7.1002874], [110.3662334, -7.0997826], [110.3660948, -7.0992178], [110.3658244, -7.0986355], [110.3650196, -7.0978308], [110.3645363, -7.0975658], [110.3640762, -7.0972444], [110.3640819, -7.096925], [110.3639093, -7.0966989], [110.3638326, -7.0965004], [110.3634126, -7.0963449], [110.3634722, -7.0961357], [110.3636706, -7.0957977], [110.363514, -7.09526], [110.363116, -7.0950699], [110.3627023, -7.094623], [110.3620947, -7.0941479], [110.3617997, -7.0938325], [110.3614368, -7.0935469], [110.3612204, -7.0932479], [110.3611439, -7.0925455], [110.3612487, -7.0923783], [110.3616981, -7.0920165], [110.3617192, -7.0918615], [110.3617086, -7.0912692], [110.3611966, -7.0903947], [110.3611882, -7.090174], [110.362316, -7.0895844], [110.3624278, -7.089582], [110.3626184, -7.0897124], [110.3628015, -7.0897601], [110.3630067, -7.0896004], [110.3633359, -7.0895286]]]}}, {"type": "Feature", "properties": {"name": "Pongangan", "kecamatan": "Gunungpati", "osm_id": 8312471}, "geometry": {"type": "Polygon", "coordinates": [[[110.3601307, -7.055375], [110.3596268, -7.0546562], [110.3595722, -7.0543663], [110.3593819, -7.0540445], [110.3594056, -7.0539311], [110.35936, -7.0537342], [110.3588835, -7.0534161], [110.3584561, -7.0530447], [110.3586371, -7.0525902], [110.3588713, -7.0524391], [110.3591019, -7.0521948], [110.3589828, -7.0514261], [110.3592358, -7.0508896], [110.3593053, -7.0506059], [110.3593688, -7.0500877], [110.3592895, -7.049649], [110.3593531, -7.0490112], [110.3594307, -7.0487261], [110.3596613, -7.0485183], [110.3598041, -7.0482884], [110.35987, -7.0476196], [110.3600966, -7.0469577], [110.3602504, -7.046695], [110.3606896, -7.0463559], [110.3607337, -7.0461807], [110.3607229, -7.0460492], [110.360348, -7.0454733], [110.3602804, -7.0439114], [110.3605369, -7.0433312], [110.3605703, -7.0429917], [110.360439, -7.0421641], [110.3605304, -7.041829], [110.3607719, -7.0414308], [110.3609757, -7.0416054], [110.36136, -7.0416575], [110.3617143, -7.0415536], [110.3620217, -7.041664], [110.363167, -7.0425584], [110.3636555, -7.0425813], [110.3645784, -7.0428213], [110.365156, -7.042886], [110.3665046, -7.0424799], [110.3676084, -7.0427913], [110.3681479, -7.0434395], [110.3684426, -7.0439425], [110.3683383, -7.0443419], [110.368369, -7.0445957], [110.3682437, -7.0447565], [110.3683421, -7.0448887], [110.3686235, -7.0450185], [110.3687171, -7.0449746], [110.3686952, -7.0448866], [110.3687924, -7.0446688], [110.3688773, -7.0446338], [110.3689543, -7.0446504], [110.3689652, -7.0447384], [110.3688884, -7.0449313], [110.3690447, -7.0449545], [110.3691687, -7.0449092], [110.3692847, -7.0446453], [110.369428, -7.044585], [110.3695733, -7.0447947], [110.3698075, -7.0448991], [110.3698574, -7.0446406], [110.3701989, -7.044553], [110.3704025, -7.0446853], [110.3708135, -7.0446789], [110.3708791, -7.0444192], [110.3710389, -7.0443369], [110.3712427, -7.0443426], [110.3713421, -7.0441282], [110.371733, -7.0441618], [110.372014, -7.0440026], [110.3720417, -7.0438816], [110.3719978, -7.043766], [110.3717889, -7.0435237], [110.3717781, -7.0433697], [110.3723286, -7.0434914], [110.3726155, -7.0430242], [110.3727533, -7.0429419], [110.3728855, -7.0429421], [110.373132, -7.0430932], [110.3732736, -7.0430508], [110.3733756, -7.0428767], [110.3739705, -7.042707], [110.3744478, -7.0419787], [110.3745281, -7.041974], [110.3746448, -7.0418741], [110.3747125, -7.0416985], [110.3754668, -7.0413436], [110.3759271, -7.0413343], [110.376274, -7.0411386], [110.3764123, -7.0409266], [110.3763409, -7.0407722], [110.376547, -7.0404872], [110.3765149, -7.0403586], [110.3768124, -7.0402215], [110.3770701, -7.0401792], [110.3769673, -7.0399061], [110.3766881, -7.0396542], [110.376585, -7.0393933], [110.3766622, -7.0392999], [110.3770091, -7.0392948], [110.3771304, -7.0391795], [110.3771801, -7.0390475], [110.3769934, -7.0386952], [110.3771535, -7.0384038], [110.3771371, -7.0383158], [110.377231, -7.0380354], [110.3777593, -7.0375365], [110.3778712, -7.0377811], [110.3780457, -7.0379144], [110.3783362, -7.0380408], [110.3786637, -7.0379749], [110.3787221, -7.038229], [110.3789044, -7.0382982], [110.3790138, -7.0385404], [110.3789665, -7.0388065], [110.3784506, -7.0394242], [110.3779391, -7.0396361], [110.3777225, -7.0398005], [110.3775494, -7.0401908], [110.377612, -7.040698], [110.3780044, -7.0413305], [110.3784594, -7.0418542], [110.3783886, -7.0422109], [110.3781931, -7.042347], [110.3775416, -7.0421482], [110.377199, -7.0422073], [110.3763097, -7.0429228], [110.3763288, -7.0434607], [110.376535, -7.0442078], [110.3765444, -7.0444141], [110.3763096, -7.0446686], [110.376241, -7.0449128], [110.3755055, -7.0451208], [110.374379, -7.0449824], [110.3742802, -7.0451462], [110.3742289, -7.0461733], [110.3743166, -7.0466228], [110.3744541, -7.0469256], [110.3744173, -7.0473092], [110.3741542, -7.0477829], [110.3738849, -7.0479612], [110.3732351, -7.0479901], [110.3726892, -7.0488156], [110.3722885, -7.0492598], [110.3718117, -7.0496359], [110.3718828, -7.0502162], [110.3721674, -7.0504299], [110.3723099, -7.0507637], [110.3719657, -7.0519536], [110.3717668, -7.0520861], [110.3718523, -7.05294], [110.3719715, -7.0532109], [110.3724629, -7.0532562], [110.3726003, -7.0533545], [110.372633, -7.0536422], [110.3723866, -7.0543216], [110.3723465, -7.0546408], [110.3721834, -7.0548226], [110.3719375, -7.0553916], [110.3720783, -7.0555691], [110.3716652, -7.0561665], [110.371683, -7.0563501], [110.3721538, -7.0568973], [110.3729003, -7.057147], [110.3733311, -7.0571859], [110.3735653, -7.0573918], [110.3733541, -7.0578507], [110.3730566, -7.0583381], [110.3730368, -7.0588067], [110.373161, -7.0590652], [110.3735149, -7.0592761], [110.3738114, -7.0595538], [110.3739018, -7.0599796], [110.3733451, -7.0609449], [110.3731816, -7.0615377], [110.3732002, -7.0619395], [110.3731271, -7.0625418], [110.3721872, -7.0625486], [110.371742, -7.0626018], [110.3712967, -7.062506], [110.3709963, -7.0626711], [110.370299, -7.0627456], [110.3700951, -7.0631875], [110.3692349, -7.0633399], [110.3692099, -7.0637655], [110.3675797, -7.0641096], [110.3675219, -7.0637961], [110.367349, -7.0634263], [110.3669497, -7.0631136], [110.3664782, -7.0625112], [110.3660948, -7.0623113], [110.3654324, -7.0622035], [110.3652645, -7.0620167], [110.3650639, -7.0611223], [110.3647357, -7.0612362], [110.3634061, -7.0602811], [110.3633496, -7.0599123], [110.3633522, -7.0594739], [110.3633145, -7.0594342], [110.3629953, -7.0593171], [110.3628371, -7.0594236], [110.3626171, -7.0593916], [110.3623221, -7.0592159], [110.3617749, -7.0591441], [110.360636, -7.0585461], [110.3602633, -7.0584319], [110.3597157, -7.0587384], [110.3595199, -7.0588209], [110.3594303, -7.0588131], [110.3594662, -7.0585787], [110.3596292, -7.0581897], [110.3598203, -7.0574793], [110.3596444, -7.0571568], [110.359311, -7.0569095], [110.3592357, -7.0564508], [110.3597506, -7.0558079], [110.3601141, -7.0559524], [110.3601307, -7.055375]]]}}, {"type": "Feature", "properties": {"name": "Pedalangan", "kecamatan": "Banyumanik", "osm_id": 8314673}, "geometry": {"type": "Polygon", "coordinates": [[[110.4327705, -7.0704106], [110.4326686, -7.0709909], [110.4321432, -7.0708818], [110.4318586, -7.0719917], [110.4298523, -7.0712996], [110.4296806, -7.0718799], [110.4235223, -7.0701284], [110.4231039, -7.0700486], [110.4223073, -7.0699847], [110.4209903, -7.0699314], [110.4210265, -7.0694084], [110.4213282, -7.0693658], [110.4214986, -7.069282], [110.4215475, -7.0691882], [110.4215281, -7.0690504], [110.421347, -7.0688947], [110.4213135, -7.0687629], [110.4213886, -7.0685207], [110.4215066, -7.0686192], [110.4217158, -7.0686165], [110.4219921, -7.0687137], [110.4221302, -7.0688667], [110.4223247, -7.0688548], [110.4224373, -7.0687722], [110.4227404, -7.0686778], [110.4229872, -7.0688521], [110.4234458, -7.0686644], [110.4238173, -7.0682213], [110.4241419, -7.0684236], [110.4242626, -7.0684382], [110.4245362, -7.0682079], [110.4245885, -7.0677967], [110.4248165, -7.0676969], [110.4248419, -7.0675864], [110.4248017, -7.0675026], [110.4237878, -7.0666282], [110.4237476, -7.0665004], [110.4237664, -7.0664152], [110.423938, -7.0662795], [110.4238415, -7.0660559], [110.4238656, -7.0658429], [110.4242089, -7.065433], [110.4243994, -7.0653106], [110.4246998, -7.0652254], [110.4259336, -7.0649485], [110.4262206, -7.0650736], [110.4263279, -7.0652493], [110.4263654, -7.0655102], [110.4264244, -7.0655661], [110.4266685, -7.0654942], [110.4268093, -7.0655315], [110.4273806, -7.0654969], [110.4274906, -7.0654237], [110.4276596, -7.0651588], [110.4276435, -7.0647542], [110.4256922, -7.0643044], [110.42371, -7.0636655], [110.4229832, -7.06341], [110.420706, -7.0623506], [110.4210734, -7.0613337], [110.4214007, -7.060237], [110.4215348, -7.0592681], [110.4214704, -7.0584589], [110.4212612, -7.0575752], [110.4227033, -7.056865], [110.4236382, -7.0565255], [110.4241997, -7.0561558], [110.4299829, -7.0533779], [110.43068, -7.05396], [110.43081, -7.05401], [110.432125, -7.0540149], [110.4326135, -7.0551564], [110.4331574, -7.0559968], [110.4333888, -7.0565621], [110.434003, -7.0575503], [110.4345455, -7.0580919], [110.4352024, -7.0585073], [110.43538, -7.0591], [110.4354576, -7.0595867], [110.43574, -7.0615018], [110.4357961, -7.0623927], [110.4360082, -7.0628514], [110.4361509, -7.0629954], [110.4363896, -7.0631321], [110.4373161, -7.0634727], [110.4378731, -7.0636042], [110.4381149, -7.06376], [110.438152, -7.0638353], [110.4381355, -7.0644564], [110.4381997, -7.0650065], [110.4381768, -7.0657158], [110.4377353, -7.0660656], [110.4367912, -7.0662466], [110.4360848, -7.0667122], [110.4355747, -7.0671853], [110.4352045, -7.0676884], [110.4349184, -7.0681747], [110.4344577, -7.0697185], [110.4342431, -7.0706235], [110.4337522, -7.0705889], [110.4327705, -7.0704106]]]}}, {"type": "Feature", "properties": {"name": "Sendangmulyo", "kecamatan": "Tembalang", "osm_id": 8322991}, "geometry": {"type": "MultiPolygon", "coordinates": [[[[110.4671256, -7.0432733], [110.4668896, -7.0428004], [110.4672497, -7.0423486], [110.4673451, -7.0416398], [110.46824, -7.0398391], [110.4683705, -7.0394848], [110.4683954, -7.0383624], [110.4683019, -7.0374171], [110.4683743, -7.0363511], [110.4676412, -7.0360577], [110.4675823, -7.0358568], [110.4676311, -7.0345099], [110.4674831, -7.0342349], [110.4675113, -7.0328947], [110.4663891, -7.0327422], [110.4664469, -7.0322815], [110.4661869, -7.0320922], [110.4666842, -7.031561], [110.4667556, -7.0311594], [110.4667333, -7.0300015], [110.4667694, -7.0294463], [110.4664394, -7.0284417], [110.4659073, -7.0283938], [110.4655881, -7.0283107], [110.46495, -7.0279437], [110.4645512, -7.027844], [110.4645185, -7.0276318], [110.4646465, -7.0274633], [110.4651441, -7.0256595], [110.4654586, -7.024831], [110.4655303, -7.0247437], [110.4658696, -7.0246446], [110.4660635, -7.02449], [110.4661515, -7.0243145], [110.4681059, -7.0251153], [110.4691376, -7.025485], [110.4697292, -7.0257835], [110.4701634, -7.0261197], [110.4704695, -7.0267116], [110.471056, -7.0270339], [110.47115, -7.0276585], [110.471401, -7.0278392], [110.4718957, -7.0278683], [110.4724973, -7.0277137], [110.473127, -7.0277674], [110.4735692, -7.0276515], [110.4748955, -7.0279077], [110.4760427, -7.0277791], [110.4769892, -7.0274493], [110.4774983, -7.0269064], [110.478185, -7.0258187], [110.4786131, -7.0262307], [110.4790738, -7.0269381], [110.4791817, -7.0282429], [110.4791505, -7.0287039], [110.4793142, -7.0290593], [110.4794025, -7.0295307], [110.4796824, -7.0298726], [110.4797539, -7.0301698], [110.4797466, -7.0305728], [110.4799239, -7.0309896], [110.4801312, -7.0321271], [110.4805978, -7.0336953], [110.480707, -7.0338457], [110.4808321, -7.0351197], [110.4809753, -7.0354204], [110.481385, -7.0359263], [110.4814087, -7.0361006], [110.481203, -7.0365785], [110.481196, -7.0367492], [110.481271, -7.0369679], [110.4813939, -7.037091], [110.482019, -7.0375186], [110.4821515, -7.0379378], [110.4820559, -7.0381914], [110.4810914, -7.0394858], [110.4812676, -7.0398294], [110.4815129, -7.0401002], [110.4823865, -7.0405616], [110.4831334, -7.040638], [110.4840559, -7.0406224], [110.4840697, -7.0410557], [110.4839805, -7.0412946], [110.4835765, -7.0418202], [110.4834667, -7.0422162], [110.4835349, -7.0423802], [110.4836852, -7.0424897], [110.4842115, -7.0426405], [110.4847855, -7.0429144], [110.4851576, -7.0433417], [110.4852258, -7.0435194], [110.4852393, -7.0436765], [110.4851983, -7.0437243], [110.4850614, -7.0438402], [110.4848152, -7.0438809], [110.4827711, -7.0436601], [110.4823814, -7.0436733], [110.4818376, -7.0438879], [110.4816802, -7.0440175], [110.4815775, -7.044195], [110.4815773, -7.0443794], [110.4816795, -7.0446391], [110.4820074, -7.0448785], [110.4826771, -7.0452549], [110.4829299, -7.045344], [110.4835162, -7.0454076], [110.4840957, -7.0453805], [110.4842152, -7.0454274], [110.4842972, -7.0455436], [110.4842969, -7.045728], [110.4840437, -7.0459395], [110.4831001, -7.0460682], [110.48297, -7.0462184], [110.4829697, -7.0465121], [110.4830448, -7.0465941], [110.483202, -7.0466216], [110.4834304, -7.0465914], [110.4835162, -7.0466669], [110.4840263, -7.046694], [110.4839606, -7.0469572], [110.4836182, -7.0474554], [110.4833507, -7.0481587], [110.4833436, -7.0484046], [110.4834939, -7.048514], [110.4839816, -7.0486935], [110.4845072, -7.048808], [110.4852227, -7.0494108], [110.4857895, -7.0500808], [110.4859137, -7.0519704], [110.485876, -7.0522188], [110.4854459, -7.0528591], [110.4853807, -7.053201], [110.4852915, -7.0533822], [110.4850186, -7.0533927], [110.4842998, -7.0532942], [110.4839431, -7.0530387], [110.4838606, -7.05283], [110.4839171, -7.0526683], [110.4847879, -7.0522675], [110.4851018, -7.0519247], [110.4851796, -7.0517399], [110.4846835, -7.0512336], [110.4839287, -7.0510213], [110.4830331, -7.0509999], [110.4828757, -7.0510885], [110.4826703, -7.0513273], [110.4825743, -7.0515595], [110.482581, -7.0517371], [110.482881, -7.0525229], [110.4828671, -7.0526458], [110.4827918, -7.0527209], [110.4826756, -7.0527549], [110.4824432, -7.0526454], [110.4819237, -7.0525833], [110.481527, -7.0526648], [110.4812191, -7.0528558], [110.4810617, -7.0530264], [110.48073, -7.053554], [110.4804223, -7.0534199], [110.4792961, -7.0532252], [110.4740834, -7.0515947], [110.4738116, -7.0513581], [110.4735636, -7.0510152], [110.4734458, -7.0506488], [110.4732293, -7.0505764], [110.471678, -7.0503741], [110.4710263, -7.0491583], [110.4686308, -7.0455375], [110.4678754, -7.0442843], [110.4671256, -7.0432733]]], [[[110.4758919, -7.0251909], [110.4764368, -7.0258242], [110.4764327, -7.025956], [110.4764985, -7.0261104], [110.4762275, -7.0262907], [110.4758839, -7.0261173], [110.4753763, -7.0256105], [110.4758919, -7.0251909]]]]}}, {"type": "Feature", "properties": {"name": "Karanganyar", "kecamatan": "Tugu", "osm_id": 8323227}, "geometry": {"type": "Polygon", "coordinates": [[[110.3296423, -6.9762048], [110.3303075, -6.9746287], [110.3319275, -6.9714818], [110.3323299, -6.9715989], [110.3324157, -6.9713966], [110.3334081, -6.97178], [110.3336817, -6.971157], [110.3342235, -6.9707576], [110.3348458, -6.9699269], [110.3351033, -6.9695063], [110.3353715, -6.9692187], [110.3358597, -6.9684413], [110.3366965, -6.9673977], [110.3368735, -6.9669983], [110.3373134, -6.9646873], [110.3382844, -6.9622645], [110.338676, -6.9600707], [110.3388798, -6.9586117], [110.3387987, -6.9584946], [110.3447712, -6.960217], [110.3477591, -6.9546101], [110.3542006, -6.9536701], [110.353868, -6.95547], [110.3533208, -6.956684], [110.3520119, -6.9585904], [110.3517705, -6.95883], [110.3512824, -6.9591441], [110.3508586, -6.9596287], [110.3507271, -6.9597086], [110.350644, -6.9597059], [110.350424, -6.9595861], [110.3501129, -6.9595062], [110.3499922, -6.9595888], [110.3500217, -6.9599988], [110.349952, -6.9601985], [110.3498554, -6.9602517], [110.3492224, -6.9601346], [110.3490937, -6.9604115], [110.3490829, -6.9609014], [110.3489327, -6.961338], [110.3484714, -6.9623178], [110.3483695, -6.9624349], [110.3476828, -6.9626692], [110.3476185, -6.9627704], [110.3475863, -6.963255], [110.3473985, -6.9637289], [110.3472537, -6.9639419], [110.3471142, -6.9640537], [110.3470284, -6.9642241], [110.3466421, -6.9654115], [110.3461701, -6.9661996], [110.3460145, -6.9666149], [110.3457892, -6.966993], [110.3456819, -6.9673604], [110.3456658, -6.9677438], [110.3459448, -6.9682443], [110.3459662, -6.9685052], [110.3458214, -6.9687076], [110.3456873, -6.9690271], [110.3454351, -6.9699749], [110.3448933, -6.9700281], [110.3447539, -6.9700973], [110.3446948, -6.9711942], [110.3440994, -6.9714072], [110.3440243, -6.9723763], [110.34374, -6.9732496], [110.3436863, -6.9738087], [110.3434449, -6.974634], [110.343579, -6.9747991], [110.3436975, -6.9748239], [110.3437453, -6.9749801], [110.3435898, -6.976093], [110.3433269, -6.9771846], [110.3433698, -6.9778075], [110.3434503, -6.9780046], [110.3432786, -6.9782229], [110.3428012, -6.9800705], [110.3426564, -6.9803687], [110.3425813, -6.9808639], [110.3423613, -6.9811248], [110.3423506, -6.9814656], [110.3424203, -6.9817105], [110.3422058, -6.9818436], [110.3413153, -6.9819927], [110.3409934, -6.9825731], [110.3407252, -6.9833079], [110.3403604, -6.9838936], [110.3409022, -6.9842717], [110.3408593, -6.9848254], [110.3407574, -6.9851662], [110.3405611, -6.9855639], [110.338393, -6.9847322], [110.3379464, -6.9845113], [110.3373992, -6.9840747], [110.3364229, -6.9830097], [110.3326571, -6.9786435], [110.3304148, -6.9764817], [110.3296423, -6.9762048]]]}}, {"type": "Feature", "properties": {"name": "Sambiroto", "kecamatan": "Tembalang", "osm_id": 8323259}, "geometry": {"type": "Polygon", "coordinates": [[[110.4584027, -7.0371246], [110.4580057, -7.0371299], [110.4565287, -7.0377926], [110.4559881, -7.037687], [110.4553374, -7.0380281], [110.4549303, -7.038355], [110.4548255, -7.0387555], [110.4546619, -7.0400191], [110.4542506, -7.0402813], [110.4543928, -7.0405826], [110.4544028, -7.0410226], [110.4543628, -7.0413626], [110.4541315, -7.0421632], [110.4530675, -7.0425141], [110.4522533, -7.0426807], [110.4520882, -7.0428516], [110.4519737, -7.0431176], [110.45151, -7.0437127], [110.4510077, -7.0446817], [110.45082, -7.0451536], [110.4507528, -7.0458026], [110.4506528, -7.0460026], [110.4502228, -7.0461326], [110.4498728, -7.0463526], [110.4494745, -7.0464169], [110.448776, -7.0466699], [110.4482343, -7.0466867], [110.4475049, -7.0465654], [110.4474101, -7.0463801], [110.44772, -7.0460594], [110.4477737, -7.0454419], [110.447205, -7.0440257], [110.4472265, -7.0434188], [110.4466471, -7.0419707], [110.4453114, -7.0397027], [110.4441028, -7.0382818], [110.4438594, -7.0376135], [110.4438748, -7.0372265], [110.4441638, -7.0369587], [110.444938, -7.0364818], [110.4451503, -7.0361841], [110.4452305, -7.035929], [110.4451846, -7.0356865], [110.4450964, -7.0354932], [110.4447642, -7.0350734], [110.4447848, -7.0346792], [110.4449242, -7.0344762], [110.4453645, -7.0343243], [110.4456363, -7.034325], [110.445906, -7.034424], [110.4461638, -7.0347535], [110.4464513, -7.0352549], [110.446562, -7.035283], [110.4466776, -7.0352534], [110.4469967, -7.0347403], [110.44722, -7.0345376], [110.4477895, -7.0344289], [110.44811, -7.03447], [110.4487397, -7.0343971], [110.4504978, -7.0335412], [110.450797, -7.0331706], [110.4513983, -7.0318321], [110.4514724, -7.0315628], [110.451412, -7.0311898], [110.4510402, -7.0307846], [110.4509155, -7.0305214], [110.450806, -7.0304618], [110.4500717, -7.0303073], [110.4498853, -7.0303055], [110.4499773, -7.0299713], [110.4496166, -7.0294803], [110.4503683, -7.0284585], [110.4503638, -7.0282354], [110.4506877, -7.0276091], [110.4508595, -7.0269636], [110.4513358, -7.025996], [110.4515658, -7.025656], [110.4517858, -7.025546], [110.451951, -7.0252905], [110.4522358, -7.025146], [110.4535967, -7.0249135], [110.4541198, -7.0245391], [110.4544764, -7.0243543], [110.4546715, -7.0241029], [110.4548283, -7.0235757], [110.4550219, -7.023137], [110.4551516, -7.0229468], [110.4553178, -7.0228396], [110.455736, -7.0227878], [110.4558989, -7.0221863], [110.4564305, -7.0221921], [110.4570487, -7.0227632], [110.4575463, -7.0231374], [110.4587981, -7.0239635], [110.4597241, -7.0247278], [110.4598145, -7.024966], [110.46079, -7.0251041], [110.4609677, -7.0250895], [110.4616015, -7.0241879], [110.4627279, -7.0227269], [110.4628423, -7.0226228], [110.4630388, -7.0226532], [110.4647593, -7.0237492], [110.4661515, -7.0243145], [110.4660635, -7.02449], [110.4658696, -7.0246446], [110.4655303, -7.0247437], [110.4654586, -7.024831], [110.4651441, -7.0256595], [110.4646465, -7.0274633], [110.4645185, -7.0276318], [110.4645512, -7.027844], [110.46495, -7.0279437], [110.4655881, -7.0283107], [110.4659073, -7.0283938], [110.4664394, -7.0284417], [110.4667694, -7.0294463], [110.4667333, -7.0300015], [110.4667556, -7.0311594], [110.4666842, -7.031561], [110.4661869, -7.0320922], [110.4664469, -7.0322815], [110.4663891, -7.0327422], [110.4662485, -7.0328376], [110.4651153, -7.0326246], [110.4650348, -7.0327977], [110.4644979, -7.0326059], [110.4644469, -7.0333779], [110.4634683, -7.0332928], [110.4634925, -7.0324138], [110.4630802, -7.032264], [110.4623981, -7.0322786], [110.4604776, -7.0320337], [110.4603694, -7.0321572], [110.4602791, -7.0329228], [110.4601665, -7.0333115], [110.4602309, -7.0336416], [110.4601718, -7.0339557], [110.4599358, -7.0342592], [110.4597963, -7.0347543], [110.4597373, -7.0351802], [110.4595067, -7.0354624], [110.4591419, -7.0357126], [110.4587771, -7.0360481], [110.4582675, -7.0366071], [110.4583992, -7.0368047], [110.4584027, -7.0371246]]]}}, {"type": "Feature", "properties": {"name": "Tugurejo", "kecamatan": "Tugu", "osm_id": 8323312}, "geometry": {"type": "Polygon", "coordinates": [[[110.3574016, -6.9854984], [110.3570866, -6.9849798], [110.356679, -6.9845539], [110.3560674, -6.984064], [110.3536856, -6.9829884], [110.351454, -6.9824347], [110.3510141, -6.9824453], [110.3506601, -6.9825412], [110.3503275, -6.9827648], [110.3498232, -6.9833718], [110.348922, -6.9847562], [110.3485787, -6.9850224], [110.347943, -6.9854031], [110.3470954, -6.985648], [110.343343, -6.9859915], [110.3420985, -6.9860341], [110.3405611, -6.9855639], [110.3407574, -6.9851662], [110.3408593, -6.9848254], [110.3409022, -6.9842717], [110.3403604, -6.9838936], [110.3407252, -6.9833079], [110.3409934, -6.9825731], [110.3413153, -6.9819927], [110.3422058, -6.9818436], [110.3424203, -6.9817105], [110.3423506, -6.9814656], [110.3423613, -6.9811248], [110.3425813, -6.9808639], [110.3426564, -6.9803687], [110.3428012, -6.9800705], [110.3432786, -6.9782229], [110.3434503, -6.9780046], [110.3433698, -6.9778075], [110.3433269, -6.9771846], [110.3435898, -6.976093], [110.3437453, -6.9749801], [110.3436975, -6.9748239], [110.343579, -6.9747991], [110.3434449, -6.974634], [110.3436863, -6.9738087], [110.34374, -6.9732496], [110.3440243, -6.9723763], [110.3440994, -6.9714072], [110.3446948, -6.9711942], [110.3447539, -6.9700973], [110.3448933, -6.9700281], [110.3454351, -6.9699749], [110.3456873, -6.9690271], [110.3458214, -6.9687076], [110.3459662, -6.9685052], [110.3459448, -6.9682443], [110.3456658, -6.9677438], [110.3456819, -6.9673604], [110.3457892, -6.966993], [110.3460145, -6.9666149], [110.3461701, -6.9661996], [110.3466421, -6.9654115], [110.3470284, -6.9642241], [110.3471142, -6.9640537], [110.3472537, -6.9639419], [110.3473985, -6.9637289], [110.3475863, -6.963255], [110.3476185, -6.9627704], [110.3476828, -6.9626692], [110.3483695, -6.9624349], [110.3484714, -6.9623178], [110.3489327, -6.961338], [110.3490829, -6.9609014], [110.3490937, -6.9604115], [110.3492224, -6.9601346], [110.3498554, -6.9602517], [110.349952, -6.9601985], [110.3500217, -6.9599988], [110.3499868, -6.9596367], [110.3500378, -6.9595302], [110.350239, -6.9595249], [110.3507271, -6.9597086], [110.3508586, -6.9596287], [110.3512824, -6.9591441], [110.3517705, -6.95883], [110.3520119, -6.9585904], [110.3533208, -6.956684], [110.353868, -6.95547], [110.3542006, -6.9536701], [110.3564, -6.9538405], [110.3592109, -6.9539896], [110.3603696, -6.953947], [110.360949, -6.9537766], [110.361464, -6.9530311], [110.3644681, -6.9506668], [110.3667641, -6.9487498], [110.3669143, -6.9526903], [110.3669189, -6.9541242], [110.3666138, -6.956929], [110.3655525, -6.9609229], [110.3648972, -6.961125], [110.3640926, -6.961551], [110.3635454, -6.96219], [110.3626549, -6.9635851], [110.3625369, -6.9641069], [110.3625691, -6.9644158], [110.3627086, -6.9647885], [110.3628427, -6.9655659], [110.3629661, -6.9668279], [110.3628749, -6.9675734], [110.3633147, -6.9676852], [110.3635561, -6.9676959], [110.3632075, -6.9691069], [110.3627998, -6.9703795], [110.3628159, -6.9708428], [110.3627622, -6.9710292], [110.3625262, -6.9713061], [110.3625047, -6.9716788], [110.3623438, -6.9720835], [110.3600049, -6.9776105], [110.3586692, -6.9804113], [110.3584439, -6.9810716], [110.3582185, -6.9824187], [110.3580898, -6.9828766], [110.3581059, -6.9830843], [110.3584546, -6.9835795], [110.358578, -6.983835], [110.3581166, -6.984868], [110.3578967, -6.9851289], [110.3574016, -6.9854984]]]}}, {"type": "Feature", "properties": {"name": "Kedungmundu", "kecamatan": "Tembalang", "osm_id": 8323437}, "geometry": {"type": "Polygon", "coordinates": [[[110.4702126, -7.01683], [110.4703832, -7.0171447], [110.4710135, -7.0178368], [110.47213, -7.01864], [110.47276, -7.0189], [110.4732, -7.01915], [110.4733224, -7.0192897], [110.4735041, -7.0197101], [110.4736697, -7.0199024], [110.47395, -7.0201], [110.4741941, -7.0201452], [110.4742583, -7.020212], [110.4749267, -7.0205183], [110.4752414, -7.0208906], [110.4752315, -7.0211768], [110.4751358, -7.0213389], [110.4751451, -7.021606], [110.4752691, -7.0217111], [110.4756591, -7.021845], [110.4759979, -7.0220416], [110.4762748, -7.0226033], [110.4764824, -7.0233261], [110.476796, -7.0240437], [110.4769463, -7.0241805], [110.4771719, -7.0242149], [110.4773973, -7.0243586], [110.4778782, -7.0254008], [110.478185, -7.0258187], [110.4774983, -7.0269064], [110.4769892, -7.0274493], [110.4760427, -7.0277791], [110.4748955, -7.0279077], [110.4735692, -7.0276515], [110.473127, -7.0277674], [110.4724973, -7.0277137], [110.4718957, -7.0278683], [110.471401, -7.0278392], [110.47115, -7.0276585], [110.471056, -7.0270339], [110.4704695, -7.0267116], [110.4701634, -7.0261197], [110.4697292, -7.0257835], [110.4691376, -7.025485], [110.4681059, -7.0251153], [110.4647593, -7.0237492], [110.4630388, -7.0226532], [110.4628423, -7.0226228], [110.4616015, -7.0241879], [110.4609677, -7.0250895], [110.46079, -7.0251041], [110.4598145, -7.024966], [110.4597241, -7.0247278], [110.4587981, -7.0239635], [110.4575463, -7.0231374], [110.4570487, -7.0227632], [110.4564305, -7.0221921], [110.4564042, -7.0220084], [110.4566365, -7.0209922], [110.4559638, -7.0189306], [110.4554886, -7.0180455], [110.4568419, -7.0182806], [110.457086, -7.0182979], [110.4573368, -7.0182114], [110.4582944, -7.0166474], [110.4591206, -7.0170234], [110.4599707, -7.0176976], [110.4607687, -7.0177508], [110.4614191, -7.0176789], [110.4629842, -7.0173102], [110.4637634, -7.0171891], [110.464501, -7.0175139], [110.4648738, -7.0176137], [110.4661908, -7.0177868], [110.4661827, -7.017462], [110.4662873, -7.0167405], [110.4665743, -7.0162015], [110.4667809, -7.0156006], [110.4693103, -7.0164805], [110.4699232, -7.0166082], [110.47006, -7.0166642], [110.4702126, -7.01683]], [[110.4758919, -7.0251909], [110.4753763, -7.0256105], [110.4755707, -7.0258435], [110.4758839, -7.0261173], [110.4762275, -7.0262907], [110.4764985, -7.0261104], [110.4764327, -7.025956], [110.4764368, -7.0258242], [110.4758919, -7.0251909]]]}}, {"type": "Feature", "properties": {"name": "Jerakah", "kecamatan": "Tugu", "osm_id": 8323800}, "geometry": {"type": "Polygon", "coordinates": [[[110.3632557, -6.9869819], [110.3623009, -6.9867689], [110.3619933, -6.9867815], [110.3597581, -6.9865666], [110.3585458, -6.9863216], [110.3580737, -6.9861832], [110.3577626, -6.9859702], [110.3574016, -6.9854984], [110.3578967, -6.9851289], [110.3581166, -6.984868], [110.358578, -6.983835], [110.3584546, -6.9835795], [110.3581059, -6.9830843], [110.3580898, -6.9828766], [110.3582185, -6.9824187], [110.3584439, -6.9810716], [110.3586692, -6.9804113], [110.3600049, -6.9776105], [110.3623438, -6.9720835], [110.3625047, -6.9716788], [110.3625262, -6.9713061], [110.3627622, -6.9710292], [110.3628159, -6.9708428], [110.3627998, -6.9703795], [110.3632075, -6.9691069], [110.3635561, -6.9676959], [110.3633147, -6.9676852], [110.3628749, -6.9675734], [110.3629661, -6.9668279], [110.3628427, -6.9655659], [110.3627086, -6.9647885], [110.3625691, -6.9644158], [110.3625369, -6.9641069], [110.3626549, -6.9635851], [110.3635454, -6.96219], [110.3640926, -6.961551], [110.3648972, -6.961125], [110.3655525, -6.9609229], [110.3642535, -6.9658108], [110.3673863, -6.9682603], [110.3670859, -6.9694424], [110.3666675, -6.9706777], [110.3664315, -6.9715723], [110.366528, -6.9736809], [110.3662062, -6.9749695], [110.3647524, -6.9790801], [110.3642357, -6.980775], [110.3649188, -6.9809649], [110.3644144, -6.9828713], [110.3642374, -6.9827914], [110.3641355, -6.9831854], [110.364114, -6.9835049], [110.3641838, -6.9835422], [110.3641033, -6.9839841], [110.3641409, -6.9844421], [110.3641891, -6.9844687], [110.3632557, -6.9869819]]]}}, {"type": "Feature", "properties": {"name": "Wonolopo", "kecamatan": "Mijen", "osm_id": 8333095}, "geometry": {"type": "Polygon", "coordinates": [[[110.3118328, -7.060642], [110.3116178, -7.0610542], [110.3098556, -7.0609052], [110.3089517, -7.0611634], [110.3082651, -7.0607907], [110.3070366, -7.0602796], [110.3063822, -7.0601412], [110.3062373, -7.0599229], [110.3060657, -7.0593799], [110.3059691, -7.0588369], [110.3059316, -7.0584802], [110.305953, -7.0574314], [110.3046977, -7.0576657], [110.3036088, -7.058198], [110.3018573, -7.0596514], [110.3012726, -7.0599895], [110.3009427, -7.0601119], [110.3006744, -7.0595769], [110.2997839, -7.0590924], [110.2995586, -7.0588688], [110.2984428, -7.0580011], [110.2980834, -7.0561271], [110.298019, -7.0552487], [110.2979761, -7.053215], [110.2977294, -7.052081], [110.2975362, -7.0500952], [110.2975792, -7.0472203], [110.2975014, -7.0436826], [110.2972653, -7.04249], [110.2967611, -7.0410632], [110.2966431, -7.0405068], [110.2966243, -7.0393063], [110.2967316, -7.0386142], [110.2975631, -7.0387286], [110.2989981, -7.039088], [110.3005484, -7.0391918], [110.301573, -7.0393915], [110.3035551, -7.0402965], [110.305438, -7.0408981], [110.3069776, -7.0417686], [110.3084663, -7.0437358], [110.3095365, -7.0443454], [110.3118163, -7.0459506], [110.312157, -7.0465468], [110.3123179, -7.0472602], [110.3132017, -7.0476449], [110.3132392, -7.0477048], [110.3131628, -7.0483277], [110.3134122, -7.0491955], [110.3139299, -7.0502523], [110.3148633, -7.0517243], [110.3150859, -7.0519319], [110.3169528, -7.0518467], [110.316698, -7.0526347], [110.3164163, -7.0532576], [110.3143607, -7.056418], [110.3137234, -7.057651], [110.3118328, -7.060642]]]}}, {"type": "Feature", "properties": {"name": "Mijen", "kecamatan": "Mijen", "osm_id": 8333171}, "geometry": {"type": "Polygon", "coordinates": [[[110.3169528, -7.0518467], [110.3173256, -7.0512718], [110.3175509, -7.0511227], [110.3191468, -7.0507713], [110.3197342, -7.0505477], [110.3201956, -7.0503081], [110.3224111, -7.0482212], [110.3255492, -7.0508991], [110.3266436, -7.0511892], [110.3274375, -7.0516285], [110.3287223, -7.0524909], [110.3295216, -7.0529248], [110.3297871, -7.053026], [110.3301546, -7.0529887], [110.3314233, -7.0533241], [110.3318605, -7.0533933], [110.3334832, -7.0534519], [110.3335449, -7.0544528], [110.3334966, -7.0552992], [110.3334269, -7.0556559], [110.3335261, -7.0568112], [110.3336146, -7.057096], [110.3339928, -7.0575219], [110.3341377, -7.0579185], [110.3341404, -7.0584988], [110.3341967, -7.058773], [110.3345749, -7.0595716], [110.3356773, -7.0594465], [110.3353929, -7.0617463], [110.3348618, -7.0640422], [110.334843, -7.0645479], [110.3349423, -7.0654716], [110.3349316, -7.0661051], [110.3347277, -7.0681547], [110.3335503, -7.0680416], [110.3333089, -7.0680948], [110.329881, -7.0692101], [110.3282395, -7.0696706], [110.3268233, -7.0702243], [110.3260186, -7.0707753], [110.3249189, -7.0712491], [110.3243101, -7.0713822], [110.3237414, -7.0713955], [110.3220463, -7.0711506], [110.3208929, -7.0711559], [110.3196377, -7.0709483], [110.3197288, -7.0699102], [110.3195304, -7.0697238], [110.3190368, -7.0695641], [110.31912, -7.0686192], [110.3178084, -7.0682838], [110.3177038, -7.0677088], [110.3167543, -7.0676663], [110.3161776, -7.0675837], [110.3162768, -7.0661703], [110.3162527, -7.0659228], [110.3139675, -7.0653611], [110.31371, -7.0662262], [110.3136966, -7.0665137], [110.3134954, -7.0666095], [110.31279, -7.0668384], [110.3124896, -7.0668291], [110.3123488, -7.0668105], [110.3121892, -7.066716], [110.3120685, -7.0663886], [110.311701, -7.0664179], [110.3115106, -7.0655022], [110.3111913, -7.0633009], [110.3112879, -7.0623293], [110.3116178, -7.0610542], [110.3119719, -7.0603755], [110.3137234, -7.057651], [110.3143607, -7.056418], [110.3164163, -7.0532576], [110.316698, -7.0526347], [110.3169528, -7.0518467]]]}}, {"type": "Feature", "properties": {"name": "Pedurungan Kidul", "kecamatan": "Pedurungan", "osm_id": 8333221}, "geometry": {"type": "Polygon", "coordinates": [[[110.4743421, -7.011477], [110.4854706, -7.0162422], [110.4854585, -7.0165909], [110.4854035, -7.0167227], [110.4846941, -7.0166988], [110.4841818, -7.0169543], [110.4838184, -7.0170195], [110.4828005, -7.0186514], [110.482091, -7.0195805], [110.4819462, -7.0197349], [110.4817852, -7.019663], [110.4812032, -7.0201755], [110.4800552, -7.0214999], [110.4795805, -7.0223078], [110.4795054, -7.0225674], [110.4793713, -7.0240049], [110.4793739, -7.0244734], [110.4804736, -7.0285623], [110.4813802, -7.031637], [110.4818442, -7.0334818], [110.4821339, -7.0343869], [110.4829761, -7.0377623], [110.4833972, -7.0388165], [110.4837191, -7.0398014], [110.4843011, -7.0399159], [110.4840559, -7.0406224], [110.4831334, -7.040638], [110.4823865, -7.0405616], [110.4815129, -7.0401002], [110.4812676, -7.0398294], [110.4810914, -7.0394858], [110.4820559, -7.0381914], [110.4821515, -7.0379378], [110.482019, -7.0375186], [110.4813939, -7.037091], [110.481271, -7.0369679], [110.481196, -7.0367492], [110.481203, -7.0365785], [110.4814087, -7.0361006], [110.481385, -7.0359263], [110.4809753, -7.0354204], [110.4808321, -7.0351197], [110.480707, -7.0338457], [110.4805978, -7.0336953], [110.4801312, -7.0321271], [110.4799239, -7.0309896], [110.4797466, -7.0305728], [110.4797539, -7.0301698], [110.4796824, -7.0298726], [110.4794025, -7.0295307], [110.4793142, -7.0290593], [110.4791505, -7.0287039], [110.4791817, -7.0282429], [110.4790738, -7.0269381], [110.4786131, -7.0262307], [110.478185, -7.0258187], [110.4778782, -7.0254008], [110.4773973, -7.0243586], [110.4771719, -7.0242149], [110.4769463, -7.0241805], [110.476796, -7.0240437], [110.4764824, -7.0233261], [110.4762748, -7.0226033], [110.4759979, -7.0220416], [110.4756591, -7.021845], [110.4752691, -7.0217111], [110.4751451, -7.021606], [110.4751358, -7.0213389], [110.4752315, -7.0211768], [110.4752414, -7.0208906], [110.4751174, -7.0207283], [110.4749267, -7.0205183], [110.4742583, -7.020212], [110.4741941, -7.0201452], [110.47395, -7.0201], [110.4736697, -7.0199024], [110.4735041, -7.0197101], [110.4733224, -7.0192897], [110.4732, -7.01915], [110.47276, -7.0189], [110.47213, -7.01864], [110.4714601, -7.0181616], [110.4717967, -7.0176172], [110.4721695, -7.0163673], [110.4721722, -7.0161583], [110.4720542, -7.0155967], [110.4720059, -7.0139102], [110.472195, -7.0128041], [110.4726242, -7.0114291], [110.4726791, -7.0110404], [110.4743421, -7.011477]]]}}, {"type": "Feature", "properties": {"name": "Muktiharjo Kidul", "kecamatan": "Pedurungan", "osm_id": 8333503}, "geometry": {"type": "Polygon", "coordinates": [[[110.4512485, -6.9625882], [110.4572974, -6.9678719], [110.4590052, -6.9695263], [110.4691279, -6.9785929], [110.4684417, -6.981408], [110.4683068, -6.981682], [110.4681578, -6.9815843], [110.4679202, -6.981551], [110.4673749, -6.9817666], [110.4671379, -6.9817613], [110.466007, -6.9815943], [110.4639423, -6.9803895], [110.4582582, -6.9787692], [110.457413, -6.9786121], [110.4570205, -6.9784275], [110.456019, -6.9781781], [110.4545836, -6.9776984], [110.4542588, -6.9776535], [110.4543163, -6.9771066], [110.4536682, -6.9769542], [110.4518252, -6.9766958], [110.4505888, -6.9764601], [110.4493525, -6.9688614], [110.4492816, -6.9682684], [110.449296, -6.9677356], [110.4494283, -6.9669631], [110.4512485, -6.9625882]]]}}, {"type": "Feature", "properties": {"name": "Jatibarang", "kecamatan": "Mijen", "osm_id": 8333624}, "geometry": {"type": "Polygon", "coordinates": [[[110.3266436, -7.0511892], [110.3255492, -7.0508991], [110.3224111, -7.0482212], [110.3257692, -7.045144], [110.3296423, -7.0413427], [110.3303397, -7.0404163], [110.332936, -7.0410658], [110.3340089, -7.0414971], [110.3345212, -7.0417659], [110.3350925, -7.0422025], [110.3366885, -7.0426923], [110.3358328, -7.0451041], [110.3357524, -7.0456551], [110.3358006, -7.0464643], [110.3360984, -7.0472443], [110.33638, -7.048168], [110.3370452, -7.0514368], [110.3380859, -7.0515486], [110.3384507, -7.0515113], [110.338853, -7.0512664], [110.339089, -7.0509736], [110.3398347, -7.0505743], [110.3400922, -7.0504945], [110.3405267, -7.0504679], [110.3411758, -7.0506436], [110.3414788, -7.0508024], [110.3413547, -7.0509582], [110.3410132, -7.0510005], [110.3404917, -7.0509438], [110.3403868, -7.0510397], [110.3403012, -7.051321], [110.3403577, -7.0516814], [110.3406103, -7.0520284], [110.3411056, -7.052363], [110.3414592, -7.0524498], [110.3418868, -7.0526749], [110.3420395, -7.0530232], [110.3420305, -7.0531759], [110.3419648, -7.0532762], [110.3415019, -7.0532537], [110.3412138, -7.0530744], [110.3405718, -7.0529731], [110.3404756, -7.0531039], [110.3404883, -7.0533309], [110.3410263, -7.054368], [110.3411528, -7.0545166], [110.3415476, -7.0549164], [110.3420801, -7.0551485], [110.3423114, -7.0553059], [110.342608, -7.0556249], [110.3426579, -7.0558715], [110.3426314, -7.0560809], [110.3424258, -7.0563119], [110.3416919, -7.0563371], [110.341205, -7.0562425], [110.3409603, -7.0562422], [110.3408161, -7.0563336], [110.3406759, -7.0565953], [110.3405925, -7.0568788], [110.3401878, -7.0573473], [110.3400427, -7.057993], [110.3400049, -7.0585275], [110.3399216, -7.0587063], [110.3397597, -7.0588806], [110.3397158, -7.0590813], [110.339931, -7.0597558], [110.3399351, -7.0599522], [110.339529, -7.0613851], [110.3395134, -7.0616404], [110.3395782, -7.0621118], [110.3393087, -7.0627638], [110.3393172, -7.0629296], [110.339435, -7.0630171], [110.339826, -7.0629805], [110.3402653, -7.062787], [110.3403701, -7.0627828], [110.340501, -7.0628746], [110.3411635, -7.0639578], [110.3417084, -7.0647004], [110.3418326, -7.0649646], [110.3417143, -7.0652175], [110.3414343, -7.0655269], [110.3413682, -7.0659065], [110.341409, -7.0663669], [110.3417183, -7.066987], [110.3420212, -7.0674479], [110.3425055, -7.0679111], [110.342767, -7.0683042], [110.3428083, -7.0684592], [110.3424579, -7.0690827], [110.3423834, -7.069279], [110.3423326, -7.0696957], [110.3422189, -7.0697872], [110.3418974, -7.0698111], [110.341201, -7.0694906], [110.3408469, -7.0695243], [110.3407896, -7.0696726], [110.3411204, -7.0699926], [110.3414057, -7.0701185], [110.342079, -7.0706215], [110.3422175, -7.0711367], [110.3419107, -7.0711599], [110.3415325, -7.0713928], [110.3414199, -7.0714168], [110.3413206, -7.0713822], [110.3412348, -7.0712464], [110.3411248, -7.0708791], [110.3410444, -7.070762], [110.3406689, -7.0705463], [110.3402451, -7.0704905], [110.339663, -7.0705384], [110.3392607, -7.0702509], [110.3380188, -7.0700752], [110.3378445, -7.0700166], [110.3378043, -7.0697292], [110.337756, -7.0696733], [110.3363746, -7.0691569], [110.3362432, -7.0690052], [110.336042, -7.0688827], [110.3347197, -7.0686165], [110.3347277, -7.0681547], [110.3349316, -7.0661051], [110.3349423, -7.0654716], [110.334843, -7.0645479], [110.3348618, -7.0640422], [110.3353929, -7.0617463], [110.3356773, -7.0594465], [110.3345749, -7.0595716], [110.3341967, -7.058773], [110.3341404, -7.0584988], [110.3341377, -7.0579185], [110.3339928, -7.0575219], [110.3336146, -7.057096], [110.3335261, -7.0568112], [110.3334269, -7.0556559], [110.3334966, -7.0552992], [110.3335449, -7.0544528], [110.3334832, -7.0534519], [110.3318605, -7.0533933], [110.3314233, -7.0533241], [110.3301546, -7.0529887], [110.3297871, -7.053026], [110.3287223, -7.0524909], [110.3274375, -7.0516285], [110.3266436, -7.0511892]]]}}, {"type": "Feature", "properties": {"name": "Ngadirgo", "kecamatan": "Mijen", "osm_id": 8339141}, "geometry": {"type": "Polygon", "coordinates": [[[110.2967316, -7.0386142], [110.296973, -7.0379593], [110.2970615, -7.0372965], [110.2972989, -7.0366256], [110.2974207, -7.0359273], [110.2978554, -7.0344481], [110.2980325, -7.0341446], [110.2981719, -7.0340089], [110.2982739, -7.0337746], [110.2982873, -7.0335856], [110.2979144, -7.0308251], [110.2975792, -7.0297363], [110.2974424, -7.0288685], [110.2972949, -7.028557], [110.2971151, -7.0283254], [110.2969381, -7.0278649], [110.2967933, -7.0269917], [110.2965867, -7.0261399], [110.295935, -7.0251123], [110.2959269, -7.0244787], [110.2961254, -7.0229347], [110.2970414, -7.023149], [110.29783, -7.0236096], [110.2979292, -7.0236269], [110.2990638, -7.0231796], [110.2996244, -7.0230572], [110.300087, -7.0230359], [110.3006154, -7.0231024], [110.302045, -7.0234139], [110.3032199, -7.0234805], [110.3049767, -7.0234299], [110.3052047, -7.0233607], [110.3053683, -7.0232302], [110.3057787, -7.0224689], [110.3058645, -7.022405], [110.3067523, -7.02257], [110.3089812, -7.0227031], [110.310494, -7.0225754], [110.3110921, -7.0236988], [110.3115937, -7.0249632], [110.3124547, -7.0261319], [110.3130019, -7.0271009], [110.3133211, -7.0279474], [110.313592, -7.0288445], [110.3141686, -7.0302394], [110.3146809, -7.0325288], [110.3148311, -7.033575], [110.3150189, -7.0343177], [110.317103, -7.0379753], [110.317044, -7.0390773], [110.3170091, -7.0420321], [110.3171861, -7.043451], [110.3176045, -7.0455273], [110.3180798, -7.0467014], [110.3183082, -7.0474424], [110.3189412, -7.0488852], [110.3193731, -7.0496075], [110.3197342, -7.0505477], [110.3191468, -7.0507713], [110.3175509, -7.0511227], [110.3173256, -7.0512718], [110.3169528, -7.0518467], [110.3150859, -7.0519319], [110.3148633, -7.0517243], [110.3139299, -7.0502523], [110.3135571, -7.0495362], [110.3133023, -7.0489027], [110.3131628, -7.0483277], [110.3132392, -7.0477048], [110.3132017, -7.0476449], [110.3123179, -7.0472602], [110.312157, -7.0465468], [110.3118163, -7.0459506], [110.3095365, -7.0443454], [110.3084663, -7.0437358], [110.3069776, -7.0417686], [110.305438, -7.0408981], [110.3035551, -7.0402965], [110.301573, -7.0393915], [110.3005484, -7.0391918], [110.2989981, -7.039088], [110.2975631, -7.0387286], [110.2967316, -7.0386142]]]}}, {"type": "Feature", "properties": {"name": "Wonoplumbon", "kecamatan": "Mijen", "osm_id": 8350846}, "geometry": {"type": "Polygon", "coordinates": [[[110.3009427, -7.0601119], [110.2984321, -7.0614775], [110.2981907, -7.0613816], [110.2977991, -7.0613603], [110.2974129, -7.0614668], [110.2972251, -7.0613976], [110.2970481, -7.0610782], [110.2968174, -7.060269], [110.2968121, -7.0597419], [110.2966887, -7.0593959], [110.296517, -7.0592308], [110.295589, -7.0593639], [110.2952939, -7.0592841], [110.293985, -7.057687], [110.2938777, -7.0573729], [110.2939689, -7.0570108], [110.2938992, -7.0566009], [110.2936792, -7.0563187], [110.2932984, -7.0561537], [110.2921987, -7.0558183], [110.2918714, -7.055451], [110.2918285, -7.0551369], [110.2920002, -7.0546843], [110.2923435, -7.0543596], [110.2927834, -7.0540827], [110.2932608, -7.0538964], [110.2935451, -7.0538485], [110.2937382, -7.0539071], [110.293926, -7.054104], [110.2939904, -7.0543543], [110.294162, -7.0544022], [110.2944088, -7.0543117], [110.2944678, -7.0539869], [110.2943551, -7.0536355], [110.2936149, -7.0529275], [110.2933037, -7.0525016], [110.2929389, -7.0521981], [110.2925473, -7.0520278], [110.2922523, -7.0519692], [110.2917641, -7.0520597], [110.2909917, -7.0520544], [110.2904284, -7.0518734], [110.2899456, -7.0515752], [110.2892697, -7.0510162], [110.2888513, -7.0508192], [110.287435, -7.0504998], [110.2870434, -7.0509577], [110.2866089, -7.0516817], [110.2861208, -7.0520437], [110.2856004, -7.0520331], [110.2843988, -7.0510854], [110.2838731, -7.0504945], [110.2832884, -7.0497172], [110.2828968, -7.0488814], [110.2820975, -7.0475238], [110.2815342, -7.0470233], [110.2812284, -7.0465814], [110.2812552, -7.045868], [110.2811533, -7.0455379], [110.280928, -7.0452345], [110.2804935, -7.0450322], [110.2802414, -7.0447926], [110.2800536, -7.0444412], [110.2797961, -7.0435042], [110.2793348, -7.042876], [110.2785408, -7.04212], [110.2777576, -7.0412894], [110.2772748, -7.0404908], [110.2767491, -7.0401661], [110.2763146, -7.0399372], [110.2759445, -7.0399212], [110.2751291, -7.0401874], [110.274775, -7.0401448], [110.2745712, -7.0399372], [110.2746516, -7.0396337], [110.2749252, -7.0394101], [110.275054, -7.0391173], [110.275113, -7.038686], [110.2739918, -7.0373657], [110.2739489, -7.0369344], [110.27367, -7.0363701], [110.2732408, -7.0360293], [110.2727848, -7.036008], [110.2723664, -7.0360879], [110.271669, -7.0360453], [110.271492, -7.0359016], [110.2713203, -7.0356567], [110.2712399, -7.0353585], [110.2714866, -7.0350018], [110.27183, -7.0348794], [110.2723771, -7.0349858], [110.273053, -7.0353692], [110.2734822, -7.035465], [110.2738362, -7.0354064], [110.2740455, -7.0351509], [110.2741098, -7.0346504], [110.2740294, -7.0342139], [110.2737719, -7.0338305], [110.2734232, -7.0334951], [110.2729887, -7.0334791], [110.2726293, -7.0336974], [110.2723342, -7.0338145], [110.2719533, -7.0338678], [110.2716368, -7.0337027], [110.2715242, -7.0334259], [110.2720177, -7.0327125], [110.2719963, -7.032425], [110.2715295, -7.0314666], [110.2713311, -7.0306041], [110.2713042, -7.0301356], [110.271492, -7.0299599], [110.2718192, -7.0298801], [110.2721626, -7.0299652], [110.2723396, -7.0299493], [110.2723557, -7.0298002], [110.2719372, -7.028746], [110.2718192, -7.0274629], [110.2718997, -7.0270689], [110.2721894, -7.0267069], [110.2722162, -7.0265791], [110.2720874, -7.0263289], [110.2717334, -7.0263129], [110.2708161, -7.025887], [110.2705747, -7.0257166], [110.2704513, -7.0252853], [110.270403, -7.0248754], [110.2704567, -7.0246944], [110.2706069, -7.0246411], [110.271154, -7.0248115], [110.2715939, -7.0248807], [110.2719533, -7.0248328], [110.2721035, -7.024721], [110.2720982, -7.0246092], [110.27183, -7.023917], [110.2714544, -7.0234219], [110.2706873, -7.0226392], [110.2700758, -7.0217075], [110.2684235, -7.0199505], [110.2675331, -7.0191306], [110.2672863, -7.0185449], [110.2674365, -7.018119], [110.2684343, -7.0176505], [110.268681, -7.0173736], [110.2680588, -7.0162981], [110.2682304, -7.0158828], [110.2688849, -7.0158189], [110.2696574, -7.0159467], [110.2700007, -7.0158189], [110.26999, -7.0155527], [110.2697968, -7.0151481], [110.2691531, -7.0146369], [110.2691001, -7.0142316], [110.2692711, -7.014032], [110.2698934, -7.0137105], [110.2699685, -7.0131781], [110.2702474, -7.0130077], [110.2704728, -7.0133059], [110.2706551, -7.0133272], [110.2710628, -7.0131461], [110.2712667, -7.0128373], [110.2714813, -7.0119748], [110.2716637, -7.0114956], [110.2719319, -7.0111974], [110.2723932, -7.011453], [110.2729726, -7.0113359], [110.2731228, -7.0108247], [110.2735734, -7.0103243], [110.2740133, -7.0104627], [110.2743459, -7.0107822], [110.2748823, -7.011485], [110.2756655, -7.01206], [110.2765131, -7.0126031], [110.277307, -7.0122091], [110.2781224, -7.0123049], [110.2787769, -7.0129225], [110.2791846, -7.0137531], [110.2800858, -7.0141897], [110.2806759, -7.0136786], [110.2828002, -7.013029], [110.2840155, -7.0131992], [110.2858754, -7.0143526], [110.2867278, -7.0146117], [110.287407, -7.0146725], [110.2881829, -7.0143791], [110.288347, -7.0147647], [110.2883872, -7.0150576], [110.2882048, -7.015598], [110.2890068, -7.015803], [110.2891473, -7.015354], [110.2895406, -7.0153179], [110.2903265, -7.0145518], [110.2907985, -7.0142909], [110.2911258, -7.0143494], [110.2912259, -7.0146916], [110.291286, -7.0152052], [110.2921924, -7.0153967], [110.2937297, -7.0158286], [110.2936523, -7.0167166], [110.2931911, -7.0191625], [110.2931428, -7.0206107], [110.2939475, -7.022373], [110.2953261, -7.0224609], [110.2961254, -7.0227058], [110.2959269, -7.0244787], [110.295935, -7.0251123], [110.2965867, -7.0261399], [110.2967933, -7.0269917], [110.2969381, -7.0278649], [110.2971151, -7.0283254], [110.2972949, -7.028557], [110.2974424, -7.0288685], [110.2975792, -7.0297363], [110.2979144, -7.0308251], [110.2982873, -7.0335856], [110.2982739, -7.0337746], [110.2981719, -7.0340089], [110.2980325, -7.0341446], [110.2978554, -7.0344481], [110.2974207, -7.0359273], [110.2972989, -7.0366256], [110.2970615, -7.0372965], [110.296973, -7.0379593], [110.2967316, -7.0386142], [110.2966243, -7.0393063], [110.2966136, -7.0399505], [110.2966431, -7.0405068], [110.2967611, -7.0410632], [110.2972653, -7.04249], [110.2975014, -7.0436826], [110.2975792, -7.0472203], [110.2975362, -7.0500952], [110.2977294, -7.052081], [110.2979761, -7.053215], [110.298019, -7.0552487], [110.2980834, -7.0561271], [110.2984428, -7.0580011], [110.2995586, -7.0588688], [110.2997839, -7.0590924], [110.3006744, -7.0595769], [110.3009427, -7.0601119]]]}}, {"type": "Feature", "properties": {"name": "Wates", "kecamatan": "Ngaliyan", "osm_id": 8352268}, "geometry": {"type": "Polygon", "coordinates": [[[110.3258692, -7.0096025], [110.3265578, -7.010255], [110.3268152, -7.0103775], [110.3295058, -7.0112525], [110.3303343, -7.0117086], [110.3313884, -7.012446], [110.3319436, -7.0127069], [110.3330514, -7.0131195], [110.3333062, -7.0131648], [110.3341323, -7.0131754], [110.3348699, -7.0133857], [110.3361306, -7.0135907], [110.3370559, -7.0135907], [110.338341, -7.0135102], [110.3384453, -7.0142802], [110.3384668, -7.0154782], [110.3384373, -7.0167027], [110.3383273, -7.0175866], [110.3381985, -7.0179593], [110.3380027, -7.018292], [110.3373027, -7.0192184], [110.3368548, -7.0202513], [110.336223, -7.0214567], [110.3355807, -7.0212097], [110.3348243, -7.0211191], [110.3324962, -7.0205948], [110.3320026, -7.0205628], [110.3314072, -7.020451], [110.3293902, -7.0199346], [110.3289288, -7.0198707], [110.3283602, -7.0197216], [110.3246802, -7.0197376], [110.3216386, -7.019498], [110.3215098, -7.0195459], [110.3213811, -7.0196896], [110.3211451, -7.020057], [110.3195196, -7.0203232], [110.3181142, -7.01986], [110.3167194, -7.0195086], [110.315963, -7.019072], [110.3155392, -7.0190454], [110.3153568, -7.0189655], [110.3151047, -7.0189336], [110.3135866, -7.0189283], [110.3121543, -7.0191093], [110.3107569, -7.0194128], [110.3096947, -7.0197935], [110.3094077, -7.0199452], [110.308426, -7.0183533], [110.3072619, -7.0171287], [110.3066182, -7.0163726], [110.3061032, -7.0155421], [110.3052235, -7.0136732], [110.3047836, -7.0121186], [110.3046817, -7.0119429], [110.3046441, -7.0110164], [110.3047085, -7.0102071], [110.3048319, -7.0094937], [110.3061032, -7.0051064], [110.3062427, -7.0042013], [110.3062105, -7.0038286], [110.3058886, -7.0034026], [110.3036892, -7.0013793], [110.3023052, -7.0001973], [110.3018439, -6.9996436], [110.3034532, -7.0006233], [110.3056097, -7.0012941], [110.3062105, -7.0014432], [110.3069079, -7.0015071], [110.3080988, -7.001752], [110.3100407, -7.001965], [110.3108829, -7.0021673], [110.3121275, -7.0024975], [110.3137261, -7.0030565], [110.3144556, -7.0032642], [110.3158343, -7.0035144], [110.3178084, -7.0040682], [110.3193909, -7.0046592], [110.3196591, -7.0047923], [110.3199488, -7.0051809], [110.3200775, -7.0054472], [110.3204665, -7.0058252], [110.3206649, -7.0059237], [110.3218129, -7.006166], [110.3232452, -7.0070205], [110.3241411, -7.007907], [110.3243905, -7.0084395], [110.3245488, -7.0087003], [110.3247097, -7.0088601], [110.3258692, -7.0096025]]]}}, {"type": "Feature", "properties": {"name": "Podorejo", "kecamatan": "Ngaliyan", "osm_id": 8355542}, "geometry": {"type": "Polygon", "coordinates": [[[110.2858081, -7.0007894], [110.2857976, -7.0007511], [110.2861811, -7.000562], [110.2865781, -7.0004915], [110.2867565, -7.0002253], [110.2869898, -6.9997101], [110.2869201, -6.9993454], [110.2867591, -6.9990153], [110.2866948, -6.9986532], [110.2867162, -6.9984083], [110.2870059, -6.9983763], [110.2872419, -6.998174], [110.2875745, -6.9971517], [110.2875745, -6.9967577], [110.2874565, -6.9964489], [110.2873599, -6.9959484], [110.2869093, -6.9954372], [110.286802, -6.9951604], [110.286845, -6.9948835], [110.2870059, -6.9947344], [110.287199, -6.9946812], [110.2870703, -6.9943084], [110.2870488, -6.9934139], [110.2869952, -6.9931264], [110.2866304, -6.9931051], [110.2866304, -6.9936589], [110.2865124, -6.9939464], [110.2863622, -6.9939357], [110.2862012, -6.9938399], [110.2855468, -6.9932009], [110.2852678, -6.9927111], [110.2851713, -6.992349], [110.2849781, -6.9919763], [110.2846455, -6.9919231], [110.2844846, -6.9920402], [110.2843022, -6.9922745], [110.2841949, -6.9927004], [110.2839911, -6.9928708], [110.2837872, -6.9928815], [110.2836692, -6.9927643], [110.2836156, -6.9925727], [110.2835834, -6.9916994], [110.2835083, -6.9912522], [110.2833152, -6.9909114], [110.2829718, -6.9907091], [110.2826607, -6.9906665], [110.2824032, -6.9907304], [110.2819633, -6.9907517], [110.2817058, -6.9906452], [110.2819312, -6.9900382], [110.2821779, -6.989165], [110.2823496, -6.9891011], [110.2827895, -6.9890904], [110.283165, -6.9891863], [110.2836692, -6.9894205], [110.2839911, -6.9894844], [110.2842379, -6.9894099], [110.2843237, -6.9892288], [110.2844953, -6.9891437], [110.2852464, -6.9888881], [110.2853, -6.9886751], [110.2848816, -6.9881], [110.2845275, -6.9874504], [110.2844095, -6.9870245], [110.2845061, -6.986492], [110.284667, -6.9859915], [110.284903, -6.9856614], [110.2851605, -6.985491], [110.2859974, -6.9852248], [110.2862763, -6.9855975], [110.2865231, -6.9856081], [110.2872634, -6.9852993], [110.2885723, -6.9852674], [110.2899724, -6.9853898], [110.2902138, -6.985262], [110.290364, -6.984884], [110.2904552, -6.9848414], [110.2910346, -6.9848361], [110.2911043, -6.9847669], [110.291158, -6.9844527], [110.2914476, -6.984261], [110.2915442, -6.984245], [110.2916461, -6.9843089], [110.2918822, -6.9846391], [110.2920216, -6.9846976], [110.2921772, -6.9846817], [110.2922416, -6.9845326], [110.2924025, -6.9844261], [110.2929068, -6.9845645], [110.2930784, -6.9845219], [110.293293, -6.9842024], [110.29369, -6.9832014], [110.2938187, -6.9827541], [110.2967584, -6.9836061], [110.2977776, -6.9838084], [110.2973699, -6.9864707], [110.2972626, -6.987493], [110.2974129, -6.9881746], [110.2974772, -6.9890691], [110.2977562, -6.9898145], [110.2982712, -6.9907091], [110.2989578, -6.9916888], [110.299387, -6.9927963], [110.3004384, -6.9943297], [110.3009748, -6.9953733], [110.3012752, -6.9963317], [110.3014898, -6.9978226], [110.3015971, -6.9990792], [110.3018439, -6.9996436], [110.3023052, -7.0001973], [110.3050625, -7.0026252], [110.3058886, -7.0034026], [110.3062105, -7.0038286], [110.3062427, -7.0042013], [110.3061032, -7.0051064], [110.3048319, -7.0094937], [110.3047085, -7.0102071], [110.3046441, -7.0110164], [110.3046817, -7.0119429], [110.3047836, -7.0121186], [110.3052235, -7.0136732], [110.3061032, -7.0155421], [110.3066182, -7.0163726], [110.3072619, -7.0171287], [110.308426, -7.0183533], [110.3096437, -7.02027], [110.3099441, -7.020813], [110.310494, -7.0225754], [110.3089812, -7.0227031], [110.3067523, -7.02257], [110.3058645, -7.022405], [110.3057787, -7.0224689], [110.3053683, -7.0232302], [110.3052047, -7.0233607], [110.3049767, -7.0234299], [110.3032199, -7.0234805], [110.302045, -7.0234139], [110.3006154, -7.0231024], [110.300087, -7.0230359], [110.2996244, -7.0230572], [110.2990638, -7.0231796], [110.2979292, -7.0236269], [110.29783, -7.0236096], [110.2970414, -7.023149], [110.2961254, -7.0229347], [110.2961254, -7.0227058], [110.2959216, -7.0226313], [110.2953261, -7.0224609], [110.2939475, -7.022373], [110.2931428, -7.0206107], [110.2931911, -7.0191625], [110.2936523, -7.0167166], [110.2937297, -7.0158286], [110.2921924, -7.0153967], [110.291286, -7.0152052], [110.2912259, -7.0146916], [110.2911258, -7.0143494], [110.2907985, -7.0142909], [110.2903265, -7.0145518], [110.2895406, -7.0153179], [110.2891473, -7.015354], [110.2890068, -7.015803], [110.2882048, -7.015598], [110.2883872, -7.0150576], [110.288347, -7.0147647], [110.2881829, -7.0143791], [110.287407, -7.0146725], [110.2867278, -7.0146117], [110.2858754, -7.0143526], [110.2840155, -7.0131992], [110.2830414, -7.0130709], [110.2831006, -7.0123901], [110.283283, -7.0115808], [110.2834332, -7.0109206], [110.2836478, -7.0103988], [110.2837658, -7.0085992], [110.28368, -7.0082584], [110.2838945, -7.0072787], [110.2833152, -7.0070019], [110.2835941, -7.0059583], [110.2803111, -7.004542], [110.2810407, -7.0030192], [110.2811479, -7.002572], [110.2813089, -7.0022206], [110.283004, -7.0022099], [110.2838194, -7.002391], [110.2842057, -7.0023058], [110.2844739, -7.001784], [110.2847743, -7.0010279], [110.2852785, -7.0007084], [110.285579, -7.0006978], [110.2858081, -7.0007894]]]}}, {"type": "Feature", "properties": {"name": "Rowosari", "kecamatan": "Tembalang", "osm_id": 8355626}, "geometry": {"type": "Polygon", "coordinates": [[[110.4776155, -7.0854732], [110.4776369, -7.0846853], [110.4774438, -7.0843286], [110.4770844, -7.0839666], [110.4763548, -7.0834556], [110.4757969, -7.0832693], [110.4749816, -7.0827476], [110.4742574, -7.082359], [110.4734634, -7.0820981], [110.4719399, -7.0812304], [110.4693435, -7.0801497], [110.4688178, -7.0799847], [110.4683761, -7.0796994], [110.4675519, -7.0806501], [110.4668008, -7.0800752], [110.466141, -7.079069], [110.4656421, -7.0790318], [110.4654195, -7.0789279], [110.4652854, -7.0791941], [110.4652425, -7.0796147], [110.4651888, -7.0797371], [110.4649474, -7.0798542], [110.4648475, -7.0796381], [110.4644029, -7.0794683], [110.4643331, -7.0793725], [110.4644217, -7.0789492], [110.4640247, -7.0785553], [110.463471, -7.0783144], [110.4634389, -7.0785983], [110.4633209, -7.0786302], [110.4624894, -7.0785397], [110.462307, -7.0789656], [110.4622748, -7.0792478], [110.461822, -7.079175], [110.461187, -7.0793751], [110.4606022, -7.0793964], [110.4600765, -7.0795135], [110.4596313, -7.0794603], [110.459492, -7.0793714], [110.4597218, -7.0791954], [110.4596757, -7.0789752], [110.4593229, -7.0788213], [110.4592139, -7.0785411], [110.4596855, -7.0771971], [110.4598936, -7.0761239], [110.4600236, -7.0760489], [110.4603245, -7.0759878], [110.4611793, -7.0759546], [110.4618251, -7.0758301], [110.4627483, -7.0761511], [110.4631517, -7.0761516], [110.4634663, -7.0760631], [110.4639518, -7.076009], [110.4647175, -7.076167], [110.4651958, -7.0764271], [110.4656198, -7.0763661], [110.4657909, -7.0762571], [110.4661127, -7.0758886], [110.4663079, -7.0753616], [110.4665788, -7.0748577], [110.467202, -7.0740114], [110.4674352, -7.0733491], [110.4674629, -7.0730418], [110.467429, -7.0728368], [110.4671163, -7.0726342], [110.4669164, -7.0726108], [110.4667181, -7.0726243], [110.4664061, -7.0727378], [110.4650667, -7.0727419], [110.4647935, -7.072482], [110.4645816, -7.0724613], [110.4635975, -7.0719752], [110.4633005, -7.0715957], [110.4630758, -7.070851], [110.463128, -7.0700416], [110.4634953, -7.069151], [110.4661684, -7.0690308], [110.4666403, -7.068963], [110.466902, -7.0683255], [110.4677328, -7.0672737], [110.4681201, -7.0664374], [110.4682161, -7.0661301], [110.4685519, -7.0655021], [110.4689695, -7.0650108], [110.4691132, -7.0649426], [110.4693662, -7.0649566], [110.4697557, -7.0651688], [110.4697721, -7.065746], [110.4695182, -7.0665722], [110.4696, -7.0667772], [110.4697741, -7.0669857], [110.4708057, -7.0677382], [110.4710381, -7.0677795], [110.4713598, -7.067744], [110.4715957, -7.0678379], [110.4717766, -7.0677462], [110.4721733, -7.067651], [110.473719, -7.0678911], [110.4743131, -7.0679335], [110.4749697, -7.0678044], [110.4762665, -7.0673583], [110.4773877, -7.0669089], [110.4776412, -7.0664584], [110.4776759, -7.0660008], [110.4773245, -7.0653549], [110.4769078, -7.0650061], [110.476286, -7.064698], [110.4757022, -7.0639152], [110.4757025, -7.0636967], [110.4758739, -7.0632939], [110.4763839, -7.0627309], [110.4764593, -7.0625329], [110.476501, -7.0619182], [110.477196, -7.0610822], [110.4773536, -7.060775], [110.4774601, -7.0602936], [110.4776928, -7.0601368], [110.4778503, -7.0599047], [110.4778505, -7.0597203], [110.4779994, -7.0594107], [110.4783624, -7.0588785], [110.4786482, -7.0587137], [110.4796123, -7.0586464], [110.4798584, -7.0587355], [110.4803084, -7.0591028], [110.480515, -7.0591942], [110.4808715, -7.0591248], [110.4811122, -7.0588913], [110.4812502, -7.0586669], [110.4811522, -7.0582112], [110.4807054, -7.0572032], [110.4804548, -7.0560792], [110.4804897, -7.0558503], [110.4806694, -7.0557438], [110.4808947, -7.0558077], [110.4811429, -7.0559587], [110.4814574, -7.0555551], [110.481571, -7.0550684], [110.4815706, -7.0544128], [110.4813936, -7.0543117], [110.481104, -7.0545941], [110.4807753, -7.0546347], [110.4805621, -7.0544235], [110.4806158, -7.0539656], [110.48073, -7.053554], [110.4810617, -7.0530264], [110.4812191, -7.0528558], [110.481527, -7.0526648], [110.4819237, -7.0525833], [110.4824432, -7.0526454], [110.4826756, -7.0527549], [110.4828671, -7.0526458], [110.482881, -7.0525229], [110.482581, -7.0517371], [110.4825743, -7.0515595], [110.4826703, -7.0513273], [110.4828757, -7.0510885], [110.4830331, -7.0509999], [110.4836621, -7.0509869], [110.4846835, -7.0512336], [110.4851796, -7.0517399], [110.4851018, -7.0519247], [110.4847879, -7.0522675], [110.4839171, -7.0526683], [110.483876, -7.0529189], [110.4839431, -7.0530387], [110.4842998, -7.0532942], [110.4850186, -7.0533927], [110.4852915, -7.0533822], [110.4853807, -7.053201], [110.4854459, -7.0528591], [110.485876, -7.0522188], [110.4859137, -7.0519704], [110.4857895, -7.0500808], [110.4852227, -7.0494108], [110.4845072, -7.048808], [110.4852598, -7.0487399], [110.4865365, -7.0496609], [110.4869549, -7.0503743], [110.4912572, -7.0544258], [110.4917561, -7.0551285], [110.4921906, -7.0562625], [110.4922764, -7.0569386], [110.4920297, -7.0574018], [110.4917454, -7.0582802], [110.4917239, -7.0592864], [110.4920672, -7.0599678], [110.492255, -7.0602234], [110.4928826, -7.0608622], [110.4939877, -7.0612775], [110.4948889, -7.06173], [110.4966216, -7.0634176], [110.4970293, -7.0634868], [110.4976999, -7.0634602], [110.4981129, -7.0632792], [110.4988908, -7.0631035], [110.4997866, -7.0630769], [110.4996849, -7.063599], [110.4998778, -7.0645569], [110.499851, -7.0650413], [110.5000763, -7.0660475], [110.5008273, -7.0662817], [110.5009748, -7.0664281], [110.5011009, -7.0670696], [110.5006422, -7.0673758], [110.5004706, -7.0672693], [110.5001809, -7.0669392], [110.4999449, -7.0667582], [110.4996445, -7.0669339], [110.4995962, -7.0672267], [110.4994513, -7.0675142], [110.4991992, -7.0675887], [110.4984643, -7.0674077], [110.4980566, -7.067248], [110.497901, -7.0673119], [110.4977991, -7.067594], [110.4978313, -7.0685523], [110.4982765, -7.0687493], [110.4984858, -7.0689143], [110.4985769, -7.0691539], [110.4985394, -7.0693774], [110.4980351, -7.0694573], [110.4975738, -7.0694094], [110.4971983, -7.0692869], [110.4970213, -7.0691751], [110.4968925, -7.0689569], [110.4969032, -7.0686854], [110.4974504, -7.068169], [110.4974451, -7.0679401], [110.4969193, -7.0677218], [110.4967638, -7.0678229], [110.4966082, -7.0683447], [110.4964473, -7.068547], [110.4963293, -7.0686108], [110.4960825, -7.0685523], [110.4958465, -7.0683553], [110.495589, -7.0682595], [110.495428, -7.0683553], [110.49553, -7.0685842], [110.4959108, -7.0688823], [110.4962327, -7.0692124], [110.4963722, -7.0695744], [110.4955407, -7.0708734], [110.4954012, -7.0711981], [110.4951813, -7.0713046], [110.4948299, -7.0713099], [110.4945617, -7.0710198], [110.4944061, -7.0709346], [110.4941969, -7.0710358], [110.4938965, -7.0713445], [110.4933654, -7.072356], [110.4921477, -7.0733888], [110.4915791, -7.0739957], [110.4913913, -7.0740702], [110.4912465, -7.0742352], [110.4910426, -7.0752201], [110.49093, -7.0754171], [110.4906081, -7.0758163], [110.4904633, -7.0759068], [110.4901789, -7.0759548], [110.4900019, -7.0760453], [110.4898464, -7.076205], [110.4892831, -7.0773548], [110.4879313, -7.077472], [110.4877274, -7.0775997], [110.4873519, -7.0789093], [110.4866331, -7.0794736], [110.4847555, -7.0813049], [110.4839509, -7.0818585], [110.4789029, -7.084664], [110.4776155, -7.0854732]]]}}, {"type": "Feature", "properties": {"name": "Gondoriyo", "kecamatan": "Ngaliyan", "osm_id": 8355655}, "geometry": {"type": "Polygon", "coordinates": [[[110.3121275, -7.0024975], [110.3100407, -7.001965], [110.3080988, -7.001752], [110.3069079, -7.0015071], [110.3062105, -7.0014432], [110.3056097, -7.0012941], [110.3034532, -7.0006233], [110.3018439, -6.9996436], [110.3015971, -6.9990792], [110.3014898, -6.9978226], [110.3012752, -6.9963317], [110.3009748, -6.9953733], [110.3004384, -6.9943297], [110.299387, -6.9927963], [110.2989578, -6.9916888], [110.2982712, -6.9907091], [110.2977562, -6.9898145], [110.2974772, -6.9890691], [110.2974129, -6.9881746], [110.2972626, -6.987493], [110.2973699, -6.9864707], [110.2979064, -6.9829991], [110.298121, -6.9821258], [110.2982283, -6.9818596], [110.2995586, -6.9806775], [110.300535, -6.9797084], [110.3044081, -6.9804752], [110.3057492, -6.9806669], [110.3058457, -6.9815082], [110.3056526, -6.9819129], [110.3056204, -6.9821258], [110.3059852, -6.9833718], [110.3061998, -6.9839362], [110.3066933, -6.9847988], [110.3068221, -6.9860022], [110.3071761, -6.9859915], [110.3081417, -6.9862364], [110.3092575, -6.9867582], [110.310781, -6.9870671], [110.3115106, -6.9873227], [110.3121328, -6.9876102], [110.3128195, -6.9877486], [110.3138602, -6.9877593], [110.3144824, -6.9878658], [110.3165853, -6.9878338], [110.3189242, -6.9895483], [110.3193694, -6.9895962], [110.3201473, -6.9895217], [110.3208715, -6.9895909], [110.3209519, -6.9896335], [110.321247, -6.9902565], [110.3218907, -6.9907943], [110.3220516, -6.9910711], [110.323956, -6.9923331], [110.3249216, -6.9931158], [110.3252059, -6.9923916], [110.3259287, -6.9927684], [110.3258872, -6.9928495], [110.3261232, -6.9929667], [110.3267026, -6.9934459], [110.3272176, -6.9936695], [110.327695, -6.9939624], [110.3296208, -6.9947877], [110.3306791, -6.9953323], [110.3306937, -6.995601], [110.3307722, -6.9956363], [110.3305918, -6.9958952], [110.3304309, -6.995979], [110.3300768, -6.9958938], [110.3297348, -6.9960176], [110.3296477, -6.996003], [110.3295457, -6.9959604], [110.3294948, -6.9958605], [110.3294398, -6.9954878], [110.3293593, -6.9953387], [110.3287545, -6.995372], [110.3283294, -6.9951777], [110.3282167, -6.9949301], [110.3284018, -6.9946133], [110.3284085, -6.9944456], [110.3283522, -6.9943604], [110.3280627, -6.9942666], [110.3277728, -6.9946492], [110.3274187, -6.9949927], [110.3272364, -6.9953414], [110.3272149, -6.9955224], [110.3274375, -6.996007], [110.3274241, -6.9961614], [110.3273705, -6.9962386], [110.3272605, -6.9962785], [110.3267321, -6.9962732], [110.3264478, -6.9961055], [110.3261849, -6.9960975], [110.3258711, -6.9961454], [110.3257424, -6.9962093], [110.3254205, -6.9970878], [110.3253937, -6.9972822], [110.3254876, -6.9973301], [110.326075, -6.9973887], [110.3262386, -6.9975298], [110.3262278, -6.9976416], [110.3260857, -6.9979131], [110.3256083, -6.998395], [110.3255787, -6.9985973], [110.3257129, -6.9991165], [110.3256485, -6.9993853], [110.3253964, -6.9996329], [110.3250262, -6.9996915], [110.3249028, -7.0004822], [110.3251845, -7.0008629], [110.3252354, -7.0010945], [110.3250557, -7.0013394], [110.3249994, -7.001563], [110.3245139, -7.0021886], [110.3241625, -7.002202], [110.3239587, -7.002556], [110.3232881, -7.0028835], [110.3233257, -7.0030113], [110.3236127, -7.0033653], [110.3236422, -7.0035703], [110.3232452, -7.0037886], [110.3231165, -7.0039164], [110.3230856, -7.0041001], [110.3230226, -7.0041826], [110.3227919, -7.0043011], [110.3226444, -7.0046632], [110.3223735, -7.0048508], [110.3222287, -7.0050532], [110.3223065, -7.0053407], [110.3224647, -7.0055031], [110.3222528, -7.005748], [110.3223494, -7.0060754], [110.3224218, -7.0061606], [110.3228563, -7.0064109], [110.3229824, -7.0065679], [110.3230923, -7.0069327], [110.3218129, -7.006166], [110.3206649, -7.0059237], [110.3204665, -7.0058252], [110.3200775, -7.0054472], [110.3199488, -7.0051809], [110.3196591, -7.0047923], [110.3188705, -7.0044515], [110.3178084, -7.0040682], [110.3167999, -7.0037753], [110.3158343, -7.0035144], [110.3144556, -7.0032642], [110.3137261, -7.0030565], [110.3121275, -7.0024975]]]}}, {"type": "Feature", "properties": {"name": "Wonosari", "kecamatan": "Ngaliyan", "osm_id": 8357387}, "geometry": {"type": "Polygon", "coordinates": [[[110.3009534, -6.9735957], [110.3085118, -6.9726692], [110.3117359, -6.9724615], [110.3124869, -6.9724402], [110.3127283, -6.9724775], [110.3136188, -6.9728928], [110.3145683, -6.974011], [110.3150082, -6.9743305], [110.3162312, -6.9749269], [110.3172934, -6.9752464], [110.3183234, -6.97547], [110.323323, -6.9760025], [110.3252649, -6.9759812], [110.3285372, -6.9760451], [110.3296423, -6.9762048], [110.3304148, -6.9764817], [110.3312838, -6.9772804], [110.3310907, -6.9775892], [110.3306937, -6.9785157], [110.3305435, -6.9787607], [110.3301895, -6.9789949], [110.3300178, -6.9797617], [110.3298783, -6.9800066], [110.3293526, -6.980603], [110.3281832, -6.9829458], [110.3284085, -6.9862364], [110.3286016, -6.9866624], [110.3290951, -6.9871949], [110.3291863, -6.9879736], [110.3291917, -6.9882704], [110.3291273, -6.9885367], [110.3287518, -6.9892714], [110.3283656, -6.9896974], [110.3279042, -6.9900062], [110.3273356, -6.9909753], [110.3269172, -6.9913906], [110.3266563, -6.9919551], [110.3263163, -6.9922638], [110.3259287, -6.9927684], [110.3252059, -6.9923916], [110.3249216, -6.9931158], [110.323956, -6.9923331], [110.3220516, -6.9910711], [110.3218907, -6.9907943], [110.321247, -6.9902565], [110.3209519, -6.9896335], [110.3208715, -6.9895909], [110.3201473, -6.9895217], [110.3193694, -6.9895962], [110.3189242, -6.9895483], [110.3165853, -6.9878338], [110.3144824, -6.9878658], [110.3138602, -6.9877593], [110.3128195, -6.9877486], [110.3121328, -6.9876102], [110.3115106, -6.9873227], [110.310781, -6.9870671], [110.3092575, -6.9867582], [110.3081417, -6.9862364], [110.3071761, -6.9859915], [110.3068221, -6.9860022], [110.3066933, -6.9847988], [110.3061998, -6.9839362], [110.3059852, -6.9833718], [110.3056204, -6.9821258], [110.3056526, -6.9819129], [110.3058457, -6.9815082], [110.3057492, -6.9806669], [110.3044081, -6.9804752], [110.300535, -6.9797084], [110.2995586, -6.9806775], [110.2982283, -6.9818596], [110.298121, -6.9821258], [110.2979064, -6.9829991], [110.2977776, -6.9838084], [110.2967584, -6.9836061], [110.2938187, -6.9827541], [110.2938402, -6.9824134], [110.2935398, -6.9823388], [110.2929819, -6.9820939], [110.2927458, -6.9820939], [110.2924883, -6.9821791], [110.2921557, -6.9821152], [110.2918124, -6.9819235], [110.2915549, -6.9817638], [110.2914476, -6.9815614], [110.2914369, -6.9810822], [110.2917212, -6.9802409], [110.2922147, -6.9785104], [110.2922416, -6.9782708], [110.2918231, -6.9779407], [110.2916998, -6.9775733], [110.2915603, -6.9768917], [110.2916193, -6.9766894], [110.2915549, -6.976503], [110.2911848, -6.9759279], [110.2912116, -6.9756777], [110.2911043, -6.97547], [110.2908897, -6.9751079], [110.2904713, -6.97465], [110.2904606, -6.9744583], [110.2896345, -6.9736915], [110.2894628, -6.9731697], [110.2891302, -6.972978], [110.2886796, -6.9728183], [110.2879822, -6.9723604], [110.2876389, -6.9720728], [110.2872956, -6.9715723], [110.2868128, -6.971551], [110.2866304, -6.9714764], [110.2862656, -6.9711144], [110.2859115, -6.9706564], [110.2863192, -6.9699962], [110.2849567, -6.9692933], [110.2853429, -6.9683881], [110.28771, -6.9689166], [110.2899563, -6.969911], [110.2932179, -6.97178], [110.2942908, -6.9722858], [110.2960181, -6.9728715], [110.2978957, -6.9734413], [110.2986038, -6.9736063], [110.2996123, -6.9736383], [110.3009534, -6.9735957]]]}}, {"type": "Feature", "properties": {"name": "Kalipancur", "kecamatan": "Ngaliyan", "osm_id": 8357417}, "geometry": {"type": "Polygon", "coordinates": [[[110.3730941, -7.0027051], [110.3747678, -7.0032269], [110.3751701, -7.0034239], [110.3756154, -7.0037753], [110.3773427, -7.0057134], [110.3785524, -7.0068581], [110.3818488, -7.010697], [110.3822994, -7.011091], [110.387522, -7.0149403], [110.3874515, -7.015171], [110.3877538, -7.016322], [110.3876922, -7.016795], [110.3873826, -7.0174629], [110.3869568, -7.0174881], [110.3855036, -7.017409], [110.3846101, -7.0175817], [110.3837756, -7.017654], [110.3835418, -7.0177604], [110.3832977, -7.0181036], [110.3831497, -7.0189171], [110.3827557, -7.0203304], [110.3825115, -7.0204999], [110.3820949, -7.02055], [110.381957, -7.0204802], [110.3814435, -7.0197132], [110.3811958, -7.01923], [110.3804902, -7.0181038], [110.380286, -7.0178199], [110.3801006, -7.0176653], [110.3796834, -7.0176219], [110.3792425, -7.0177948], [110.3790414, -7.0184748], [110.378937, -7.0191517], [110.3788898, -7.0195118], [110.3789087, -7.0203255], [110.3786839, -7.0212156], [110.378448, -7.0229227], [110.378517, -7.0231783], [110.3783733, -7.023193], [110.3782359, -7.0231265], [110.3773957, -7.0224451], [110.3750794, -7.0207535], [110.3754973, -7.0199612], [110.3755295, -7.019663], [110.3754544, -7.0194075], [110.3751647, -7.0191412], [110.3741455, -7.0184278], [110.3739631, -7.0180764], [110.3739631, -7.0178528], [110.3743708, -7.0162023], [110.3748214, -7.0150203], [110.3752452, -7.0141418], [110.3756851, -7.0129225], [110.3739524, -7.0143494], [110.3735876, -7.0145145], [110.3734696, -7.0144985], [110.3731584, -7.0143281], [110.3707069, -7.0125179], [110.3709751, -7.011682], [110.3711683, -7.010665], [110.3709269, -7.0096587], [110.3698969, -7.0075503], [110.3698003, -7.0072415], [110.3696608, -7.0060648], [110.3686523, -7.0032695], [110.3681105, -7.0022259], [110.3679711, -7.0021407], [110.3678369, -7.001965], [110.3676438, -7.0015817], [110.3671288, -7.0015391], [110.3669411, -7.0014273], [110.366866, -7.0012782], [110.3668392, -7.0007404], [110.3669572, -7.0002293], [110.3670216, -7.0001494], [110.3671503, -7.0001441], [110.3673541, -7.0002239], [110.3686792, -7.0012143], [110.3692853, -7.0012835], [110.3694838, -7.0013687], [110.3700042, -7.0018479], [110.3704226, -7.002391], [110.3705996, -7.0029447], [110.3707981, -7.0032109], [110.3709644, -7.0035464], [110.3713238, -7.0035251], [110.3713667, -7.0032535], [110.3714579, -7.0032216], [110.3717744, -7.003195], [110.3718281, -7.0033387], [110.3718066, -7.0034558], [110.3718817, -7.0035038], [110.371989, -7.0034984], [110.3720856, -7.0032375], [110.3724235, -7.0032269], [110.3725576, -7.0032748], [110.3726488, -7.0031151], [110.3728098, -7.003179], [110.3730136, -7.002982], [110.3730941, -7.0027051]]]}}, {"type": "Feature", "properties": {"name": "Pesantren", "kecamatan": "Mijen", "osm_id": 8361707}, "geometry": {"type": "Polygon", "coordinates": [[[110.3333759, -7.0337826], [110.3303397, -7.0404163], [110.3296423, -7.0413427], [110.3257692, -7.045144], [110.3201956, -7.0503081], [110.3197342, -7.0505477], [110.3193731, -7.0496075], [110.3189412, -7.0488852], [110.3183082, -7.0474424], [110.3180798, -7.0467014], [110.3176045, -7.0455273], [110.3171861, -7.043451], [110.3170091, -7.0420321], [110.317044, -7.0390773], [110.317103, -7.0379753], [110.3150189, -7.0343177], [110.3148311, -7.033575], [110.3146809, -7.0325288], [110.3141686, -7.0302394], [110.313592, -7.0288445], [110.3133211, -7.0279474], [110.3130019, -7.0271009], [110.3124547, -7.0261319], [110.3115937, -7.0249632], [110.3110921, -7.0236988], [110.310494, -7.0225754], [110.3099441, -7.020813], [110.3094077, -7.0199452], [110.3096947, -7.0197935], [110.3107569, -7.0194128], [110.3121543, -7.0191093], [110.3135866, -7.0189283], [110.3151047, -7.0189336], [110.3153568, -7.0189655], [110.3155392, -7.0190454], [110.315963, -7.019072], [110.3167194, -7.0195086], [110.3181142, -7.01986], [110.3195196, -7.0203232], [110.3211451, -7.020057], [110.3213811, -7.0196896], [110.3215098, -7.0195459], [110.3216386, -7.019498], [110.3246802, -7.0197376], [110.3283602, -7.0197216], [110.3289288, -7.0198707], [110.3293902, -7.0199346], [110.3314072, -7.020451], [110.3320026, -7.0205628], [110.3324962, -7.0205948], [110.3348243, -7.0211191], [110.3355807, -7.0212097], [110.336223, -7.0214567], [110.3353929, -7.0231663], [110.3351757, -7.02376], [110.335122, -7.0241087], [110.3350818, -7.025312], [110.3344166, -7.02914], [110.3340948, -7.030684], [110.3333759, -7.0337826]]]}}, {"type": "Feature", "properties": {"name": "Kedungpane", "kecamatan": "Mijen", "osm_id": 8364940}, "geometry": {"type": "Polygon", "coordinates": [[[110.362156, -7.0146316], [110.3624725, -7.0156592], [110.364622, -7.0197231], [110.3639531, -7.0207492], [110.3631418, -7.0215891], [110.3631952, -7.0218023], [110.3631753, -7.0219711], [110.3629392, -7.0221201], [110.362435, -7.0222319], [110.3622944, -7.0223209], [110.3622472, -7.0224689], [110.3622973, -7.0226808], [110.3624659, -7.0229496], [110.3631016, -7.0234033], [110.3635077, -7.0228137], [110.3637211, -7.0222905], [110.3640738, -7.0223544], [110.3642171, -7.022461], [110.3643498, -7.0227226], [110.3644441, -7.023314], [110.3644766, -7.0239255], [110.3644479, -7.0246852], [110.3642223, -7.0254505], [110.3630117, -7.0272713], [110.3628361, -7.0274454], [110.3624861, -7.0275752], [110.3620934, -7.0276243], [110.3617203, -7.0274719], [110.3608422, -7.0269463], [110.3604353, -7.0269037], [110.3603187, -7.0269891], [110.3602709, -7.027148], [110.3602965, -7.0272627], [110.3606446, -7.0277082], [110.3606961, -7.028244], [110.3606812, -7.0290862], [110.3605798, -7.0293703], [110.3603696, -7.0294384], [110.3600958, -7.029395], [110.3599808, -7.0294462], [110.3598993, -7.0295621], [110.3598091, -7.0300451], [110.3597125, -7.0301649], [110.359038, -7.0304977], [110.3586584, -7.0307692], [110.358167, -7.0308344], [110.3577167, -7.0307619], [110.3571957, -7.0305093], [110.3569365, -7.0304923], [110.3568927, -7.0305877], [110.3569164, -7.0307614], [110.3570692, -7.0310906], [110.3575212, -7.0316077], [110.3576444, -7.0318268], [110.3575929, -7.0323109], [110.3574434, -7.0325022], [110.356923, -7.0329148], [110.3561699, -7.0331972], [110.3557965, -7.0332715], [110.3554727, -7.0332335], [110.3550924, -7.0329094], [110.3549233, -7.0326295], [110.3541892, -7.0319381], [110.3539526, -7.0318], [110.3537983, -7.0317728], [110.3536742, -7.0318413], [110.3534791, -7.0323238], [110.3533074, -7.0324915], [110.3528465, -7.0326075], [110.3526131, -7.0327206], [110.3523472, -7.0334026], [110.351278, -7.0341784], [110.3509122, -7.0346395], [110.3505002, -7.0359179], [110.3502019, -7.0365722], [110.3495481, -7.0375147], [110.3490739, -7.0379761], [110.3489086, -7.038009], [110.3485343, -7.0379589], [110.3483803, -7.0378816], [110.3482758, -7.037744], [110.3483479, -7.0374195], [110.3486677, -7.0370899], [110.3490315, -7.0368098], [110.3490207, -7.0366448], [110.3488446, -7.0365565], [110.3484593, -7.0364735], [110.347887, -7.0362251], [110.3473487, -7.03579], [110.3471587, -7.0357], [110.3468168, -7.0356543], [110.3466404, -7.0357861], [110.3464745, -7.0362974], [110.3463189, -7.0373479], [110.346046, -7.0375813], [110.3459245, -7.0378452], [110.345913, -7.0381808], [110.3459404, -7.0383018], [110.3461162, -7.0385826], [110.3462371, -7.0387093], [110.3468395, -7.039109], [110.3470374, -7.0393678], [110.3470148, -7.0397474], [110.3468266, -7.0404512], [110.34665, -7.0407646], [110.3466367, -7.0410178], [110.3469585, -7.0410604], [110.3469205, -7.0412083], [110.3468446, -7.0412636], [110.3464316, -7.041263], [110.3461382, -7.0410299], [110.3459575, -7.0407039], [110.345958, -7.0403394], [110.3458004, -7.0399869], [110.3454965, -7.0398771], [110.3452168, -7.0398646], [110.3450828, -7.0400345], [110.3449354, -7.0410913], [110.3451937, -7.042524], [110.3453199, -7.0436805], [110.3451683, -7.0443326], [110.3443993, -7.0460444], [110.3438588, -7.0467746], [110.3427724, -7.047504], [110.3425363, -7.0476127], [110.3420864, -7.0476557], [110.3416428, -7.04781], [110.3409701, -7.0477829], [110.3404282, -7.0479829], [110.3400195, -7.0482027], [110.3399319, -7.0483291], [110.3399798, -7.0484383], [110.3401805, -7.0486262], [110.3406562, -7.0489542], [110.3413214, -7.0496162], [110.3414475, -7.0500091], [110.3414929, -7.0503387], [110.3415187, -7.0506311], [110.3414788, -7.0508024], [110.3411758, -7.0506436], [110.3405267, -7.0504679], [110.3400922, -7.0504945], [110.3398347, -7.0505743], [110.339089, -7.0509736], [110.338853, -7.0512664], [110.3384507, -7.0515113], [110.3380859, -7.0515486], [110.3370452, -7.0514368], [110.33638, -7.048168], [110.3360984, -7.0472443], [110.3358006, -7.0464643], [110.3357524, -7.0456551], [110.3358328, -7.0451041], [110.3366885, -7.0426923], [110.3350925, -7.0422025], [110.3345212, -7.0417659], [110.3340089, -7.0414971], [110.332936, -7.0410658], [110.3303397, -7.0404163], [110.3333759, -7.0337826], [110.3340948, -7.030684], [110.3347599, -7.0272553], [110.3350818, -7.025312], [110.335122, -7.0241087], [110.3351757, -7.02376], [110.3353929, -7.0231663], [110.3362083, -7.0214919], [110.3375012, -7.0218779], [110.3382871, -7.0219258], [110.3395531, -7.0212683], [110.3422219, -7.020435], [110.3428066, -7.0202913], [110.3431284, -7.0191838], [110.3434932, -7.0191838], [110.3481817, -7.0203765], [110.3484392, -7.0209089], [110.3489649, -7.0217075], [110.3498554, -7.0221228], [110.3508747, -7.0228575], [110.3515881, -7.0226233], [110.3530151, -7.0225754], [110.353353, -7.0225061], [110.35375, -7.0222399], [110.3546083, -7.0207705], [110.3551769, -7.0199559], [110.3555518, -7.0196916], [110.3556919, -7.019498], [110.3558153, -7.0192371], [110.3558421, -7.0190401], [110.3557724, -7.0187366], [110.3557938, -7.0185183], [110.3561318, -7.0183213], [110.3562713, -7.0181776], [110.3563034, -7.0176931], [110.3565127, -7.0174588], [110.3569311, -7.0174162], [110.3571349, -7.0169956], [110.3574407, -7.0169157], [110.3575909, -7.0169104], [110.3582883, -7.0171234], [110.3584117, -7.017118], [110.3589642, -7.0168838], [110.3591734, -7.0167294], [110.3593022, -7.016527], [110.3593397, -7.0160425], [110.3594792, -7.0156592], [110.3596079, -7.0155261], [110.3597635, -7.0154196], [110.3605413, -7.0151055], [110.3613192, -7.0148446], [110.3619039, -7.0147754], [110.362156, -7.0146316]]]}}, {"type": "Feature", "properties": {"name": "Srondol Wetan", "kecamatan": "Banyumanik", "osm_id": 8365379}, "geometry": {"type": "Polygon", "coordinates": [[[110.4144055, -7.074382], [110.4134694, -7.0738976], [110.4120666, -7.0734451], [110.4111922, -7.073304], [110.4111224, -7.0721834], [110.4111654, -7.0717096], [110.4121792, -7.06563], [110.4124474, -7.0643363], [110.4128712, -7.0629308], [110.4132843, -7.0621163], [110.4137295, -7.0615254], [110.414266, -7.0609451], [110.4212612, -7.0575752], [110.4214704, -7.0584589], [110.4215348, -7.0592681], [110.4214007, -7.060237], [110.4210734, -7.0613337], [110.420706, -7.0623506], [110.4229832, -7.06341], [110.42371, -7.0636655], [110.4256922, -7.0643044], [110.4276435, -7.0647542], [110.4276596, -7.0651588], [110.4274906, -7.0654237], [110.4273806, -7.0654969], [110.4268093, -7.0655315], [110.4266685, -7.0654942], [110.4264244, -7.0655661], [110.4263654, -7.0655102], [110.4263279, -7.0652493], [110.4262206, -7.0650736], [110.4259336, -7.0649485], [110.4243994, -7.0653106], [110.4240641, -7.065566], [110.4238656, -7.0658429], [110.4238415, -7.0660559], [110.423938, -7.0662795], [110.4237664, -7.0664152], [110.4237476, -7.0665004], [110.4237878, -7.0666282], [110.4248017, -7.0675026], [110.4248419, -7.0675864], [110.4248165, -7.0676969], [110.4245885, -7.0677967], [110.4245362, -7.0682079], [110.4244597, -7.0682905], [110.4242626, -7.0684382], [110.4241419, -7.0684236], [110.4238173, -7.0682213], [110.4234458, -7.0686644], [110.4229872, -7.0688521], [110.4227404, -7.0686778], [110.4224373, -7.0687722], [110.4223247, -7.0688548], [110.4221302, -7.0688667], [110.4219921, -7.0687137], [110.4217158, -7.0686165], [110.4215066, -7.0686192], [110.4213886, -7.0685207], [110.4213135, -7.0687629], [110.421347, -7.0688947], [110.4215281, -7.0690504], [110.4215475, -7.0691882], [110.4214986, -7.069282], [110.4213282, -7.0693658], [110.4210265, -7.0694084], [110.4209903, -7.0699314], [110.4215294, -7.0699674], [110.4214784, -7.0711666], [110.4207301, -7.0732654], [110.419955, -7.0746402], [110.4194019, -7.0755124], [110.4179057, -7.0751246], [110.4173666, -7.0752018], [110.4164895, -7.0751486], [110.4144055, -7.074382]]]}}, {"type": "Feature", "properties": {"name": "Srondol Kulon", "kecamatan": "Banyumanik", "osm_id": 8403902}, "geometry": {"type": "Polygon", "coordinates": [[[110.4138201, -7.0605916], [110.4131883, -7.0623055], [110.4128712, -7.0629308], [110.4124474, -7.0643363], [110.4121792, -7.06563], [110.4111654, -7.0717096], [110.4111224, -7.0721834], [110.4111922, -7.073304], [110.4111144, -7.0732401], [110.4095721, -7.0731523], [110.4095373, -7.0728555], [110.4089418, -7.0728169], [110.407826, -7.0724043], [110.4081184, -7.0708977], [110.4070347, -7.0706715], [110.4067183, -7.0707859], [110.4063025, -7.07073], [110.4047072, -7.0703609], [110.4046414, -7.0701217], [110.4049282, -7.0694473], [110.4050291, -7.0690758], [110.405151, -7.0681681], [110.4053434, -7.0678784], [110.4056378, -7.0675779], [110.4061337, -7.0671724], [110.4061264, -7.0670523], [110.4056692, -7.0662632], [110.4056367, -7.0660849], [110.4062958, -7.0639266], [110.4063324, -7.0635945], [110.4060895, -7.062822], [110.4058284, -7.0624345], [110.4054665, -7.0616612], [110.4053075, -7.0613993], [110.405014, -7.0610876], [110.4049537, -7.0608878], [110.4050267, -7.0605046], [110.4056507, -7.060064], [110.4057579, -7.0599301], [110.4064796, -7.0581056], [110.4065895, -7.0559168], [110.406427, -7.0555489], [110.4062523, -7.0543147], [110.4057288, -7.0537022], [110.4056414, -7.0534997], [110.4056616, -7.0532174], [110.4057646, -7.053026], [110.4058802, -7.0529391], [110.4066025, -7.0528772], [110.4068173, -7.052776], [110.4069253, -7.0525721], [110.406935, -7.0524106], [110.4068309, -7.0522314], [110.4066294, -7.0520792], [110.4065312, -7.0518735], [110.4064448, -7.0515042], [110.4061542, -7.0509506], [110.4058513, -7.0505644], [110.4057977, -7.0504028], [110.405783, -7.0502097], [110.4059607, -7.049915], [110.4060742, -7.0494366], [110.4060893, -7.048869], [110.4061705, -7.0485514], [110.4061282, -7.0477527], [110.4058465, -7.0473081], [110.4053185, -7.0468561], [110.4049464, -7.0463542], [110.4049582, -7.0461136], [110.4052374, -7.0455173], [110.405266, -7.0452294], [110.4052264, -7.0448964], [110.4048606, -7.0435229], [110.4048603, -7.0432679], [110.4052064, -7.04228], [110.4052998, -7.0418225], [110.4052498, -7.0415304], [110.4051455, -7.0413421], [110.4047567, -7.0409938], [110.4044263, -7.0405998], [110.4044498, -7.0403414], [110.4045217, -7.0401486], [110.4048451, -7.0397056], [110.4049132, -7.0394731], [110.4049262, -7.0390463], [110.4047468, -7.0387659], [110.4047503, -7.0384448], [110.4045645, -7.0381706], [110.4043108, -7.0379146], [110.4043012, -7.0375803], [110.4043969, -7.0371624], [110.4046138, -7.0368834], [110.4050312, -7.0365418], [110.4051331, -7.0369744], [110.4048729, -7.0376532], [110.4048997, -7.038111], [110.405184, -7.0385849], [110.4053986, -7.0391492], [110.4055434, -7.0393888], [110.4057956, -7.039671], [110.4060209, -7.0398413], [110.4063964, -7.0398839], [110.4065359, -7.0400064], [110.4065198, -7.0402992], [110.4064125, -7.0406665], [110.4066753, -7.0413533], [110.4067612, -7.0417952], [110.4067129, -7.0421413], [110.407303, -7.0426151], [110.4077804, -7.0427748], [110.4079091, -7.0429239], [110.4079843, -7.043254], [110.4081237, -7.0433605], [110.4084456, -7.0431315], [110.4088318, -7.0431102], [110.409084, -7.0431688], [110.4095614, -7.0435362], [110.4099852, -7.0432859], [110.4102051, -7.0429452], [110.4105109, -7.0427003], [110.4110151, -7.042482], [110.4114765, -7.0424181], [110.4117501, -7.0423276], [110.4119325, -7.0421253], [110.412206, -7.0419656], [110.4126352, -7.04212], [110.41278, -7.0422744], [110.4128873, -7.0425086], [110.4130778, -7.0426178], [110.4133084, -7.0425858], [110.4135686, -7.0426284], [110.4137054, -7.0428201], [110.4136544, -7.0429425], [110.4133862, -7.0431502], [110.413228, -7.0435708], [110.4133487, -7.0436746], [110.413641, -7.0437518], [110.4141453, -7.0439993], [110.4142016, -7.0441617], [110.4141855, -7.0444306], [110.4138824, -7.0449363], [110.413743, -7.0452771], [110.4136571, -7.0455992], [110.4136974, -7.0457775], [110.4137966, -7.0457456], [110.4151028, -7.0440313], [110.4153174, -7.043813], [110.4156393, -7.0437438], [110.4165459, -7.0437811], [110.4168838, -7.0438662], [110.4188901, -7.0445051], [110.4212612, -7.0453303], [110.4210627, -7.0460118], [110.4207838, -7.0467252], [110.4197377, -7.0485566], [110.4187828, -7.0500792], [110.4183054, -7.0507447], [110.4175329, -7.0516231], [110.4166478, -7.0529807], [110.4161167, -7.0540402], [110.4154086, -7.055813], [110.4138201, -7.0605916]]]}}, {"type": "Feature", "properties": {"name": "Tinjomoyo", "kecamatan": "Banyumanik", "osm_id": 8405133}, "geometry": {"type": "Polygon", "coordinates": [[[110.4133084, -7.0425858], [110.4130778, -7.0426178], [110.4128873, -7.0425086], [110.41278, -7.0422744], [110.4126352, -7.04212], [110.412206, -7.0419656], [110.4119325, -7.0421253], [110.4117501, -7.0423276], [110.4114765, -7.0424181], [110.4110151, -7.042482], [110.4105109, -7.0427003], [110.4102051, -7.0429452], [110.4099852, -7.0432859], [110.4095614, -7.0435362], [110.409084, -7.0431688], [110.4088318, -7.0431102], [110.4084456, -7.0431315], [110.4081237, -7.0433605], [110.4079843, -7.043254], [110.4079091, -7.0429239], [110.4077804, -7.0427748], [110.407303, -7.0426151], [110.4067129, -7.0421413], [110.4067612, -7.0417952], [110.4066753, -7.0413533], [110.4064125, -7.0406665], [110.4065198, -7.0402992], [110.4065359, -7.0400064], [110.4063964, -7.0398839], [110.4060209, -7.0398413], [110.4057956, -7.039671], [110.4055434, -7.0393888], [110.4053986, -7.0391492], [110.405184, -7.0385849], [110.4048997, -7.038111], [110.4048729, -7.0376532], [110.4051331, -7.0369744], [110.4050312, -7.0365418], [110.4051487, -7.0364493], [110.4052884, -7.0361835], [110.4053157, -7.0358821], [110.4052414, -7.0355167], [110.4045335, -7.0349398], [110.4041192, -7.0341969], [110.4040149, -7.033844], [110.4039958, -7.0331677], [110.4039081, -7.0328996], [110.4037536, -7.0326475], [110.4037385, -7.0322996], [110.4038535, -7.0313402], [110.4037808, -7.0307586], [110.4035728, -7.0302196], [110.403387, -7.0291942], [110.4031748, -7.0289368], [110.4025339, -7.0286835], [110.4019863, -7.028065], [110.4024128, -7.0277341], [110.4024833, -7.0274625], [110.4028597, -7.0257482], [110.4028262, -7.0251154], [110.402927, -7.0243854], [110.4030866, -7.0244129], [110.4041229, -7.0250461], [110.4055357, -7.0266508], [110.4063041, -7.0260548], [110.4085576, -7.0283681], [110.4097682, -7.0292641], [110.4112165, -7.030094], [110.4117554, -7.0303326], [110.4124609, -7.0305607], [110.4142306, -7.0309668], [110.4181391, -7.0313122], [110.4178977, -7.0327657], [110.4175276, -7.0342192], [110.417549, -7.0347196], [110.4178172, -7.035268], [110.4180694, -7.0355236], [110.4189652, -7.0359974], [110.4201078, -7.0373337], [110.420891, -7.0384251], [110.4210788, -7.039261], [110.4211646, -7.0399265], [110.4212773, -7.0401714], [110.4220015, -7.0408742], [110.4221892, -7.0413427], [110.4221785, -7.0425565], [110.4220658, -7.0429452], [110.4214489, -7.0445158], [110.4212612, -7.0453303], [110.4188901, -7.0445051], [110.4168838, -7.0438662], [110.4165459, -7.0437811], [110.4156393, -7.0437438], [110.4153174, -7.043813], [110.4151028, -7.0440313], [110.4137966, -7.0457456], [110.4136974, -7.0457775], [110.4136571, -7.0455992], [110.413743, -7.0452771], [110.4138824, -7.0449363], [110.4141855, -7.0444306], [110.4142016, -7.0441617], [110.4141453, -7.0439993], [110.413641, -7.0437518], [110.4133487, -7.0436746], [110.413228, -7.0435708], [110.4133862, -7.0431502], [110.4136544, -7.0429425], [110.4137054, -7.0428201], [110.4135686, -7.0426284], [110.4133084, -7.0425858]]]}}, {"type": "Feature", "properties": {"name": "Sumurboto", "kecamatan": "Banyumanik", "osm_id": 8405452}, "geometry": {"type": "Polygon", "coordinates": [[[110.4210627, -7.0460118], [110.4214489, -7.0445158], [110.4217697, -7.0436895], [110.4231897, -7.0444173], [110.4236215, -7.0446728], [110.4238495, -7.0448938], [110.4243377, -7.0452451], [110.4265854, -7.0464963], [110.4271942, -7.0468955], [110.4280981, -7.0479257], [110.4285541, -7.04853], [110.4288733, -7.0488787], [110.4291147, -7.0490677], [110.4299059, -7.0495442], [110.4319766, -7.0504519], [110.43314, -7.05088], [110.43306, -7.05105], [110.43259, -7.05168], [110.432, -7.05222], [110.43162, -7.05249], [110.4299829, -7.0533779], [110.4241997, -7.0561558], [110.4236382, -7.0565255], [110.4227033, -7.056865], [110.4195124, -7.0584429], [110.4155695, -7.0602849], [110.414266, -7.0609451], [110.4137295, -7.0615254], [110.4131883, -7.0623055], [110.4141265, -7.0597472], [110.4154086, -7.055813], [110.4161167, -7.0540402], [110.4166478, -7.0529807], [110.4175329, -7.0516231], [110.4183054, -7.0507447], [110.4187828, -7.0500792], [110.4197377, -7.0485566], [110.4207838, -7.0467252], [110.4210627, -7.0460118]]]}}, {"type": "Feature", "properties": {"name": "Ngesrep", "kecamatan": "Banyumanik", "osm_id": 8405640}, "geometry": {"type": "Polygon", "coordinates": [[[110.4175276, -7.0342192], [110.4178977, -7.0327657], [110.4181391, -7.0313122], [110.4204458, -7.0314986], [110.4216796, -7.0314453], [110.4261643, -7.0310753], [110.4281732, -7.0310979], [110.4289, -7.03115], [110.42945, -7.0313], [110.42992, -7.03151], [110.43062, -7.03209], [110.43136, -7.03284], [110.4317508, -7.0334265], [110.43236, -7.03474], [110.4328, -7.03595], [110.4332888, -7.0379089], [110.433963, -7.0409431], [110.4348964, -7.0454206], [110.4348803, -7.0461979], [110.43467, -7.04713], [110.43359, -7.04988], [110.43314, -7.05088], [110.4319766, -7.0504519], [110.4299059, -7.0495442], [110.429568, -7.0493552], [110.4288733, -7.0488787], [110.4271942, -7.0468955], [110.4265854, -7.0464963], [110.4243377, -7.0452451], [110.4238495, -7.0448938], [110.4236215, -7.0446728], [110.4231897, -7.0444173], [110.4217697, -7.0436895], [110.4221785, -7.0425565], [110.4221892, -7.0413427], [110.4220015, -7.0408742], [110.4212773, -7.0401714], [110.4211646, -7.0399265], [110.4210788, -7.039261], [110.420891, -7.0384251], [110.4201078, -7.0373337], [110.4189652, -7.0359974], [110.4180694, -7.0355236], [110.4178172, -7.035268], [110.417549, -7.0347196], [110.4175276, -7.0342192]]]}}]}